# Blender 4.3.2
# www.blender.org
mtllib Thought Object_full.mtl
o Thought_Object
v 0.614758 0.488903 -0.081182
v 0.522943 0.532899 -0.146036
v 0.264469 2.549201 0.355176
v 0.441269 2.546124 0.348497
v 0.594246 0.605938 -0.013925
v 0.607874 0.579469 -0.017280
v 0.596144 0.576980 -0.051539
v 0.583728 0.610028 -0.032552
v 0.606993 0.499738 -0.088365
v 0.620912 0.489865 -0.060423
v 0.625385 0.474189 -0.068352
v 0.608219 0.455075 -0.080215
v 0.589942 0.487018 -0.108128
v 0.595504 0.497546 -0.108726
v 0.490281 0.406690 -0.142138
v 0.493683 0.419521 -0.149538
v 0.528233 0.429247 -0.154974
v 0.525129 0.386313 -0.141463
v 0.554212 0.524864 -0.132308
v 0.551723 0.517168 -0.141563
v 0.533590 0.511165 -0.150090
v 0.508449 0.540450 -0.139914
v 0.527996 0.557361 -0.123139
v 0.506435 0.512995 -0.150609
v 0.317961 2.261530 0.296928
v 0.353359 2.248600 0.298121
v 0.339951 2.293723 0.334946
v 0.295658 2.295314 0.311968
v 0.265458 2.507147 0.368993
v 0.315648 2.506816 0.394355
v 0.301201 2.560720 0.366548
v 0.238166 2.567206 0.309905
v 0.223142 2.517495 0.319253
v 0.275912 2.599284 0.311997
v 0.395229 2.559463 0.365677
v 0.421063 2.501109 0.387627
v 0.469956 2.497482 0.353241
v 0.498175 2.512601 0.297197
v 0.451075 2.571919 0.301870
v 0.388515 2.604807 0.312997
v 0.528189 2.256081 0.228038
v 0.535533 2.287799 0.241160
v 0.509639 2.288752 0.285002
v 0.507221 2.246572 0.248174
v 0.509441 2.202510 0.190314
v 0.534564 2.233348 0.180526
v 0.474719 2.286279 0.315431
v 0.475962 2.239298 0.269046
v 0.477125 2.187507 0.208119
v 0.476516 2.168072 0.154126
v 0.506233 2.158629 0.114535
v 0.437823 2.237956 0.286662
v 0.437072 2.183977 0.224718
v 0.425335 2.136460 0.147296
v 0.415428 2.127597 0.096461
v 0.461464 2.125870 0.073185
v 0.393078 2.193347 0.240837
v 0.378489 2.161940 0.176702
v 0.363843 2.139057 0.113957
v 0.347497 2.113285 0.047087
v 0.399422 2.102085 0.029146
v 0.328259 2.184777 0.189604
v 0.311593 2.164498 0.126927
v 0.296675 2.156116 0.070300
v 0.280566 2.126494 0.001985
v 0.332993 2.110067 -0.007597
v 0.260991 2.209930 0.141595
v 0.248073 2.193229 0.077404
v 0.234710 2.176601 0.015732
v 0.220622 2.161213 -0.042682
v 0.266269 2.128861 -0.049031
v 0.204955 2.242820 0.081651
v 0.196575 2.211351 0.010934
v 0.184187 2.191328 -0.048297
v 0.171720 2.211468 -0.090836
v 0.206167 2.149402 -0.097511
v 0.164095 2.288181 0.016148
v 0.159784 2.262504 -0.048297
v 0.149375 2.267019 -0.097830
v 0.137817 2.253965 -0.150784
v 0.158301 2.194507 -0.144595
v 0.145061 2.340252 -0.054112
v 0.143090 2.299389 -0.119450
v 0.132673 2.290015 -0.171505
v 0.120768 2.298183 -0.217147
v 0.123702 2.216788 -0.204575
v 0.151950 2.341058 -0.141467
v 0.142657 2.346987 -0.192195
v 0.129787 2.314468 -0.247270
v 0.115297 2.331297 -0.290730
v 0.103979 2.269415 -0.264753
v 0.164435 2.399031 -0.215218
v 0.151895 2.387718 -0.271782
v 0.134665 2.349965 -0.325698
v 0.113232 2.335448 -0.369872
v 0.092942 2.309971 -0.333899
v 0.182989 2.404968 -0.304453
v 0.167327 2.405981 -0.355744
v 0.145054 2.391792 -0.409724
v 0.113056 2.352511 -0.452994
v 0.084418 2.327758 -0.409834
v 0.207036 2.434099 -0.396591
v 0.183306 2.401814 -0.454861
v 0.149101 2.370542 -0.501481
v 0.103749 2.330100 -0.538788
v 0.075002 2.344868 -0.492796
v 0.234742 2.431326 -0.502389
v 0.190052 2.371209 -0.551586
v 0.140532 2.342169 -0.586990
v 0.087494 2.316877 -0.625347
v 0.058140 2.332838 -0.577275
v 0.234660 2.356375 -0.594981
v 0.176900 2.329024 -0.633230
v 0.114507 2.285793 -0.665966
v 0.054356 2.247412 -0.693800
v 0.029667 2.274078 -0.652464
v 0.212114 2.300206 -0.671504
v 0.141571 2.255745 -0.701430
v 0.074473 2.205407 -0.724555
v 0.020186 2.201842 -0.762063
v -0.002510 2.221294 -0.722785
v 0.160070 2.202788 -0.720474
v 0.099116 2.188338 -0.755480
v 0.032587 2.146962 -0.779084
v -0.025323 2.141924 -0.817331
v -0.041169 2.170415 -0.788241
v 0.105570 2.120952 -0.756689
v 0.038944 2.084076 -0.780150
v -0.021887 2.069828 -0.812775
v -0.088104 2.033524 -0.838861
v -0.094325 2.085241 -0.834430
v 0.044908 2.039459 -0.773174
v -0.018690 2.018142 -0.801353
v -0.082883 1.999542 -0.837348
v -0.152887 1.955265 -0.866373
v -0.150999 2.010550 -0.880354
v -0.018218 1.976419 -0.776806
v -0.083962 1.950192 -0.805909
v -0.154829 1.903861 -0.827705
v -0.232373 1.872346 -0.868759
v -0.229532 1.932554 -0.921311
v -0.087386 1.911003 -0.761507
v -0.156207 1.872639 -0.782093
v -0.230695 1.819270 -0.787119
v -0.315634 1.784099 -0.803595
v -0.320954 1.816715 -0.875424
v -0.160196 1.825255 -0.708160
v -0.234125 1.814029 -0.738296
v -0.303393 1.773152 -0.729189
v -0.379844 1.743643 -0.716388
v -0.397332 1.751264 -0.800569
v -0.229396 1.793793 -0.660339
v -0.300359 1.778086 -0.664690
v -0.362961 1.753523 -0.644917
v -0.427482 1.739574 -0.624257
v -0.452701 1.725633 -0.699741
v -0.292760 1.787999 -0.599201
v -0.357673 1.779100 -0.589821
v -0.421220 1.772011 -0.576391
v -0.481802 1.765361 -0.559696
v -0.493273 1.732339 -0.605431
v -0.352365 1.813814 -0.543447
v -0.405258 1.794631 -0.525457
v -0.460490 1.784976 -0.508159
v -0.521881 1.787520 -0.496038
v -0.543575 1.762862 -0.545300
v -0.400167 1.834201 -0.486897
v -0.453915 1.826400 -0.472631
v -0.506427 1.818717 -0.457046
v -0.569473 1.828503 -0.448892
v -0.570251 1.773807 -0.475079
v -0.448729 1.871167 -0.446172
v -0.505589 1.875092 -0.437356
v -0.562308 1.877862 -0.427997
v -0.611347 1.869385 -0.414388
v -0.623308 1.824121 -0.435335
v -0.501493 1.925032 -0.426202
v -0.551446 1.920367 -0.415341
v -0.593501 1.905177 -0.400698
v -0.651023 1.917611 -0.397205
v -0.647856 1.848245 -0.394682
v -0.555843 1.984977 -0.427433
v -0.603015 1.979330 -0.418272
v -0.652375 1.981322 -0.412432
v -0.686976 1.965167 -0.397967
v -0.695202 1.914461 -0.386100
v -0.599433 2.023458 -0.442488
v -0.652355 2.032905 -0.441292
v -0.689518 2.019582 -0.428896
v -0.740930 2.035127 -0.427175
v -0.720823 1.956223 -0.383744
v -0.665124 2.093632 -0.492451
v -0.699888 2.071835 -0.475872
v -0.732825 2.056453 -0.458947
v -0.787876 2.084015 -0.459155
v -0.781958 2.041585 -0.416340
v -0.719145 2.125026 -0.538908
v -0.747954 2.094979 -0.513088
v -0.793842 2.105473 -0.504236
v -0.840886 2.132089 -0.495509
v -0.806618 2.068041 -0.428614
v -0.779294 2.145144 -0.587167
v -0.815860 2.132834 -0.563655
v -0.862762 2.154765 -0.553469
v -0.880974 2.148680 -0.514361
v -0.850477 2.113913 -0.453422
v -0.840138 2.144881 -0.624175
v -0.895835 2.176154 -0.620278
v -0.918609 2.175371 -0.579585
v -0.943405 2.204844 -0.554126
v -0.905916 2.174512 -0.486877
v -0.924327 2.164306 -0.671203
v -0.954915 2.175474 -0.635890
v -0.997987 2.225521 -0.621428
v -1.015216 2.235995 -0.576161
v -0.975123 2.254810 -0.529507
v -1.001100 2.166195 -0.682240
v -1.035772 2.196122 -0.648954
v -1.043652 2.233111 -0.615137
v -1.071853 2.268550 -0.602487
v -1.027718 2.282651 -0.544352
v -1.093847 2.184015 -0.697415
v -1.124946 2.237765 -0.682728
v -1.172654 2.284256 -0.644961
v -1.233259 2.268788 -0.605795
v -1.137931 2.334806 -0.570134
v -1.208289 2.151538 -0.671866
v -1.276497 2.181368 -0.615596
v -1.240088 2.241707 -0.599299
v -1.303583 2.249530 -0.562050
v -1.223712 2.330463 -0.561620
v -1.266563 2.071052 -0.568725
v -1.319972 2.172170 -0.584528
v -1.362906 2.167279 -0.485587
v -1.396291 2.222916 -0.433461
v -1.308523 2.283192 -0.514813
v -1.334252 2.039876 -0.442013
v -1.352681 2.056662 -0.374703
v -1.383839 2.091557 -0.337822
v -1.413943 2.123765 -0.275097
v -1.404462 2.189743 -0.323008
v -1.309764 1.983110 -0.294456
v -1.365532 2.026681 -0.253345
v -1.360720 2.025672 -0.174488
v -1.381971 2.054986 -0.119721
v -1.414859 2.130564 -0.194707
v -1.290216 1.954390 -0.175057
v -1.308117 1.970247 -0.117411
v -1.344279 2.003034 -0.061341
v -1.356327 2.027773 0.008508
v -1.383379 2.074198 -0.043246
v -1.269506 1.935760 -0.068729
v -1.309627 1.967915 -0.012958
v -1.309568 1.981831 0.054550
v -1.313963 2.005219 0.120317
v -1.365640 2.058269 0.077558
v -1.250331 1.931614 0.027241
v -1.277766 1.960638 0.085386
v -1.241644 1.952647 0.153781
v -1.228323 1.962816 0.218082
v -1.272735 1.997430 0.192362
v -1.187808 1.914867 0.112984
v -1.169962 1.916783 0.172033
v -1.164756 1.931321 0.231723
v -1.158284 1.946083 0.292025
v -1.203930 1.966341 0.281914
v -1.144579 1.929853 0.174794
v -1.123807 1.931057 0.232233
v -1.103710 1.934626 0.289173
v -1.088824 1.942357 0.346655
v -1.156147 1.963493 0.353396
v -1.044723 1.916693 0.220068
v -1.043965 1.932300 0.274064
v -1.047685 1.952094 0.330286
v -1.030089 1.956926 0.384340
v -1.049126 1.932485 0.400280
v -1.024360 1.968864 0.252421
v -0.989140 1.957959 0.301844
v -0.975436 1.964419 0.352680
v -0.941458 1.956073 0.398173
v -0.996691 1.950583 0.433959
v -0.961833 1.992356 0.270098
v -0.947254 1.996466 0.318431
v -0.942948 2.009294 0.368041
v -0.933119 2.018235 0.416322
v -0.932431 1.967121 0.447726
v -0.936948 2.043730 0.282904
v -0.940203 2.061434 0.332197
v -0.915503 2.056429 0.376966
v -0.895341 2.056781 0.421745
v -0.887143 1.999866 0.454525
v -0.922968 2.096803 0.293913
v -0.923999 2.112156 0.342897
v -0.890116 2.098892 0.385781
v -0.884705 2.113097 0.434423
v -0.865504 2.051071 0.464077
v -0.945893 2.170478 0.312818
v -0.921987 2.164611 0.360023
v -0.890568 2.155338 0.404695
v -0.882474 2.169951 0.454497
v -0.844113 2.099860 0.474723
v -0.961004 2.224357 0.339437
v -0.907605 2.194314 0.383919
v -0.901149 2.210556 0.435119
v -0.857238 2.196244 0.479260
v -0.823656 2.142908 0.491708
v -0.959372 2.251224 0.375348
v -0.959268 2.272592 0.430359
v -0.929624 2.270799 0.482932
v -0.869778 2.243629 0.528965
v -0.848423 2.214975 0.535428
v -0.979594 2.286677 0.428060
v -0.966306 2.299281 0.486551
v -0.944622 2.305710 0.545831
v -0.879711 2.275312 0.593682
v -0.853336 2.256047 0.587716
v -1.025400 2.333725 0.503571
v -0.979668 2.319464 0.561653
v -0.940344 2.311041 0.619643
v -0.904497 2.305645 0.678208
v -0.841365 2.268204 0.648002
v -1.023556 2.327652 0.589872
v -1.003280 2.334810 0.655377
v -0.954610 2.318915 0.713205
v -0.907951 2.304893 0.770242
v -0.836543 2.273661 0.723327
v -0.999335 2.294551 0.682456
v -0.981304 2.303298 0.749953
v -0.938975 2.293268 0.809964
v -0.871640 2.264410 0.858133
v -0.859008 2.289343 0.825488
v -1.011165 2.283738 0.795932
v -0.967374 2.273391 0.857185
v -0.928968 2.267349 0.921601
v -0.847434 2.230684 0.963818
v -0.850783 2.271926 0.929925
v -0.945048 2.214287 0.888110
v -0.921247 2.219663 0.959781
v -0.832337 2.179548 0.996408
v -0.800229 2.181266 1.069534
v -0.799543 2.219913 1.024676
v -0.907219 2.168578 0.997666
v -0.851807 2.153552 1.055564
v -0.775022 2.125102 1.100050
v -0.712078 2.108821 1.156989
v -0.731474 2.159159 1.120042
v -0.806264 2.085770 1.072072
v -0.761917 2.080816 1.140980
v -0.716835 2.078145 1.218001
v -0.614867 2.040848 1.243563
v -0.667410 2.109797 1.235404
v -0.731041 2.030236 1.164549
v -0.640060 1.997329 1.197047
v -0.578912 1.988954 1.262417
v -0.512264 1.982340 1.323488
v -0.538626 2.026296 1.291382
v -0.631441 1.970564 1.235927
v -0.529154 1.934230 1.253066
v -0.463739 1.928617 1.312596
v -0.376262 1.909674 1.331579
v -0.421720 1.961353 1.343388
v -0.497461 1.899871 1.250978
v -0.410951 1.878028 1.274137
v -0.332804 1.864782 1.299592
v -0.263538 1.859087 1.332406
v -0.308209 1.905924 1.372225
v -0.367457 1.840719 1.224499
v -0.301637 1.835209 1.262494
v -0.220637 1.817385 1.262680
v -0.150771 1.808640 1.280258
v -0.186511 1.845595 1.342292
v -0.268397 1.809686 1.193537
v -0.193757 1.794199 1.196281
v -0.136441 1.796359 1.237751
v -0.061530 1.779262 1.229094
v -0.083842 1.802248 1.302094
v -0.185450 1.794266 1.146436
v -0.134004 1.800609 1.193852
v -0.052505 1.773392 1.157292
v 0.009638 1.768293 1.175409
v 0.008477 1.765834 1.227192
v -0.119873 1.794661 1.094250
v -0.058596 1.789087 1.104290
v 0.003821 1.781094 1.112324
v 0.067855 1.770158 1.114257
v 0.076464 1.756061 1.174294
v -0.073284 1.820688 1.063507
v -0.012391 1.812723 1.075681
v 0.045693 1.804666 1.082655
v 0.109897 1.790129 1.071578
v 0.132677 1.758384 1.115666
v -0.029784 1.844792 0.997182
v 0.035822 1.828313 1.012159
v 0.089364 1.824604 1.014613
v 0.151588 1.818582 1.019348
v 0.177240 1.780132 1.084688
v -0.015763 1.888426 0.944656
v 0.067560 1.877391 0.953921
v 0.120524 1.891294 0.970134
v 0.149966 1.885179 0.993227
v 0.209921 1.816752 1.053151
v 0.048351 1.948348 0.910762
v 0.082884 1.978428 0.935650
v 0.109786 1.929846 0.959044
v 0.157858 1.945907 0.967675
v 0.214075 1.856199 1.005565
v 0.028632 2.034330 0.908966
v 0.064387 2.014109 0.914138
v 0.138441 2.024938 0.976580
v 0.169045 2.016278 1.006514
v 0.224683 1.938268 1.013041
v 0.013190 2.143284 0.970912
v 0.071460 2.113919 1.000110
v 0.122371 2.088256 1.033511
v 0.175989 2.059670 1.053251
v 0.211898 1.994484 1.027904
v 0.021718 2.176670 1.077137
v 0.087729 2.139715 1.095324
v 0.155673 2.102530 1.105165
v 0.219209 2.076728 1.113780
v 0.229129 2.040587 1.071002
v 0.079287 2.157064 1.172915
v 0.152951 2.118438 1.160832
v 0.212356 2.112307 1.213248
v 0.278508 2.082413 1.158377
v 0.274847 2.063852 1.113839
v 0.162476 2.124957 1.265301
v 0.234105 2.098452 1.232310
v 0.290721 2.094593 1.226600
v 0.347106 2.094902 1.220036
v 0.330970 2.078983 1.146649
v 0.256134 2.088171 1.291464
v 0.318535 2.088888 1.294583
v 0.383069 2.074488 1.248996
v 0.438757 2.077658 1.237061
v 0.407016 2.073585 1.157957
v 0.357317 2.070289 1.365023
v 0.421785 2.067556 1.340696
v 0.487106 2.043282 1.259933
v 0.544851 2.030405 1.204350
v 0.493490 2.076796 1.211641
v 0.477333 2.020983 1.360508
v 0.539952 2.018541 1.330837
v 0.600028 2.001786 1.260716
v 0.655400 1.989665 1.198988
v 0.598635 2.039502 1.197616
v 0.598574 1.949601 1.298465
v 0.658342 1.947514 1.265506
v 0.713989 1.938309 1.208257
v 0.764914 1.931814 1.150913
v 0.707541 1.988687 1.159343
v 0.717916 1.899487 1.292754
v 0.776757 1.897149 1.252323
v 0.829110 1.891836 1.194017
v 0.865161 1.875649 1.094323
v 0.818462 1.950423 1.150756
v 0.816811 1.825177 1.194495
v 0.870314 1.824636 1.150267
v 0.910956 1.819993 1.081522
v 0.960380 1.835633 1.065896
v 0.914565 1.894202 1.085657
v 0.893689 1.763062 1.099147
v 0.949180 1.774254 1.082072
v 0.975067 1.768060 0.997808
v 1.010218 1.774225 0.951095
v 0.978678 1.823295 0.964942
v 0.945013 1.715804 1.008247
v 0.989103 1.725153 0.976992
v 1.020708 1.729364 0.924357
v 1.031685 1.719444 0.829925
v 1.036287 1.773637 0.884399
v 0.976735 1.687120 0.935888
v 0.999247 1.685604 0.867321
v 1.021532 1.684890 0.802510
v 1.054912 1.690742 0.757776
v 1.063425 1.723734 0.779156
v 0.965896 1.659558 0.826024
v 0.982296 1.655167 0.753943
v 1.008521 1.656869 0.701005
v 1.027829 1.653924 0.635823
v 1.070566 1.684366 0.678834
v 0.939610 1.647864 0.730785
v 0.964376 1.648577 0.678056
v 0.996808 1.654146 0.637791
v 1.017666 1.653239 0.577958
v 1.073865 1.666619 0.610127
v 0.918371 1.663474 0.676835
v 0.945618 1.666251 0.630536
v 0.948241 1.653599 0.544884
v 0.972255 1.658969 0.501085
v 1.041212 1.656485 0.525553
v 0.870912 1.679489 0.593664
v 0.905192 1.691177 0.568663
v 0.906950 1.681644 0.493831
v 0.911548 1.679412 0.436315
v 0.990742 1.666119 0.457478
v 0.827909 1.712351 0.533733
v 0.857241 1.726651 0.513983
v 0.862025 1.723573 0.458689
v 0.868817 1.728558 0.420381
v 0.913784 1.680381 0.387265
v 0.804794 1.773785 0.522908
v 0.810674 1.769628 0.470301
v 0.822074 1.779984 0.444010
v 0.805890 1.766232 0.377942
v 0.859344 1.723467 0.366688
v 0.773668 1.827254 0.493187
v 0.776649 1.826074 0.448606
v 0.770590 1.823353 0.401638
v 0.758297 1.820674 0.354933
v 0.796329 1.767089 0.337044
v 0.743621 1.868361 0.445146
v 0.739938 1.867825 0.401466
v 0.731652 1.870933 0.362185
v 0.718153 1.873477 0.320224
v 0.743218 1.820978 0.311158
v 0.745079 1.945665 0.451657
v 0.728130 1.930771 0.383421
v 0.711057 1.925444 0.328212
v 0.691678 1.920774 0.273054
v 0.700439 1.873009 0.272007
v 0.732547 1.968826 0.381945
v 0.725497 1.983087 0.348348
v 0.700797 1.964354 0.273731
v 0.683942 1.963549 0.220397
v 0.675443 1.922007 0.223887
v 0.745915 2.012609 0.343211
v 0.735270 2.022885 0.299282
v 0.711485 2.005295 0.224078
v 0.696433 2.006711 0.169143
v 0.667935 1.964930 0.167643
v 0.774644 2.052263 0.302294
v 0.749723 2.032887 0.222005
v 0.736008 2.036222 0.166810
v 0.716614 2.028275 0.099940
v 0.685017 2.015993 0.119680
v 0.799735 2.053247 0.222704
v 0.779250 2.044344 0.152322
v 0.769851 2.056286 0.103346
v 0.754160 2.055427 0.038116
v 0.698271 2.023248 0.035680
v 0.835165 2.054874 0.148129
v 0.831170 2.071479 0.101007
v 0.805368 2.055768 0.015963
v 0.793977 2.064345 -0.039826
v 0.733168 2.046016 -0.032450
v 0.900267 2.062239 0.078530
v 0.873886 2.058946 0.002806
v 0.873112 2.060745 -0.062696
v 0.833289 2.049222 -0.137131
v 0.770219 2.038380 -0.132085
v 0.947120 2.040925 -0.029957
v 0.946968 2.035499 -0.094419
v 0.920338 2.043075 -0.132721
v 0.928256 2.029860 -0.220272
v 0.820650 2.051481 -0.197654
v 1.028059 2.000549 -0.123279
v 1.024921 1.984945 -0.202541
v 1.018561 1.966336 -0.268699
v 0.990217 1.961412 -0.332889
v 0.878146 2.020575 -0.292703
v 1.087618 1.913600 -0.240509
v 1.077987 1.894344 -0.305990
v 1.052044 1.879746 -0.367612
v 1.025723 1.884146 -0.399664
v 0.955418 1.932919 -0.419563
v 1.103235 1.796337 -0.356883
v 1.082919 1.817847 -0.380438
v 1.049554 1.760824 -0.456420
v 0.995265 1.730219 -0.533333
v 0.959870 1.865230 -0.511823
v 1.069274 1.679395 -0.426783
v 0.994115 1.636200 -0.503149
v 0.933537 1.627204 -0.554913
v 0.878154 1.621987 -0.606950
v 0.917262 1.726730 -0.619160
v 0.934393 1.568926 -0.472583
v 0.904963 1.575579 -0.528814
v 0.831759 1.566625 -0.591203
v 0.765100 1.565020 -0.645299
v 0.813190 1.624301 -0.672125
v 0.826068 1.536670 -0.491765
v 0.766175 1.534792 -0.548245
v 0.725449 1.536227 -0.606000
v 0.674342 1.534696 -0.658782
v 0.698971 1.561141 -0.695155
v 0.714177 1.531718 -0.504212
v 0.665865 1.525260 -0.559348
v 0.614865 1.514220 -0.609541
v 0.577760 1.506778 -0.656958
v 0.598266 1.514414 -0.699412
v 0.620885 1.531816 -0.517978
v 0.589677 1.523970 -0.567158
v 0.537633 1.504053 -0.608671
v 0.490503 1.487583 -0.646086
v 0.508312 1.478392 -0.691233
v 0.536359 1.530077 -0.523553
v 0.505016 1.521285 -0.563828
v 0.452839 1.497440 -0.596512
v 0.409237 1.483888 -0.628443
v 0.429080 1.462115 -0.674469
v 0.458481 1.537382 -0.522946
v 0.425047 1.528188 -0.556268
v 0.378853 1.509522 -0.584048
v 0.333703 1.495139 -0.610571
v 0.352133 1.460743 -0.652834
v 0.398164 1.568417 -0.524545
v 0.357503 1.553712 -0.551873
v 0.314554 1.539496 -0.577118
v 0.266604 1.521271 -0.599127
v 0.277095 1.469899 -0.629658
v 0.340529 1.607801 -0.532560
v 0.289588 1.579618 -0.553829
v 0.249545 1.569459 -0.577535
v 0.201987 1.547851 -0.595055
v 0.219420 1.506362 -0.619609
v 0.281314 1.639879 -0.551387
v 0.233615 1.614020 -0.571394
v 0.196750 1.608756 -0.595778
v 0.150719 1.585901 -0.609414
v 0.160139 1.537641 -0.612869
v 0.236971 1.680778 -0.589892
v 0.193242 1.661515 -0.611670
v 0.153728 1.653704 -0.633602
v 0.106594 1.629648 -0.641304
v 0.113001 1.586278 -0.626601
v 0.194975 1.706644 -0.641969
v 0.154714 1.699416 -0.666125
v 0.107343 1.678266 -0.676754
v 0.060192 1.661989 -0.679915
v 0.061001 1.612246 -0.641981
v 0.159090 1.732503 -0.709552
v 0.104937 1.699164 -0.714885
v 0.059821 1.695940 -0.726277
v 0.011408 1.691794 -0.727976
v 0.011795 1.643869 -0.672645
v 0.112181 1.728886 -0.773116
v 0.058437 1.710763 -0.775562
v 0.008305 1.713575 -0.783099
v -0.048615 1.692024 -0.767478
v -0.039630 1.688894 -0.724130
v 0.061782 1.727816 -0.841572
v 0.002777 1.718079 -0.840315
v -0.056117 1.700352 -0.823838
v -0.114656 1.694195 -0.818352
v -0.102971 1.689104 -0.760366
v 0.004677 1.721306 -0.914172
v -0.064922 1.712291 -0.907623
v -0.129741 1.692255 -0.885403
v -0.193152 1.677026 -0.870605
v -0.173503 1.677374 -0.799883
v -0.081687 1.671526 -0.968278
v -0.149713 1.667433 -0.954292
v -0.211582 1.641051 -0.916487
v -0.272695 1.640095 -0.908273
v -0.253375 1.659547 -0.845508
v -0.167022 1.615900 -1.006912
v -0.233895 1.610723 -0.980523
v -0.303000 1.594398 -0.955180
v -0.369218 1.578955 -0.931984
v -0.343090 1.629559 -0.889302
v -0.257639 1.535371 -1.010945
v -0.328659 1.530912 -0.991877
v -0.391832 1.520729 -0.956927
v -0.465252 1.512428 -0.937470
v -0.434432 1.573739 -0.905216
v -0.340731 1.451892 -0.984091
v -0.414391 1.444629 -0.964345
v -0.487844 1.429651 -0.924449
v -0.544765 1.420793 -0.879285
v -0.539327 1.492365 -0.894565
v -0.412692 1.366343 -0.918998
v -0.481582 1.363512 -0.898664
v -0.558832 1.361520 -0.862568
v -0.625380 1.351737 -0.799572
v -0.626248 1.417045 -0.834224
v -0.472201 1.308628 -0.851985
v -0.542640 1.302259 -0.812413
v -0.616010 1.301042 -0.762457
v -0.675290 1.298153 -0.691436
v -0.694864 1.348966 -0.729510
v -0.523641 1.265263 -0.765248
v -0.588379 1.261890 -0.714203
v -0.648128 1.260602 -0.653013
v -0.685183 1.258145 -0.576029
v -0.731103 1.300620 -0.614729
v -0.545480 1.238830 -0.662797
v -0.597336 1.234786 -0.607531
v -0.644601 1.234397 -0.545945
v -0.668298 1.236708 -0.474104
v -0.705857 1.260949 -0.496757
v -0.544174 1.225071 -0.566661
v -0.587731 1.224354 -0.515008
v -0.615766 1.226629 -0.451757
v -0.607618 1.223810 -0.378990
v -0.667157 1.236741 -0.397938
v -0.525002 1.230581 -0.484890
v -0.547207 1.230267 -0.428150
v -0.559936 1.230793 -0.365858
v -0.573062 1.233187 -0.302598
v -0.625009 1.228119 -0.313269
v -0.500740 1.254722 -0.410998
v -0.510127 1.252388 -0.353940
v -0.520543 1.253128 -0.294798
v -0.517211 1.250658 -0.235863
v -0.563422 1.229967 -0.240982
v -0.463359 1.285603 -0.343504
v -0.471907 1.285078 -0.289298
v -0.472663 1.283148 -0.234055
v -0.486262 1.287511 -0.176583
v -0.517567 1.250037 -0.178492
v -0.438116 1.329729 -0.286872
v -0.441616 1.328109 -0.234584
v -0.445415 1.327221 -0.181428
v -0.451625 1.327457 -0.127296
v -0.484406 1.284935 -0.122058
v -0.424911 1.382242 -0.238607
v -0.434316 1.383885 -0.185988
v -0.441670 1.383674 -0.132353
v -0.443187 1.379702 -0.080213
v -0.466533 1.332120 -0.068490
v -0.427943 1.436757 -0.196388
v -0.436522 1.436165 -0.144124
v -0.445622 1.436356 -0.091033
v -0.455890 1.438701 -0.036676
v -0.450982 1.380895 -0.025014
v -0.454664 1.492413 -0.158047
v -0.466912 1.493521 -0.104904
v -0.478705 1.495790 -0.051141
v -0.477766 1.490067 -0.001752
v -0.458564 1.436785 0.014788
v -0.497343 1.541742 -0.123120
v -0.519888 1.551458 -0.067338
v -0.529899 1.552416 -0.013487
v -0.527728 1.547299 0.037013
v -0.487837 1.495444 0.052989
v -0.558305 1.588317 -0.088735
v -0.571797 1.591044 -0.033909
v -0.573060 1.587148 0.018765
v -0.582793 1.593128 0.074928
v -0.524732 1.543962 0.087420
v -0.623066 1.621362 -0.053568
v -0.625461 1.617569 0.000867
v -0.642685 1.628577 0.059981
v -0.649042 1.632812 0.118413
v -0.593555 1.601275 0.133722
v -0.681983 1.634524 -0.014577
v -0.686205 1.635133 0.042898
v -0.709084 1.651499 0.106349
v -0.689341 1.637502 0.159049
v -0.648813 1.632910 0.175565
v -0.747734 1.639593 0.035415
v -0.769669 1.655084 0.099897
v -0.746648 1.641200 0.154787
v -0.759198 1.653768 0.213625
v -0.719047 1.664072 0.226093
v -0.799213 1.625193 0.096269
v -0.820138 1.643714 0.160254
v -0.805052 1.642027 0.212197
v -0.855267 1.685834 0.269131
v -0.768528 1.672539 0.270846
v -0.844049 1.601952 0.164180
v -0.881075 1.639050 0.223408
v -0.905246 1.651501 0.281825
v -0.952711 1.681797 0.351100
v -0.878941 1.716515 0.341032
v -0.926927 1.587485 0.249112
v -0.948830 1.614843 0.312128
v -0.981433 1.622923 0.379735
v -0.994641 1.665135 0.425609
v -0.954577 1.708093 0.434506
v -0.957491 1.544005 0.336748
v -0.985076 1.571682 0.397458
v -1.021565 1.581079 0.513908
v -0.981257 1.534640 0.636988
v -1.011840 1.673294 0.538758
v -0.980062 1.497404 0.465162
v -0.946040 1.448172 0.588696
v -0.953126 1.480212 0.645259
v -0.900503 1.454796 0.745120
v -0.961555 1.560404 0.699934
v -0.879197 1.384286 0.597271
v -0.865946 1.382743 0.684482
v -0.808492 1.362791 0.744365
v -0.792466 1.386388 0.825610
v -0.878232 1.497944 0.782807
v -0.761008 1.309714 0.686291
v -0.726621 1.311209 0.746794
v -0.673181 1.303024 0.809782
v -0.621864 1.310820 0.888984
v -0.710896 1.378354 0.904677
v -0.642093 1.265290 0.735386
v -0.595310 1.264014 0.797408
v -0.548804 1.268084 0.861334
v -0.489983 1.270202 0.890773
v -0.539916 1.301793 0.905454
v -0.512693 1.241765 0.734752
v -0.478142 1.243275 0.804471
v -0.434918 1.244379 0.867220
v -0.375607 1.239504 0.899436
v -0.440309 1.270850 0.963553
v -0.433444 1.235400 0.781683
v -0.381565 1.231351 0.815226
v -0.327838 1.224935 0.848210
v -0.283563 1.222351 0.917011
v -0.319795 1.235278 0.951871
v -0.336511 1.230683 0.757701
v -0.295032 1.226979 0.809930
v -0.248190 1.222002 0.854362
v -0.192037 1.213951 0.878417
v -0.213242 1.210003 0.911991
v -0.268872 1.243064 0.762393
v -0.227706 1.239467 0.808127
v -0.174380 1.230655 0.823625
v -0.123371 1.224585 0.861553
v -0.133803 1.206394 0.907977
v -0.217085 1.270440 0.765622
v -0.174946 1.266196 0.805236
v -0.115928 1.252238 0.788516
v -0.066951 1.249389 0.833138
v -0.062504 1.212950 0.846804
v -0.168632 1.302101 0.735999
v -0.126081 1.300899 0.775001
v -0.075087 1.290837 0.783373
v -0.026280 1.287468 0.810884
v -0.013220 1.241016 0.839884
v -0.143667 1.352630 0.750097
v -0.093911 1.346152 0.765250
v -0.048615 1.341618 0.792422
v 0.002356 1.332111 0.781447
v 0.022976 1.279507 0.822025
v -0.120212 1.402698 0.749750
v -0.069727 1.396951 0.765501
v -0.026309 1.397821 0.806567
v 0.025921 1.385073 0.804989
v 0.054070 1.325700 0.800355
v -0.109734 1.462417 0.805947
v -0.059493 1.454184 0.821766
v -0.003135 1.441348 0.824530
v 0.052617 1.430055 0.842264
v 0.076481 1.377266 0.829687
v -0.092075 1.503797 0.855748
v -0.036011 1.494381 0.877900
v 0.027759 1.475557 0.869875
v 0.086623 1.465821 0.899155
v 0.104750 1.423062 0.873452
v -0.062822 1.529051 0.912486
v 0.000896 1.518419 0.938613
v 0.069007 1.503024 0.950526
v 0.135243 1.491268 0.970588
v 0.146499 1.451732 0.908159
v -0.015644 1.534797 0.962641
v 0.053589 1.527645 1.003762
v 0.128902 1.511221 1.010213
v 0.201538 1.494116 1.008675
v 0.200518 1.470901 0.950916
v 0.040681 1.540904 1.067784
v 0.127114 1.517084 1.053501
v 0.209164 1.501717 1.062847
v 0.293766 1.480933 1.056550
v 0.274868 1.470043 0.983956
v 0.121401 1.526033 1.149947
v 0.223338 1.505064 1.147171
v 0.322291 1.474054 1.116938
v 0.411169 1.446309 1.084414
v 0.375369 1.454071 1.027852
v 0.250104 1.487471 1.235791
v 0.363754 1.450751 1.167706
v 0.458049 1.421378 1.131145
v 0.518891 1.389106 1.047720
v 0.490509 1.408566 1.019807
v 0.401508 1.419936 1.236322
v 0.494286 1.392260 1.196677
v 0.577750 1.364642 1.148006
v 0.674494 1.325309 1.102287
v 0.601766 1.370789 1.031780
v 0.577680 1.315193 1.248139
v 0.650083 1.289539 1.176155
v 0.757039 1.239105 1.135696
v 0.859730 1.196707 1.063352
v 0.762155 1.300675 1.046949
v 0.718172 1.192365 1.203942
v 0.825231 1.142581 1.113698
v 0.910617 1.114175 1.062378
v 0.986766 1.090402 1.025149
v 0.903278 1.186379 1.058416
v 0.825644 1.055238 1.077321
v 0.913302 1.045774 1.030474
v 0.957524 1.031152 1.024586
v 1.088547 0.958052 0.930909
v 1.042038 1.074885 0.997090
v 0.867566 1.002792 1.018030
v 0.965927 0.915729 0.905811
v 1.021364 0.886662 0.858957
v 1.120977 0.870801 0.809464
v 1.171715 0.919629 0.819765
v 0.870178 0.910802 0.835054
v 0.941961 0.888127 0.838760
v 1.024631 0.839987 0.759822
v 1.078339 0.812412 0.659130
v 1.173230 0.852152 0.676375
v 0.880408 0.881010 0.777166
v 0.941888 0.841441 0.695808
v 0.957004 0.835980 0.612848
v 1.000263 0.824286 0.557637
v 1.104128 0.818363 0.567353
v 0.840707 0.884555 0.651935
v 0.872659 0.871454 0.588892
v 0.908125 0.858194 0.533063
v 0.933469 0.846960 0.474773
v 1.024827 0.819927 0.485754
v 0.809950 0.903762 0.575583
v 0.845694 0.887277 0.525338
v 0.853119 0.880117 0.461395
v 0.885459 0.855828 0.416440
v 0.947846 0.831631 0.412224
v 0.775213 0.927903 0.507640
v 0.816018 0.905838 0.473754
v 0.821757 0.891125 0.416246
v 0.815751 0.877202 0.355269
v 0.875668 0.842269 0.348729
v 0.752477 0.950785 0.462281
v 0.769165 0.933879 0.417931
v 0.754332 0.923060 0.353701
v 0.765159 0.904189 0.310312
v 0.802771 0.864489 0.293432
v 0.723350 0.984418 0.415257
v 0.714843 0.972539 0.357352
v 0.709420 0.959294 0.305391
v 0.720715 0.942050 0.265742
v 0.753387 0.891707 0.252639
v 0.692720 1.025496 0.362318
v 0.689662 1.012985 0.312680
v 0.684828 1.000414 0.262094
v 0.695362 0.984855 0.222403
v 0.702259 0.932580 0.206098
v 0.676685 1.067458 0.309121
v 0.687780 1.053607 0.270825
v 0.684407 1.040598 0.219681
v 0.677062 1.028189 0.167500
v 0.676587 0.975377 0.163713
v 0.698631 1.102403 0.270082
v 0.700505 1.088685 0.221005
v 0.681429 1.076465 0.158719
v 0.671921 1.064702 0.108453
v 0.673640 1.015820 0.121759
v 0.721863 1.128517 0.213663
v 0.719716 1.117021 0.162135
v 0.706714 1.106833 0.108996
v 0.680327 1.095962 0.051693
v 0.675551 1.054181 0.073072
v 0.762785 1.149902 0.159768
v 0.746282 1.142787 0.102729
v 0.722169 1.134592 0.042946
v 0.719213 1.131870 0.004859
v 0.675429 1.090464 0.012361
v 0.788271 1.169759 0.084633
v 0.782042 1.169469 0.035407
v 0.760409 1.161944 -0.017411
v 0.726536 1.145385 -0.076765
v 0.694231 1.121469 -0.044800
v 0.846184 1.188010 0.013904
v 0.828645 1.182038 -0.044540
v 0.787295 1.162253 -0.107048
v 0.772043 1.148193 -0.159147
v 0.711258 1.135343 -0.126095
v 0.918421 1.178911 -0.080095
v 0.879660 1.165368 -0.141584
v 0.832199 1.137359 -0.205850
v 0.791651 1.113706 -0.261441
v 0.735481 1.126672 -0.217271
v 0.975381 1.122500 -0.198682
v 0.902042 1.109721 -0.250142
v 0.866228 1.079123 -0.310137
v 0.800143 1.054570 -0.366758
v 0.736899 1.086885 -0.319156
v 0.983962 1.039568 -0.310520
v 0.889857 1.018942 -0.363151
v 0.836384 0.995822 -0.412101
v 0.763371 0.979653 -0.461032
v 0.733047 1.027934 -0.424234
v 0.937211 0.946645 -0.401769
v 0.851199 0.930786 -0.446868
v 0.786607 0.914623 -0.496830
v 0.707357 0.901534 -0.549131
v 0.713755 0.957296 -0.526660
v 0.859517 0.856080 -0.469106
v 0.780538 0.849613 -0.511041
v 0.717770 0.836892 -0.567496
v 0.638716 0.822404 -0.621114
v 0.638974 0.883833 -0.608488
v 0.773446 0.785686 -0.513691
v 0.693218 0.783832 -0.558718
v 0.617163 0.771439 -0.605458
v 0.524715 0.761981 -0.627135
v 0.532405 0.814554 -0.640000
v 0.690086 0.727523 -0.547444
v 0.605005 0.723404 -0.583015
v 0.524482 0.710950 -0.606260
v 0.444054 0.696284 -0.612263
v 0.452437 0.736374 -0.648319
v 0.586267 0.689216 -0.543493
v 0.511979 0.679460 -0.562248
v 0.445765 0.659671 -0.572453
v 0.368245 0.646465 -0.567428
v 0.367813 0.673028 -0.618501
v 0.505418 0.657114 -0.512119
v 0.438118 0.646077 -0.516378
v 0.368663 0.635170 -0.510851
v 0.300688 0.620800 -0.503432
v 0.289234 0.633044 -0.560082
v 0.427449 0.650779 -0.454144
v 0.366988 0.639491 -0.451416
v 0.304401 0.629624 -0.443117
v 0.246365 0.612486 -0.435206
v 0.234669 0.602802 -0.494162
v 0.365980 0.654012 -0.394063
v 0.310998 0.643010 -0.388423
v 0.252833 0.637002 -0.378297
v 0.196301 0.634064 -0.364954
v 0.186644 0.598342 -0.422021
v 0.309016 0.676596 -0.334890
v 0.255355 0.673972 -0.327036
v 0.206939 0.666935 -0.317082
v 0.159740 0.664342 -0.302663
v 0.146925 0.621688 -0.348995
v 0.259554 0.712060 -0.284011
v 0.210290 0.713585 -0.276024
v 0.167082 0.711415 -0.264393
v 0.129384 0.704409 -0.246478
v 0.118327 0.658187 -0.282668
v 0.207949 0.765907 -0.246900
v 0.171388 0.755633 -0.235395
v 0.130686 0.757087 -0.220970
v 0.094744 0.757221 -0.200827
v 0.091577 0.707207 -0.225135
v 0.161652 0.814575 -0.224496
v 0.120114 0.817234 -0.212384
v 0.086928 0.810463 -0.189807
v 0.053646 0.811419 -0.166184
v 0.063598 0.754023 -0.175205
v 0.105913 0.868125 -0.217930
v 0.070380 0.861611 -0.194537
v 0.034903 0.860417 -0.167640
v 0.001701 0.859594 -0.137414
v 0.023947 0.810680 -0.139376
v 0.047363 0.911476 -0.216653
v 0.008576 0.911368 -0.189233
v -0.028319 0.911266 -0.156794
v -0.063749 0.908861 -0.119703
v -0.028329 0.859730 -0.107355
v -0.020597 0.949882 -0.220007
v -0.063711 0.948130 -0.182035
v -0.104866 0.949082 -0.144353
v -0.142126 0.946606 -0.101994
v -0.094031 0.906354 -0.084028
v -0.099467 0.976456 -0.220889
v -0.147625 0.975529 -0.176365
v -0.194433 0.973445 -0.126854
v -0.231910 0.967208 -0.072355
v -0.173591 0.938061 -0.051441
v -0.191990 0.986341 -0.212243
v -0.243535 0.986220 -0.160139
v -0.290811 0.979573 -0.096286
v -0.320397 0.962855 -0.017639
v -0.251947 0.955443 -0.015396
v -0.291809 0.980681 -0.193317
v -0.348830 0.974318 -0.119910
v -0.372339 0.960041 -0.037588
v -0.376809 0.937985 0.058191
v -0.320109 0.940125 0.061999
v -0.388575 0.955721 -0.148758
v -0.427020 0.942148 -0.049721
v -0.442786 0.926339 0.060574
v -0.423123 0.902301 0.159334
v -0.355943 0.911183 0.141617
v -0.481012 0.906506 -0.058040
v -0.499642 0.899156 0.051078
v -0.502966 0.878799 0.175404
v -0.446251 0.829357 0.273980
v -0.389134 0.857803 0.253735
v -0.548305 0.849273 0.043149
v -0.563041 0.821649 0.176869
v -0.494086 0.765814 0.295253
v -0.388970 0.710585 0.377164
v -0.372117 0.769089 0.365441
v -0.574235 0.723218 0.188212
v -0.489037 0.673247 0.291508
v -0.381493 0.648203 0.368109
v -0.298825 0.617756 0.452522
v -0.318858 0.682746 0.468459
v -0.447530 0.602167 0.263545
v -0.353261 0.582727 0.350310
v -0.267842 0.547942 0.443856
v -0.165234 0.500270 0.514311
v -0.210843 0.574085 0.566167
v -0.309932 0.537816 0.310951
v -0.228725 0.500423 0.398731
v -0.135145 0.471651 0.442569
v -0.025326 0.427747 0.500231
v -0.055491 0.481921 0.574012
v -0.191046 0.473758 0.344934
v -0.105170 0.443102 0.393887
v -0.004788 0.409784 0.423510
v 0.081052 0.407961 0.421131
v 0.070792 0.424902 0.486814
v -0.075620 0.426106 0.339974
v 0.006439 0.413374 0.351203
v 0.091337 0.394928 0.365800
v 0.174458 0.381460 0.370316
v 0.175014 0.388052 0.432804
v 0.018887 0.424635 0.288354
v 0.092374 0.408839 0.300857
v 0.170047 0.386952 0.312773
v 0.237030 0.376389 0.302424
v 0.252029 0.371382 0.360628
v 0.092410 0.434733 0.241042
v 0.159856 0.410304 0.256002
v 0.210832 0.410470 0.241003
v 0.266893 0.388638 0.231061
v 0.295785 0.362776 0.280951
v 0.146305 0.455101 0.201415
v 0.198681 0.437885 0.203593
v 0.234443 0.441000 0.179112
v 0.270953 0.432911 0.152122
v 0.292790 0.402147 0.184699
v 0.181169 0.492395 0.163290
v 0.217372 0.487023 0.148491
v 0.251138 0.478194 0.125933
v 0.285358 0.462978 0.097936
v 0.303411 0.422764 0.116252
v 0.212935 0.527239 0.139977
v 0.245955 0.517489 0.120416
v 0.269855 0.517271 0.086128
v 0.292961 0.515282 0.047990
v 0.309940 0.458694 0.057206
v 0.236529 0.577769 0.116512
v 0.261172 0.576946 0.085347
v 0.286145 0.573551 0.050666
v 0.309836 0.571768 0.010862
v 0.313146 0.517302 0.004850
v 0.267313 0.625274 0.104959
v 0.297819 0.617612 0.073797
v 0.322867 0.616199 0.032644
v 0.354039 0.607032 -0.007440
v 0.339920 0.563186 -0.027588
v 0.309468 0.665412 0.101584
v 0.346829 0.652968 0.065956
v 0.372601 0.650547 0.017362
v 0.407579 0.638407 -0.028864
v 0.381831 0.604030 -0.053776
v 0.364186 0.693875 0.094410
v 0.396328 0.685856 0.045026
v 0.433430 0.670416 -0.003073
v 0.476272 0.644303 -0.047500
v 0.449414 0.617834 -0.071196
v 0.436808 0.698974 0.081477
v 0.467637 0.686817 0.025651
v 0.512962 0.651052 -0.020261
v 0.547386 0.616189 -0.062368
v 0.515895 0.610576 -0.084957
v 0.496840 0.695553 0.049957
v 0.547434 0.647304 0.004554
v 0.562708 0.623328 -0.047022
v 0.595259 0.566703 -0.064741
v 0.571476 0.573130 -0.089205
v 0.570625 0.640717 0.021735
v 0.534673 0.681148 0.075263
v 0.573340 0.644047 0.094796
v 0.584759 0.628525 0.029277
v 0.598428 0.602266 0.100173
v 0.613184 0.582511 0.040256
v 0.601553 0.571564 0.100730
v 0.619878 0.553600 0.030995
v 0.625404 0.542807 -0.010874
v 0.607729 0.547588 -0.053731
v 0.626717 0.513718 0.029200
v 0.619924 0.529039 -0.016822
v 0.618736 0.511807 -0.059471
v 0.610879 0.509218 -0.082674
v 0.594136 0.550465 -0.079755
v 0.626834 0.491239 -0.021032
v 0.632856 0.483655 0.022536
v 0.628003 0.459862 0.008121
v 0.621051 0.471068 -0.037247
v 0.619307 0.414954 0.001933
v 0.614086 0.428808 -0.052646
v 0.606120 0.380217 -0.030460
v 0.612444 0.398083 -0.076895
v 0.604030 0.420210 -0.104684
v 0.591447 0.460117 -0.120815
v 0.581100 0.388207 -0.103265
v 0.591918 0.412438 -0.122650
v 0.573547 0.459487 -0.136017
v 0.562777 0.490600 -0.141804
v 0.590583 0.482546 -0.122918
v 0.552451 0.425839 -0.144356
v 0.540769 0.464982 -0.153196
v 0.531788 0.495579 -0.156029
v 0.525193 0.451800 -0.158347
v 0.508488 0.487073 -0.158066
v 0.475223 0.453480 -0.150440
v 0.454210 0.500152 -0.148288
v 0.463376 0.524047 -0.137030
v 0.413173 0.500194 -0.117139
v 0.409369 0.548052 -0.109028
v 0.423778 0.586354 -0.092990
v 0.464272 0.568829 -0.125204
v 0.488394 0.593316 -0.106102
v 0.548745 0.571821 -0.107138
v 0.565502 0.544838 -0.118832
v 0.576845 0.553219 -0.102845
v 0.596049 0.512011 -0.103791
v 0.572373 0.518913 -0.125400
v 0.372551 0.556217 -0.069565
v 0.384113 0.492534 -0.074620
v 0.338615 0.515080 -0.037064
v 0.390825 0.450886 -0.077412
v 0.354350 0.460119 -0.034524
v 0.330450 0.460147 0.011078
v 0.385359 0.403527 -0.022979
v 0.357958 0.407557 0.025741
v 0.330095 0.415911 0.072242
v 0.395595 0.359994 0.046535
v 0.363965 0.373803 0.098271
v 0.329292 0.390214 0.144281
v 0.400098 0.350721 0.126096
v 0.376450 0.348236 0.190143
v 0.342595 0.350826 0.245274
v 0.423150 0.328640 0.235806
v 0.385041 0.331800 0.302848
v 0.324945 0.352400 0.338990
v 0.410573 0.349728 0.346550
v 0.348901 0.360211 0.401050
v 0.270276 0.369919 0.431928
v 0.364663 0.384085 0.459084
v 0.272519 0.397026 0.489976
v 0.171924 0.406686 0.499694
v 0.264790 0.442510 0.537036
v 0.161782 0.445482 0.564480
v 0.049510 0.461244 0.559666
v 0.137099 0.511298 0.615193
v 0.019702 0.515101 0.611898
v -0.086726 0.544809 0.609721
v 0.006600 0.590637 0.665096
v -0.127296 0.607292 0.644013
v -0.247282 0.666734 0.571094
v -0.152945 0.713539 0.639993
v -0.257697 0.741880 0.539604
v -0.312753 0.750579 0.442894
v -0.238232 0.791511 0.513828
v -0.294384 0.795209 0.425446
v -0.336629 0.812932 0.336067
v -0.260148 0.827723 0.404307
v -0.295543 0.839616 0.315011
v -0.334865 0.873397 0.236902
v -0.247428 0.856976 0.283581
v -0.283137 0.881579 0.222176
v -0.299067 0.914907 0.131035
v -0.225521 0.883180 0.194457
v -0.249217 0.906678 0.133948
v -0.259731 0.931979 0.061700
v -0.189072 0.891530 0.113020
v -0.197606 0.910546 0.056437
v -0.192890 0.926905 -0.000201
v -0.139849 0.877112 0.046082
v -0.135186 0.887395 0.003960
v -0.122041 0.893035 -0.032198
v -0.088829 0.836147 0.005884
v -0.075047 0.848445 -0.037529
v -0.054194 0.855945 -0.074351
v -0.043947 0.787927 -0.037067
v -0.025627 0.795477 -0.071709
v -0.001842 0.799020 -0.102611
v -0.013015 0.741190 -0.084762
v 0.009879 0.742301 -0.113805
v 0.036387 0.744383 -0.143416
v 0.004790 0.693507 -0.134741
v 0.032042 0.691659 -0.164512
v 0.060035 0.702014 -0.197604
v 0.014481 0.643774 -0.190516
v 0.045594 0.649807 -0.225681
v 0.079799 0.655147 -0.256772
v 0.018854 0.606392 -0.260474
v 0.055696 0.624157 -0.297479
v 0.098531 0.620281 -0.325750
v 0.025528 0.596563 -0.341492
v 0.072108 0.594279 -0.375069
v 0.127084 0.589304 -0.402538
v 0.040694 0.571436 -0.428822
v 0.102222 0.570992 -0.464933
v 0.167714 0.585803 -0.485707
v 0.077629 0.568514 -0.532918
v 0.145231 0.583856 -0.545473
v 0.223739 0.600245 -0.561250
v 0.130589 0.587831 -0.629259
v 0.213663 0.618205 -0.634085
v 0.285130 0.647362 -0.621382
v 0.195224 0.653818 -0.704328
v 0.281032 0.683362 -0.680577
v 0.365152 0.715870 -0.660455
v 0.282726 0.744440 -0.728428
v 0.364873 0.774247 -0.688318
v 0.454948 0.791809 -0.664956
v 0.364681 0.844889 -0.692737
v 0.447369 0.857191 -0.657653
v 0.541498 0.869512 -0.638232
v 0.451000 0.914586 -0.638667
v 0.539303 0.926262 -0.614660
v 0.626512 0.942497 -0.578316
v 0.520931 0.978451 -0.571930
v 0.609460 0.992572 -0.539182
v 0.677233 1.009667 -0.483116
v 0.588082 1.030505 -0.492667
v 0.637699 1.046192 -0.438122
v 0.708420 1.066919 -0.380155
v 0.606543 1.068693 -0.391939
v 0.648669 1.084403 -0.335147
v 0.702962 1.106891 -0.275545
v 0.608698 1.087966 -0.292638
v 0.646663 1.103642 -0.237235
v 0.679202 1.119407 -0.181249
v 0.593858 1.086183 -0.205911
v 0.638359 1.099701 -0.149626
v 0.659212 1.108560 -0.101834
v 0.600157 1.068792 -0.125856
v 0.633451 1.076785 -0.076397
v 0.656264 1.083415 -0.031282
v 0.595515 1.035881 -0.066631
v 0.629794 1.040585 -0.019512
v 0.642240 1.047399 0.018215
v 0.624787 0.990870 -0.007139
v 0.641035 0.998386 0.031357
v 0.665387 1.005388 0.078281
v 0.633741 0.946889 0.027439
v 0.657898 0.953781 0.072242
v 0.668356 0.964233 0.115905
v 0.666327 0.901496 0.059954
v 0.684952 0.910135 0.107243
v 0.691792 0.921758 0.153869
v 0.719736 0.857311 0.093150
v 0.735145 0.867119 0.145046
v 0.751482 0.876739 0.201664
v 0.791596 0.817423 0.130165
v 0.790244 0.834705 0.181304
v 0.802183 0.847645 0.239998
v 0.841454 0.800961 0.161108
v 0.873921 0.806127 0.231226
v 0.866146 0.827558 0.285231
v 0.924581 0.784889 0.209535
v 0.923508 0.803504 0.270067
v 0.960975 0.808248 0.349588
v 1.011629 0.779553 0.264165
v 1.008816 0.800981 0.329937
v 1.027191 0.812516 0.408978
v 1.083966 0.798698 0.326209
v 1.075576 0.819696 0.395590
v 1.091074 0.825070 0.477968
v 1.139680 0.837584 0.395365
v 1.136326 0.848599 0.487869
v 1.147781 0.846307 0.577832
v 1.182148 0.884079 0.494512
v 1.202158 0.885771 0.624359
v 1.196863 0.900142 0.738708
v 1.206995 0.968067 0.662341
v 1.211829 0.969138 0.758369
v 1.149541 1.017231 0.901788
v 1.135238 1.123945 0.829913
v 1.064890 1.171006 0.922360
v 1.007942 1.165257 1.001357
v 0.997350 1.233996 0.888196
v 0.929997 1.260089 0.954450
v 0.867486 1.262460 1.010160
v 0.844762 1.313221 0.923553
v 0.739869 1.341470 0.969432
v 0.660325 1.349070 0.956548
v 0.673826 1.356971 0.887466
v 0.612798 1.361690 0.907202
v 0.552375 1.378363 0.951303
v 0.570240 1.371937 0.865128
v 0.518834 1.396726 0.938082
v 0.447346 1.421034 0.973211
v 0.482342 1.398186 0.894294
v 0.412119 1.415801 0.905194
v 0.348028 1.448953 0.970014
v 0.388470 1.406519 0.866415
v 0.325999 1.427706 0.894549
v 0.263565 1.452663 0.935945
v 0.316231 1.400596 0.853867
v 0.259839 1.417584 0.874227
v 0.205130 1.439396 0.915450
v 0.265199 1.378918 0.853499
v 0.213546 1.394091 0.869606
v 0.159559 1.405204 0.858750
v 0.223861 1.341123 0.826555
v 0.175897 1.355570 0.841434
v 0.126174 1.365217 0.827279
v 0.195816 1.302623 0.841774
v 0.148289 1.312248 0.837473
v 0.101155 1.322228 0.837813
v 0.170500 1.259179 0.847913
v 0.123285 1.267937 0.846410
v 0.074722 1.269878 0.811494
v 0.141609 1.218856 0.849658
v 0.091602 1.228006 0.870810
v 0.039893 1.235015 0.861765
v 0.104776 1.191398 0.893343
v 0.049243 1.200392 0.900202
v -0.007083 1.207336 0.883379
v 0.051721 1.180846 0.959020
v -0.010609 1.190037 0.950915
v -0.069909 1.195771 0.907852
v -0.020546 1.185331 0.988461
v -0.086329 1.194572 0.971021
v -0.151456 1.202916 0.946378
v -0.111143 1.208754 1.025792
v -0.184768 1.219852 1.018560
v -0.248437 1.225617 0.966361
v -0.219041 1.248010 1.051898
v -0.288714 1.254404 1.007527
v -0.366376 1.263673 0.992914
v -0.341057 1.298477 1.059650
v -0.420023 1.305770 1.022752
v -0.493203 1.309535 0.972543
v -0.467195 1.356931 1.038695
v -0.563410 1.370388 1.012257
v -0.638698 1.373236 0.946949
v -0.628909 1.443330 0.992046
v -0.703917 1.456142 0.914637
v -0.802433 1.495130 0.878250
v -0.752339 1.516932 0.887575
v -0.834847 1.563699 0.820896
v -0.893483 1.554248 0.782985
v -0.836595 1.629565 0.783877
v -0.903086 1.630067 0.737496
v -0.960046 1.657984 0.665413
v -0.858086 1.693168 0.689476
v -0.922547 1.719060 0.568798
v -0.930793 1.723794 0.480383
v -0.833661 1.734721 0.550083
v -0.876682 1.736530 0.472058
v -0.870503 1.729353 0.404543
v -0.776361 1.720504 0.459766
v -0.780632 1.706866 0.393745
v -0.787646 1.703913 0.336041
v -0.718026 1.695166 0.400260
v -0.703727 1.669825 0.336637
v -0.716976 1.669689 0.284827
v -0.639665 1.639184 0.344574
v -0.650231 1.640585 0.291917
v -0.651321 1.636663 0.234472
v -0.586586 1.599013 0.297930
v -0.581352 1.592825 0.238790
v -0.583795 1.594548 0.184535
v -0.526823 1.547291 0.247871
v -0.525370 1.546099 0.193423
v -0.533416 1.551002 0.144493
v -0.487213 1.497313 0.209272
v -0.495562 1.502027 0.161684
v -0.486558 1.494464 0.103775
v -0.468500 1.445606 0.177576
v -0.458195 1.435977 0.117504
v -0.460646 1.437573 0.066406
v -0.462506 1.386370 0.139799
v -0.450968 1.378357 0.078037
v -0.460789 1.384860 0.031673
v -0.465634 1.327490 0.091611
v -0.471037 1.330635 0.040903
v -0.469041 1.330656 -0.013705
v -0.498469 1.285918 0.049117
v -0.498741 1.287147 -0.005922
v -0.499766 1.289338 -0.061014
v -0.530874 1.251517 -0.005210
v -0.530504 1.252404 -0.061678
v -0.523281 1.251099 -0.120593
v -0.581137 1.233804 -0.060569
v -0.578712 1.233565 -0.119692
v -0.577364 1.233563 -0.179142
v -0.633899 1.230823 -0.124951
v -0.629952 1.229721 -0.186393
v -0.635268 1.230934 -0.248244
v -0.681973 1.242909 -0.198719
v -0.680329 1.241948 -0.262162
v -0.677596 1.240441 -0.328171
v -0.738802 1.273145 -0.280955
v -0.729612 1.269607 -0.348746
v -0.711745 1.262864 -0.419071
v -0.764370 1.308926 -0.372565
v -0.764238 1.307396 -0.448017
v -0.741268 1.300191 -0.523784
v -0.776789 1.353962 -0.471797
v -0.782185 1.356701 -0.560159
v -0.746157 1.349531 -0.643850
v -0.782351 1.412394 -0.584477
v -0.742668 1.404632 -0.666177
v -0.701752 1.412243 -0.761606
v -0.735266 1.468593 -0.688367
v -0.683911 1.474873 -0.773776
v -0.610361 1.487276 -0.842314
v -0.655956 1.533059 -0.771607
v -0.576479 1.541386 -0.821678
v -0.510785 1.562824 -0.874659
v -0.542933 1.584023 -0.791939
v -0.475818 1.603621 -0.829188
v -0.410165 1.617677 -0.863616
v -0.444605 1.631341 -0.783856
v -0.381502 1.648759 -0.813055
v -0.315736 1.655184 -0.832722
v -0.354738 1.660394 -0.756276
v -0.295711 1.674787 -0.780864
v -0.233948 1.676993 -0.794405
v -0.271681 1.657897 -0.713222
v -0.217361 1.679317 -0.739619
v -0.159065 1.676215 -0.745049
v -0.200175 1.658912 -0.681416
v -0.145979 1.664299 -0.694113
v -0.093083 1.661632 -0.700253
v -0.133608 1.632601 -0.644926
v -0.083648 1.638355 -0.657595
v -0.035315 1.637208 -0.664714
v -0.074959 1.591027 -0.617331
v -0.028420 1.598069 -0.630350
v 0.018647 1.615671 -0.645481
v -0.021385 1.553639 -0.611589
v 0.024233 1.565219 -0.624309
v 0.066818 1.567039 -0.624984
v 0.028770 1.508700 -0.620548
v 0.072362 1.514363 -0.623990
v 0.117552 1.528416 -0.624217
v 0.076001 1.460013 -0.639217
v 0.124072 1.476717 -0.642359
v 0.172224 1.492439 -0.635449
v 0.129227 1.430713 -0.676873
v 0.176845 1.439900 -0.665336
v 0.227986 1.455626 -0.650822
v 0.183949 1.403440 -0.711233
v 0.237105 1.417581 -0.692795
v 0.297121 1.441280 -0.676347
v 0.250911 1.398068 -0.747092
v 0.312317 1.419896 -0.726288
v 0.372367 1.441743 -0.702129
v 0.326899 1.412129 -0.779259
v 0.387447 1.432799 -0.751342
v 0.456083 1.460464 -0.727480
v 0.413316 1.442778 -0.810694
v 0.481867 1.470531 -0.781266
v 0.540417 1.494591 -0.741598
v 0.498219 1.487817 -0.828946
v 0.563652 1.518676 -0.787234
v 0.635042 1.548032 -0.743621
v 0.590527 1.560292 -0.829023
v 0.651829 1.586505 -0.773364
v 0.725324 1.607209 -0.723225
v 0.682555 1.653234 -0.795957
v 0.752259 1.675822 -0.732970
v 0.821639 1.690115 -0.680877
v 0.737792 1.732324 -0.727316
v 0.830821 1.778753 -0.662853
v 0.887399 1.815178 -0.592278
v 0.791749 1.839761 -0.633621
v 0.854689 1.886118 -0.554934
v 0.896070 1.924325 -0.476968
v 0.787613 1.916572 -0.528764
v 0.826755 1.957142 -0.465282
v 0.866628 2.006363 -0.362482
v 0.758584 1.976445 -0.418540
v 0.770260 1.998166 -0.349635
v 0.793516 2.014884 -0.296092
v 0.718832 2.000877 -0.330658
v 0.738162 2.019732 -0.258869
v 0.750023 2.029581 -0.192065
v 0.676153 2.003973 -0.246727
v 0.706858 2.039517 -0.165877
v 0.726135 2.051852 -0.091996
v 0.646644 2.003265 -0.160842
v 0.669576 2.024536 -0.086530
v 0.686906 2.030237 -0.020322
v 0.622861 1.984284 -0.083715
v 0.651697 2.012716 -0.003786
v 0.662105 2.002023 0.048321
v 0.616730 1.962488 -0.005761
v 0.632373 1.960599 0.050818
v 0.655667 1.973919 0.119917
v 0.621292 1.919709 0.058054
v 0.635436 1.912670 0.107440
v 0.664786 1.935542 0.184813
v 0.635165 1.857224 0.101298
v 0.656882 1.861612 0.158458
v 0.681854 1.872348 0.221633
v 0.675278 1.806241 0.147963
v 0.703428 1.818014 0.211961
v 0.722901 1.817849 0.260597
v 0.737106 1.762333 0.191446
v 0.749568 1.752480 0.226737
v 0.773201 1.758221 0.280185
v 0.805719 1.716966 0.219623
v 0.831014 1.721760 0.274618
v 0.845559 1.720142 0.317824
v 0.887179 1.686235 0.253472
v 0.889149 1.673611 0.281325
v 0.912579 1.682797 0.343882
v 0.968707 1.665950 0.287937
v 0.985537 1.667440 0.344869
v 0.990198 1.665582 0.397671
v 1.044775 1.657296 0.331302
v 1.056017 1.658686 0.398952
v 1.055760 1.659069 0.466411
v 1.105919 1.665217 0.399751
v 1.095924 1.660439 0.462398
v 1.073177 1.654118 0.516461
v 1.128684 1.683880 0.474951
v 1.113611 1.681292 0.542668
v 1.096821 1.684371 0.617088
v 1.153874 1.734175 0.599586
v 1.108759 1.717855 0.633942
v 1.093103 1.725320 0.719368
v 1.114283 1.768583 0.672539
v 1.106727 1.783911 0.780817
v 1.054218 1.765967 0.799698
v 1.066934 1.822110 0.771716
v 1.035926 1.822145 0.835956
v 1.014061 1.829831 0.919230
v 0.996967 1.878493 0.857717
v 0.964576 1.876894 0.915097
v 0.934800 1.877774 0.978651
v 0.921953 1.946745 0.961650
v 0.884468 1.937429 0.999721
v 0.854329 1.944344 1.076796
v 0.823527 1.982685 0.988699
v 0.792277 1.991729 1.066544
v 0.754965 1.997439 1.134412
v 0.730971 2.030619 1.047924
v 0.691359 2.023236 1.081315
v 0.648404 2.030168 1.140081
v 0.636708 2.059237 1.071161
v 0.594273 2.069976 1.134915
v 0.546793 2.065033 1.157714
v 0.550779 2.073039 1.078609
v 0.507499 2.064183 1.091835
v 0.455555 2.084470 1.159679
v 0.479539 2.057520 1.047687
v 0.432967 2.065058 1.086283
v 0.383653 2.071639 1.118522
v 0.418219 2.055515 1.067624
v 0.372574 2.056216 1.085400
v 0.322968 2.064379 1.113428
v 0.381016 2.000193 1.008334
v 0.338292 2.001992 1.024607
v 0.287357 2.016683 1.052650
v 0.353345 1.967313 1.022835
v 0.307407 1.977580 1.044252
v 0.260437 1.983746 1.042470
v 0.343145 1.909325 1.010535
v 0.286418 1.935434 1.051795
v 0.254020 1.941027 1.041992
v 0.340075 1.861711 1.031377
v 0.293009 1.870131 1.041989
v 0.256595 1.874265 1.031010
v 0.337839 1.820173 1.078792
v 0.293640 1.812574 1.053622
v 0.246495 1.819211 1.078288
v 0.331178 1.774669 1.105301
v 0.276919 1.785569 1.122915
v 0.228995 1.789139 1.129992
v 0.311056 1.743087 1.142334
v 0.248840 1.761836 1.177531
v 0.190423 1.763508 1.160004
v 0.270335 1.730456 1.192404
v 0.204270 1.742813 1.200189
v 0.136669 1.756954 1.210306
v 0.208432 1.740330 1.257149
v 0.139227 1.752667 1.259827
v 0.074653 1.757055 1.236898
v 0.131056 1.761771 1.299274
v 0.053479 1.785293 1.332664
v -0.012600 1.790285 1.307604
v 0.030198 1.812059 1.374697
v -0.031401 1.810935 1.329601
v -0.116044 1.837065 1.361502
v -0.079109 1.865921 1.404850
v -0.140969 1.866385 1.362990
v -0.226300 1.889078 1.377846
v -0.192195 1.924373 1.401628
v -0.260966 1.931661 1.374837
v -0.331677 1.939841 1.348154
v -0.302684 1.984311 1.366900
v -0.395181 2.010579 1.375028
v -0.463641 2.015698 1.332791
v -0.429160 2.061450 1.341782
v -0.485378 2.058855 1.287063
v -0.573269 2.080867 1.264034
v -0.542387 2.131282 1.283554
v -0.585482 2.121551 1.211158
v -0.669471 2.146032 1.177819
v -0.601335 2.165807 1.169226
v -0.696863 2.201462 1.148639
v -0.738314 2.201509 1.078205
v -0.691454 2.232171 1.098143
v -0.746398 2.243765 1.043995
v -0.773052 2.237816 0.969769
v -0.689640 2.237426 0.962887
v -0.737949 2.245357 0.919334
v -0.819937 2.282407 0.885776
v -0.715967 2.255750 0.883775
v -0.744675 2.250878 0.823983
v -0.811121 2.277586 0.785626
v -0.727392 2.253813 0.808187
v -0.747959 2.242425 0.745868
v -0.787055 2.247795 0.694787
v -0.700466 2.208104 0.723743
v -0.745300 2.216043 0.678639
v -0.808509 2.243570 0.638366
v -0.707963 2.175317 0.673558
v -0.756550 2.188796 0.629247
v -0.791382 2.191789 0.577795
v -0.716615 2.131527 0.632792
v -0.765280 2.146021 0.589491
v -0.791065 2.140955 0.537694
v -0.724710 2.075717 0.600968
v -0.785411 2.100410 0.566312
v -0.831706 2.113694 0.525303
v -0.776782 2.048710 0.599134
v -0.784497 2.029148 0.542203
v -0.825783 2.039624 0.503252
v -0.811053 2.003159 0.590854
v -0.822649 1.989409 0.537405
v -0.859589 1.997604 0.497307
v -0.853934 1.966597 0.584394
v -0.891614 1.974333 0.541781
v -0.936947 1.989053 0.501928
v -0.917100 1.949747 0.579143
v -0.939390 1.946366 0.529401
v -0.971570 1.950742 0.483046
v -1.001182 1.954418 0.566993
v -1.046129 1.966607 0.518659
v -1.039711 1.943941 0.457347
v -1.091463 1.973736 0.534068
v -1.106217 1.965714 0.472138
v -1.114168 1.953339 0.410659
v -1.162555 1.994077 0.471197
v -1.169241 1.980805 0.406479
v -1.191876 1.977694 0.344586
v -1.262168 2.048494 0.390359
v -1.258178 2.027414 0.324147
v -1.253392 2.004613 0.259452
v -1.320971 2.090772 0.289456
v -1.331534 2.078952 0.220652
v -1.332004 2.058327 0.152860
v -1.334100 2.113553 0.181900
v -1.371257 2.119345 0.106408
v -1.390717 2.106913 0.029645
v -1.391686 2.183065 0.054252
v -1.419899 2.182576 -0.035007
v -1.420646 2.146964 -0.112525
v -1.388846 2.231324 -0.083382
v -1.427287 2.218625 -0.171529
v -1.415155 2.181803 -0.258849
v -1.416134 2.299945 -0.211947
v -1.416892 2.291674 -0.335919
v -1.369656 2.287918 -0.449041
v -1.323186 2.355366 -0.383574
v -1.276955 2.338118 -0.448232
v -1.289290 2.324613 -0.485534
v -1.249167 2.354963 -0.430697
v -1.188316 2.352859 -0.489762
v -1.157573 2.324193 -0.505258
v -1.110913 2.352724 -0.411121
v -1.105732 2.350826 -0.486281
v -1.032374 2.294981 -0.491045
v -1.015521 2.306356 -0.393736
v -0.988721 2.275121 -0.431269
v -0.970904 2.248922 -0.460297
v -0.948449 2.245593 -0.377483
v -0.926994 2.206229 -0.405148
v -0.919300 2.191735 -0.446936
v -0.902178 2.182438 -0.355207
v -0.904143 2.187915 -0.407238
v -0.869261 2.128577 -0.423027
v -0.872497 2.125163 -0.342977
v -0.847708 2.085935 -0.369702
v -0.841362 2.091790 -0.409652
v -0.848138 2.052266 -0.332919
v -0.835070 2.048604 -0.367250
v -0.808739 2.038826 -0.393151
v -0.830152 1.988356 -0.331188
v -0.800569 1.977394 -0.356214
v -0.760126 1.962181 -0.371242
v -0.798482 1.912276 -0.331650
v -0.770344 1.912117 -0.355570
v -0.732823 1.909649 -0.371726
v -0.786774 1.860853 -0.352862
v -0.760008 1.872417 -0.378434
v -0.711167 1.866233 -0.390600
v -0.761432 1.802392 -0.380574
v -0.715605 1.803428 -0.399402
v -0.670316 1.812691 -0.417908
v -0.745127 1.774844 -0.431884
v -0.693896 1.781763 -0.451540
v -0.632116 1.777997 -0.463171
v -0.711039 1.751746 -0.490276
v -0.650576 1.750982 -0.506442
v -0.600751 1.761379 -0.528950
v -0.675067 1.733499 -0.559539
v -0.607167 1.729016 -0.572230
v -0.562784 1.737572 -0.598996
v -0.644274 1.725017 -0.651865
v -0.585372 1.720067 -0.664590
v -0.522482 1.718389 -0.685995
v -0.612687 1.722930 -0.752761
v -0.553619 1.722173 -0.777791
v -0.477130 1.728438 -0.785401
v -0.575734 1.757512 -0.880732
v -0.505926 1.768557 -0.901542
v -0.421181 1.791286 -0.905963
v -0.509538 1.830443 -0.975472
v -0.424179 1.861290 -0.985782
v -0.323642 1.887200 -0.955698
v -0.401702 1.951352 -1.026602
v -0.315074 1.971471 -0.989362
v -0.224261 2.001105 -0.944481
v -0.305785 2.038613 -0.984410
v -0.221905 2.078841 -0.942441
v -0.152228 2.068345 -0.874395
v -0.220316 2.139246 -0.904793
v -0.161036 2.121426 -0.853807
v -0.101192 2.149788 -0.820864
v -0.173030 2.180049 -0.820652
v -0.113441 2.201148 -0.791141
v -0.056246 2.215880 -0.758582
v -0.130450 2.228942 -0.745792
v -0.074291 2.256752 -0.720607
v -0.022992 2.257747 -0.684085
v -0.096539 2.265871 -0.667423
v -0.046658 2.272545 -0.635019
v 0.005266 2.299551 -0.607159
v -0.070096 2.255631 -0.577877
v -0.021065 2.284843 -0.552825
v 0.025967 2.298893 -0.522658
v -0.041768 2.261954 -0.500712
v 0.002548 2.272382 -0.473115
v 0.047464 2.316132 -0.445147
v -0.012326 2.264174 -0.430034
v 0.027536 2.262047 -0.401855
v 0.064573 2.304007 -0.370799
v 0.019836 2.229024 -0.366948
v 0.054114 2.243839 -0.338369
v 0.081525 2.239321 -0.305828
v 0.057017 2.194667 -0.315891
v 0.085391 2.208104 -0.283463
v 0.106667 2.204976 -0.247300
v 0.101000 2.151328 -0.275467
v 0.124681 2.170251 -0.236528
v 0.142794 2.175958 -0.194452
v 0.152847 2.115036 -0.242568
v 0.172669 2.116266 -0.201238
v 0.191048 2.141806 -0.148788
v 0.211613 2.080699 -0.215675
v 0.233683 2.111383 -0.159049
v 0.248834 2.105318 -0.110448
v 0.280558 2.082443 -0.180909
v 0.297034 2.079588 -0.128697
v 0.312816 2.078154 -0.076463
v 0.348111 2.075791 -0.148705
v 0.364498 2.076109 -0.093231
v 0.383572 2.092651 -0.030127
v 0.414294 2.089650 -0.111929
v 0.431422 2.097113 -0.051688
v 0.448111 2.109901 0.010916
v 0.473447 2.121549 -0.070085
v 0.489363 2.132981 -0.006836
v 0.507206 2.165655 0.069754
v 0.525879 2.184158 -0.012225
v 0.531573 2.180771 0.042443
v 0.540194 2.203646 0.113277
v 0.553766 2.226394 0.034218
v 0.557817 2.250882 0.109566
v 0.549578 2.271910 0.180048
v 0.567353 2.301638 0.108711
v 0.558771 2.319043 0.184892
v 0.541129 2.331323 0.255179
v 0.559961 2.376865 0.194805
v 0.539912 2.384528 0.270421
v 0.506241 2.385798 0.331290
v 0.510951 2.334787 0.311038
v 0.470723 2.334732 0.349441
v 0.461217 2.386333 0.373125
v 0.408141 2.389112 0.394835
v 0.423116 2.336287 0.371036
v 0.492497 2.441769 0.346677
v 0.444658 2.442068 0.387151
v 0.389368 2.445774 0.405623
v 0.331483 2.449753 0.401896
v 0.350679 2.393396 0.394922
v 0.368320 2.505820 0.400003
v 0.347008 2.564576 0.371129
v 0.328065 2.612469 0.315910
v 0.314986 2.642663 0.239203
v 0.255761 2.621444 0.236850
v 0.387303 2.634109 0.238248
v 0.388226 2.640435 0.148373
v 0.308691 2.649991 0.149948
v 0.459648 2.592168 0.232135
v 0.464780 2.595419 0.144878
v 0.465248 2.579868 0.052735
v 0.390128 2.623671 0.055670
v 0.515465 2.524220 0.223711
v 0.523710 2.523020 0.137994
v 0.523664 2.509689 0.049676
v 0.519248 2.490811 -0.043490
v 0.464080 2.554331 -0.039474
v 0.556864 2.439634 0.126007
v 0.557843 2.425188 0.043818
v 0.556355 2.416700 -0.035141
v 0.537083 2.385311 -0.119513
v 0.510392 2.433716 -0.141027
v 0.568449 2.339533 0.031532
v 0.566437 2.341372 -0.031196
v 0.548909 2.323182 -0.108620
v 0.529293 2.286457 -0.188239
v 0.529361 2.377169 -0.187884
v 0.562174 2.283342 -0.029376
v 0.531688 2.237028 -0.114702
v 0.520947 2.225634 -0.181511
v 0.513334 2.217740 -0.249143
v 0.527013 2.286449 -0.255702
v 0.527223 2.206573 -0.095994
v 0.508774 2.182894 -0.168130
v 0.493752 2.167622 -0.237511
v 0.475265 2.151389 -0.310441
v 0.508078 2.217345 -0.322400
v 0.489067 2.147579 -0.150470
v 0.465825 2.119507 -0.223546
v 0.448582 2.111974 -0.290156
v 0.422555 2.093087 -0.363009
v 0.456497 2.142271 -0.385042
v 0.432453 2.085582 -0.203409
v 0.414883 2.082194 -0.265823
v 0.384249 2.050290 -0.337239
v 0.351776 2.029493 -0.402624
v 0.387559 2.066510 -0.435733
v 0.368799 2.047567 -0.243477
v 0.346917 2.040682 -0.303720
v 0.312410 2.010877 -0.363984
v 0.275574 1.993057 -0.412436
v 0.316514 2.021180 -0.457597
v 0.300183 2.033049 -0.271856
v 0.269765 2.010872 -0.324385
v 0.239502 2.008324 -0.366611
v 0.196083 1.975387 -0.403843
v 0.232397 1.976966 -0.452034
v 0.230842 2.048351 -0.286094
v 0.200739 2.037383 -0.327046
v 0.160749 1.998421 -0.363065
v 0.122078 1.997782 -0.389326
v 0.149879 1.955317 -0.432785
v 0.159639 2.053934 -0.299602
v 0.125818 2.030509 -0.331898
v 0.089370 2.026615 -0.356535
v 0.046234 2.000629 -0.377653
v 0.074534 1.971863 -0.412111
v 0.095062 2.072683 -0.313139
v 0.059932 2.064533 -0.336834
v 0.020285 2.053502 -0.357131
v -0.022818 2.029094 -0.375562
v 0.000855 1.991135 -0.396981
v 0.036935 2.117187 -0.331686
v -0.001723 2.122178 -0.352331
v -0.043017 2.080974 -0.370815
v -0.086431 2.070364 -0.389994
v -0.068005 2.017787 -0.394122
v -0.015855 2.173832 -0.364632
v -0.056572 2.137258 -0.383946
v -0.098307 2.111296 -0.402535
v -0.141736 2.102955 -0.422904
v -0.130257 2.050102 -0.408177
v -0.060949 2.193056 -0.413284
v -0.103761 2.179605 -0.435180
v -0.146476 2.155905 -0.454967
v -0.190456 2.148624 -0.476549
v -0.186396 2.101034 -0.444121
v -0.099582 2.223733 -0.478039
v -0.143704 2.201951 -0.499520
v -0.188835 2.198029 -0.523641
v -0.232998 2.178662 -0.540973
v -0.233903 2.133527 -0.493535
v -0.133532 2.220690 -0.548209
v -0.179426 2.209238 -0.571771
v -0.225740 2.201058 -0.593344
v -0.272399 2.189229 -0.608553
v -0.274918 2.143672 -0.546850
v -0.166219 2.225280 -0.629008
v -0.214479 2.197411 -0.644696
v -0.264194 2.201147 -0.666990
v -0.311652 2.175986 -0.668150
v -0.317996 2.164887 -0.611236
v -0.201602 2.210387 -0.708510
v -0.255041 2.200527 -0.728852
v -0.304914 2.183760 -0.727876
v -0.358717 2.202241 -0.749677
v -0.364875 2.193887 -0.683375
v -0.240784 2.185133 -0.782797
v -0.293712 2.203371 -0.808851
v -0.357742 2.205763 -0.838986
v -0.421167 2.205700 -0.835087
v -0.413204 2.191005 -0.740229
v -0.304839 2.171086 -0.886352
v -0.361743 2.158494 -0.914642
v -0.415803 2.165376 -0.928718
v -0.474751 2.170271 -0.920797
v -0.491717 2.194565 -0.836082
v -0.373933 2.138098 -0.963951
v -0.431709 2.116241 -0.996246
v -0.489094 2.123815 -0.993904
v -0.580290 2.112414 -0.980079
v -0.552189 2.178254 -0.889676
v -0.467533 2.044651 -1.034733
v -0.522894 2.026598 -1.039310
v -0.611456 2.010596 -1.017133
v -0.663926 2.013148 -0.980966
v -0.626755 2.095677 -0.954177
v -0.573732 1.917265 -1.022075
v -0.623598 1.912725 -1.001719
v -0.671767 1.928727 -0.977958
v -0.745164 1.928000 -0.929673
v -0.710473 2.001220 -0.946108
v -0.639121 1.830862 -0.950760
v -0.700224 1.831770 -0.911660
v -0.755185 1.831733 -0.862512
v -0.801348 1.828395 -0.810783
v -0.794335 1.905077 -0.872500
v -0.690482 1.763522 -0.820626
v -0.740986 1.769679 -0.780539
v -0.793997 1.776060 -0.739716
v -0.854741 1.785168 -0.703706
v -0.867615 1.843043 -0.774673
v -0.726627 1.742246 -0.705080
v -0.778489 1.745100 -0.666480
v -0.853212 1.764341 -0.647944
v -0.923510 1.774532 -0.622243
v -0.948182 1.820136 -0.693502
v -0.762679 1.737224 -0.604064
v -0.831386 1.747882 -0.585338
v -0.902897 1.756323 -0.562855
v -0.978510 1.764709 -0.534980
v -1.003679 1.785428 -0.592122
v -0.799770 1.741272 -0.524139
v -0.862204 1.741178 -0.498733
v -0.919229 1.737997 -0.465302
v -0.977648 1.750093 -0.428212
v -1.038426 1.770950 -0.486341
v -0.839406 1.758093 -0.455388
v -0.899073 1.762408 -0.428393
v -0.941489 1.766821 -0.391275
v -0.962631 1.768038 -0.340593
v -1.015183 1.764297 -0.375491
v -0.844712 1.775400 -0.385411
v -0.887345 1.784110 -0.355614
v -0.914194 1.788844 -0.314727
v -0.947522 1.807195 -0.270898
v -0.991254 1.785533 -0.288825
v -0.854610 1.825646 -0.338527
v -0.875169 1.824211 -0.299856
v -0.902604 1.836731 -0.259489
v -0.936238 1.859874 -0.217812
v -0.957517 1.812527 -0.217615
v -0.849051 1.872019 -0.297410
v -0.876586 1.884899 -0.261537
v -0.902082 1.900695 -0.221064
v -0.909321 1.902347 -0.173489
v -0.960738 1.877615 -0.171771
v -0.851316 1.931618 -0.271092
v -0.879605 1.951671 -0.234218
v -0.887663 1.954847 -0.189560
v -0.902340 1.964464 -0.144897
v -0.922412 1.910683 -0.127581
v -0.847548 1.984004 -0.251322
v -0.872764 2.014269 -0.214129
v -0.877380 2.011783 -0.169348
v -0.900560 2.032579 -0.124483
v -0.917424 1.975323 -0.102385
v -0.876472 2.090064 -0.253174
v -0.880173 2.090201 -0.212146
v -0.894185 2.097950 -0.163940
v -0.917031 2.117092 -0.124480
v -0.926716 2.060316 -0.089658
v -0.893436 2.158609 -0.261412
v -0.903050 2.162526 -0.214046
v -0.927361 2.184827 -0.174984
v -0.936059 2.173430 -0.130209
v -0.927891 2.113741 -0.089502
v -0.935528 2.232979 -0.274862
v -0.957215 2.248326 -0.231357
v -0.975226 2.249431 -0.186731
v -1.003675 2.259428 -0.148964
v -0.970923 2.198416 -0.097817
v -1.010776 2.309415 -0.294350
v -1.013989 2.294902 -0.235241
v -1.039966 2.301556 -0.202058
v -1.082690 2.316109 -0.156435
v -1.009312 2.244303 -0.102363
v -1.080982 2.347058 -0.302527
v -1.088165 2.332516 -0.244751
v -1.147891 2.354543 -0.208224
v -1.155748 2.338197 -0.129287
v -1.089034 2.301570 -0.097245
v -1.183428 2.374403 -0.302260
v -1.217401 2.370513 -0.235539
v -1.213712 2.348797 -0.155990
v -1.212550 2.342701 -0.082649
v -1.135381 2.310435 -0.060251
v -1.279118 2.371056 -0.254420
v -1.269669 2.345311 -0.169779
v -1.282922 2.353541 -0.087441
v -1.242538 2.318115 0.003705
v -1.232988 2.362248 -0.016039
v -1.336383 2.328577 -0.156275
v -1.335728 2.326028 -0.071276
v -1.315264 2.325747 0.009831
v -1.298463 2.321913 0.085187
v -1.247419 2.334339 0.068092
v -1.341843 2.263526 -0.030641
v -1.341814 2.282699 0.042297
v -1.340053 2.296194 0.113422
v -1.336219 2.306535 0.183895
v -1.283397 2.321495 0.156911
v -1.364186 2.238762 0.083544
v -1.321509 2.220945 0.162807
v -1.352045 2.260264 0.225490
v -1.309737 2.241421 0.303931
v -1.331066 2.315131 0.257303
v -1.350768 2.189499 0.202577
v -1.326761 2.187836 0.275269
v -1.326385 2.202805 0.346803
v -1.300005 2.198925 0.423943
v -1.331636 2.272789 0.377489
v -1.311017 2.132829 0.320142
v -1.319427 2.155279 0.390566
v -1.303698 2.160266 0.466477
v -1.251830 2.142391 0.543959
v -1.273169 2.197828 0.504067
v -1.268250 2.088508 0.428864
v -1.271541 2.107337 0.502991
v -1.216994 2.088881 0.575257
v -1.176153 2.083295 0.648370
v -1.232668 2.150696 0.624790
v -1.179384 2.027419 0.522317
v -1.176520 2.043970 0.596407
v -1.143375 2.043700 0.665775
v -1.090816 2.033403 0.728378
v -1.130331 2.077487 0.717252
v -1.115128 1.998912 0.600507
v -1.052808 1.978931 0.653880
v -1.022639 1.982347 0.716023
v -0.990755 1.985905 0.779263
v -1.039531 2.024531 0.788181
v -1.022337 1.966372 0.646601
v -0.979171 1.959959 0.700048
v -0.913306 1.939797 0.742954
v -0.864670 1.931687 0.792714
v -0.907860 1.955697 0.816733
v -0.935789 1.950562 0.670950
v -0.881686 1.936714 0.715060
v -0.813488 1.913820 0.750448
v -0.797678 1.928409 0.818390
v -0.829789 1.932972 0.851467
v -0.837315 1.936052 0.669675
v -0.796195 1.930958 0.716983
v -0.753104 1.925730 0.764950
v -0.698564 1.912786 0.805654
v -0.731905 1.908387 0.854525
v -0.785753 1.962523 0.679543
v -0.728934 1.945872 0.716729
v -0.661983 1.922032 0.745580
v -0.616909 1.915463 0.790437
v -0.654716 1.908199 0.855378
v -0.728912 1.989994 0.679217
v -0.680528 1.979578 0.721564
v -0.609018 1.950292 0.745953
v -0.566792 1.945644 0.794032
v -0.579715 1.915588 0.844434
v -0.663638 2.010041 0.670707
v -0.622860 2.005184 0.716984
v -0.576019 1.995769 0.757882
v -0.515062 1.975333 0.786681
v -0.532822 1.946218 0.851735
v -0.630775 2.052552 0.683451
v -0.590662 2.051695 0.731835
v -0.558086 2.059089 0.785067
v -0.520786 2.048447 0.811144
v -0.478563 1.978817 0.829621
v -0.633919 2.122411 0.723305
v -0.571652 2.098971 0.747218
v -0.517241 2.086652 0.780217
v -0.478713 2.091905 0.806422
v -0.451459 2.020200 0.810053
v -0.630413 2.174663 0.763748
v -0.577973 2.165536 0.793419
v -0.533903 2.159553 0.821555
v -0.478194 2.148414 0.832614
v -0.429775 2.078429 0.822614
v -0.638920 2.220606 0.822828
v -0.560461 2.191895 0.827326
v -0.540640 2.209200 0.877212
v -0.494328 2.203717 0.886156
v -0.446494 2.156959 0.860087
v -0.641285 2.245667 0.892462
v -0.592972 2.241283 0.925083
v -0.547410 2.239036 0.947836
v -0.507253 2.243651 0.980076
v -0.444213 2.199671 0.890654
v -0.636024 2.249991 0.972239
v -0.591884 2.250897 1.015552
v -0.540691 2.248521 1.062268
v -0.472105 2.241255 1.038288
v -0.445542 2.239925 0.973602
v -0.619118 2.243017 1.085364
v -0.542187 2.225303 1.091933
v -0.499972 2.229323 1.136694
v -0.433459 2.223502 1.149682
v -0.440080 2.250503 1.094435
v -0.564357 2.208731 1.176041
v -0.493169 2.194762 1.194849
v -0.440585 2.194579 1.238340
v -0.374299 2.184972 1.263826
v -0.391145 2.228043 1.175993
v -0.486233 2.160349 1.260356
v -0.407869 2.143167 1.276071
v -0.341169 2.129707 1.294945
v -0.285761 2.131760 1.340299
v -0.314680 2.181897 1.293487
v -0.393163 2.104370 1.334500
v -0.310150 2.082649 1.336114
v -0.249381 2.078753 1.372767
v -0.172599 2.061065 1.371961
v -0.208312 2.111485 1.344473
v -0.282746 2.037350 1.385654
v -0.217291 2.031271 1.416935
v -0.143559 2.017889 1.430943
v -0.061519 1.995968 1.422881
v -0.109261 2.055552 1.409935
v -0.165654 1.968217 1.418477
v -0.086996 1.949902 1.417150
v -0.019185 1.943720 1.445602
v 0.058492 1.927798 1.447509
v 0.007338 1.989610 1.451212
v -0.034058 1.886639 1.390322
v 0.032244 1.882533 1.422453
v 0.105588 1.872095 1.436954
v 0.180567 1.865145 1.463875
v 0.138657 1.911597 1.448000
v 0.075636 1.830565 1.389404
v 0.148023 1.820687 1.402492
v 0.222677 1.812969 1.424282
v 0.304456 1.801846 1.436603
v 0.266348 1.846443 1.453607
v 0.180715 1.778990 1.354945
v 0.255421 1.765399 1.351824
v 0.331811 1.766512 1.404225
v 0.415535 1.753826 1.405102
v 0.391066 1.787180 1.432831
v 0.270285 1.752141 1.349516
v 0.346759 1.735127 1.330118
v 0.423127 1.717187 1.303192
v 0.499313 1.711848 1.314122
v 0.498741 1.739006 1.384354
v 0.347558 1.724360 1.275466
v 0.419300 1.717864 1.285794
v 0.484469 1.700757 1.245116
v 0.548913 1.700788 1.255533
v 0.569443 1.704843 1.299278
v 0.398793 1.721684 1.216635
v 0.458723 1.715618 1.211289
v 0.516217 1.712091 1.206743
v 0.564701 1.696506 1.147342
v 0.602340 1.686492 1.195176
v 0.421419 1.738059 1.152344
v 0.471707 1.731985 1.137154
v 0.521936 1.728882 1.126512
v 0.566094 1.714051 1.071053
v 0.616634 1.692852 1.123959
v 0.427152 1.773753 1.109643
v 0.470858 1.754894 1.053755
v 0.514720 1.749276 1.030635
v 0.555842 1.740981 0.992552
v 0.611472 1.708194 1.037517
v 0.425480 1.808508 1.047151
v 0.467202 1.805156 1.030052
v 0.506618 1.795233 0.989402
v 0.544311 1.788608 0.952029
v 0.594015 1.733300 0.949573
v 0.421608 1.858392 1.014636
v 0.460577 1.855327 0.992201
v 0.497683 1.845183 0.948978
v 0.532556 1.836955 0.906118
v 0.577853 1.778025 0.899799
v 0.422019 1.909972 0.988000
v 0.459911 1.899635 0.947050
v 0.496420 1.896662 0.918745
v 0.531684 1.901473 0.902108
v 0.566284 1.836365 0.876519
v 0.434820 1.953445 0.963152
v 0.472644 1.948996 0.933111
v 0.507799 1.945387 0.899647
v 0.540834 1.955480 0.887360
v 0.559359 1.882823 0.830532
v 0.462308 1.995953 0.962527
v 0.499257 2.002486 0.949293
v 0.532516 1.988317 0.888642
v 0.562721 1.992661 0.857497
v 0.567521 1.939236 0.817265
v 0.503008 2.042436 0.992816
v 0.538786 2.042345 0.958045
v 0.571389 2.038869 0.910573
v 0.602081 2.035374 0.860729
v 0.590615 1.986179 0.803825
v 0.558294 2.044272 0.957130
v 0.592228 2.049742 0.926334
v 0.623213 2.038889 0.861357
v 0.654158 2.038968 0.815780
v 0.631319 2.029044 0.804200
v 0.626069 2.048180 0.947726
v 0.660247 2.056330 0.916328
v 0.695481 2.072976 0.898501
v 0.728988 2.073417 0.848913
v 0.688434 2.056042 0.799023
v 0.708317 2.049407 0.954515
v 0.739911 2.040726 0.886325
v 0.776243 2.053090 0.857472
v 0.808739 2.049241 0.796072
v 0.762735 2.074154 0.798918
v 0.799109 2.027540 0.932920
v 0.832740 2.027943 0.877786
v 0.868322 2.032885 0.829153
v 0.898877 2.025744 0.755015
v 0.841077 2.047806 0.736693
v 0.901015 2.008717 0.928542
v 0.931892 2.002622 0.853413
v 0.953728 1.981672 0.747807
v 0.994611 1.996691 0.710626
v 0.931202 2.027139 0.695315
v 0.992322 1.954735 0.853953
v 1.017731 1.944268 0.765095
v 1.046652 1.943781 0.692378
v 1.084322 1.963226 0.646650
v 1.026960 2.008266 0.656604
v 1.077846 1.899264 0.772034
v 1.098969 1.894027 0.683032
v 1.121082 1.898680 0.605435
v 1.133259 1.901956 0.521824
v 1.080645 1.945027 0.526746
v 1.138455 1.841208 0.664649
v 1.136577 1.828852 0.552127
v 1.146879 1.831066 0.471504
v 1.162060 1.844976 0.410508
v 1.129681 1.898987 0.429148
v 1.151357 1.775011 0.525904
v 1.151453 1.771207 0.436768
v 1.171064 1.787124 0.382667
v 1.160233 1.788134 0.301052
v 1.137705 1.832142 0.303208
v 1.155654 1.727293 0.424031
v 1.169969 1.739377 0.365466
v 1.136347 1.725315 0.262092
v 1.109447 1.706349 0.166816
v 1.144634 1.781778 0.214671
v 1.134200 1.690479 0.333200
v 1.105126 1.683181 0.246431
v 1.081810 1.672423 0.168819
v 1.066268 1.652644 0.091373
v 1.119890 1.708088 0.110999
v 1.070209 1.662425 0.252816
v 1.044864 1.655867 0.184927
v 1.022679 1.640602 0.117359
v 1.004248 1.617817 0.046417
v 1.069394 1.638503 0.027711
v 0.989068 1.646682 0.196910
v 0.967776 1.639797 0.141060
v 0.934418 1.618426 0.069867
v 0.918727 1.605739 0.014420
v 0.976182 1.591123 -0.023521
v 0.914885 1.655456 0.170080
v 0.868833 1.634868 0.097273
v 0.842351 1.625089 0.041290
v 0.818471 1.616086 -0.013061
v 0.893485 1.591281 -0.038692
v 0.831623 1.676200 0.142274
v 0.803417 1.669063 0.087496
v 0.769169 1.656944 0.026406
v 0.735396 1.646463 -0.034697
v 0.797519 1.610205 -0.061213
v 0.747845 1.703258 0.104986
v 0.719294 1.696501 0.048562
v 0.695146 1.694390 -0.002629
v 0.674584 1.692845 -0.052982
v 0.720491 1.651068 -0.075167
v 0.678200 1.743150 0.069561
v 0.661082 1.747579 0.023445
v 0.636599 1.741189 -0.032635
v 0.611284 1.731747 -0.089521
v 0.655757 1.692472 -0.101587
v 0.632189 1.801898 0.039541
v 0.610576 1.797966 -0.015994
v 0.586985 1.788537 -0.074542
v 0.557587 1.768397 -0.137988
v 0.585222 1.718858 -0.146855
v 0.599745 1.859826 -0.004416
v 0.575449 1.847468 -0.067195
v 0.545868 1.823418 -0.134404
v 0.534961 1.827649 -0.183078
v 0.549938 1.777672 -0.181754
v 0.581222 1.907209 -0.064075
v 0.553831 1.883253 -0.133688
v 0.544399 1.888790 -0.184439
v 0.525866 1.875304 -0.244065
v 0.514743 1.813810 -0.240195
v 0.578992 1.944121 -0.133465
v 0.553301 1.918001 -0.203225
v 0.537374 1.907678 -0.262426
v 0.522330 1.897982 -0.319615
v 0.501446 1.851406 -0.304742
v 0.590894 1.966414 -0.211066
v 0.574123 1.951634 -0.275258
v 0.562873 1.946384 -0.334516
v 0.533696 1.914375 -0.399859
v 0.496386 1.871500 -0.379411
v 0.611334 1.968917 -0.295825
v 0.588465 1.943649 -0.363365
v 0.572418 1.931683 -0.425412
v 0.555321 1.924172 -0.485176
v 0.515500 1.904887 -0.455375
v 0.651731 1.981024 -0.376437
v 0.620432 1.944990 -0.449874
v 0.586471 1.911651 -0.517761
v 0.555323 1.891451 -0.578066
v 0.523085 1.901827 -0.542393
v 0.675601 1.952745 -0.470794
v 0.657523 1.937870 -0.542942
v 0.605341 1.890609 -0.612245
v 0.571986 1.879366 -0.673277
v 0.519905 1.876023 -0.632838
v 0.697475 1.908911 -0.573763
v 0.659973 1.881903 -0.645105
v 0.600692 1.844578 -0.710831
v 0.553492 1.831903 -0.774400
v 0.516839 1.855219 -0.728340
v 0.681679 1.831351 -0.676875
v 0.634407 1.811315 -0.744670
v 0.576980 1.785739 -0.811716
v 0.527709 1.778377 -0.875459
v 0.485584 1.806431 -0.825261
v 0.659108 1.764594 -0.774948
v 0.599413 1.737374 -0.847931
v 0.535204 1.701454 -0.912035
v 0.481162 1.687667 -0.953878
v 0.453268 1.741876 -0.924888
v 0.599962 1.669129 -0.863474
v 0.539815 1.639970 -0.923283
v 0.473424 1.618402 -0.968808
v 0.400983 1.579874 -1.002415
v 0.411884 1.665271 -1.004126
v 0.534927 1.579756 -0.911016
v 0.477349 1.559498 -0.964308
v 0.392072 1.524932 -0.986091
v 0.321667 1.506634 -1.015667
v 0.322211 1.563424 -1.023154
v 0.456119 1.498105 -0.921219
v 0.386119 1.476960 -0.956237
v 0.299891 1.449386 -0.968611
v 0.213889 1.425257 -0.981252
v 0.228782 1.478699 -1.031761
v 0.365353 1.439029 -0.897412
v 0.287499 1.416283 -0.916888
v 0.211458 1.396119 -0.941643
v 0.129419 1.373994 -0.956156
v 0.124435 1.398286 -0.986382
v 0.277669 1.398605 -0.864546
v 0.203299 1.374957 -0.883766
v 0.127954 1.352545 -0.895904
v 0.051644 1.328983 -0.884748
v 0.045955 1.351854 -0.951697
v 0.196462 1.368667 -0.823727
v 0.128516 1.347523 -0.834018
v 0.063443 1.331785 -0.835173
v -0.001451 1.319037 -0.822605
v -0.018218 1.314900 -0.870507
v 0.129876 1.360706 -0.774311
v 0.071253 1.345648 -0.773192
v 0.011809 1.330218 -0.756835
v -0.045894 1.320071 -0.738677
v -0.064869 1.302344 -0.789451
v 0.074744 1.371261 -0.713851
v 0.022468 1.360309 -0.705158
v -0.030756 1.349447 -0.688526
v -0.084244 1.342162 -0.670197
v -0.101344 1.305077 -0.705830
v 0.028670 1.402627 -0.664084
v -0.020795 1.390586 -0.647859
v -0.070975 1.384652 -0.631998
v -0.119198 1.368252 -0.602929
v -0.136841 1.332260 -0.645247
v -0.016267 1.441610 -0.620033
v -0.063840 1.432385 -0.602609
v -0.110985 1.420858 -0.580618
v -0.158153 1.413609 -0.561070
v -0.168599 1.362071 -0.582807
v -0.063207 1.490729 -0.592104
v -0.110165 1.482407 -0.574430
v -0.157328 1.476026 -0.557140
v -0.202407 1.466966 -0.538133
v -0.207701 1.413474 -0.546466
v -0.114180 1.537543 -0.580931
v -0.161888 1.533381 -0.566402
v -0.208630 1.526503 -0.550274
v -0.251114 1.514173 -0.530666
v -0.244281 1.456086 -0.517750
v -0.172121 1.586681 -0.593316
v -0.218644 1.573087 -0.574025
v -0.264263 1.563752 -0.556894
v -0.312805 1.565230 -0.544477
v -0.298563 1.516908 -0.518438
v -0.234126 1.613539 -0.612526
v -0.283931 1.606667 -0.596924
v -0.334871 1.605720 -0.583069
v -0.372309 1.589761 -0.554920
v -0.348018 1.551019 -0.518842
v -0.308620 1.642747 -0.649615
v -0.355882 1.624071 -0.623005
v -0.405994 1.622247 -0.603242
v -0.443820 1.613465 -0.570981
v -0.417240 1.596446 -0.534868
v -0.388653 1.649899 -0.682198
v -0.441470 1.639053 -0.655065
v -0.487129 1.633633 -0.622837
v -0.524058 1.632363 -0.584955
v -0.482475 1.619385 -0.540800
v -0.476326 1.639094 -0.705654
v -0.531189 1.634508 -0.673272
v -0.565815 1.621571 -0.620412
v -0.601404 1.628040 -0.569698
v -0.552056 1.630455 -0.534458
v -0.573222 1.613314 -0.714288
v -0.614043 1.602078 -0.653744
v -0.649379 1.603732 -0.592263
v -0.667492 1.601057 -0.520637
v -0.631174 1.633735 -0.509784
v -0.664514 1.570352 -0.680745
v -0.698091 1.570505 -0.608035
v -0.721795 1.573936 -0.535882
v -0.737295 1.574449 -0.464136
v -0.689835 1.606135 -0.456256
v -0.739608 1.525144 -0.611979
v -0.758092 1.526894 -0.533683
v -0.782813 1.534840 -0.465014
v -0.789964 1.532661 -0.393766
v -0.743551 1.569866 -0.394800
v -0.788112 1.474732 -0.523810
v -0.793156 1.473051 -0.446264
v -0.817177 1.481691 -0.380503
v -0.821603 1.480137 -0.312548
v -0.813423 1.540523 -0.331210
v -0.804679 1.417114 -0.426311
v -0.825344 1.424535 -0.358499
v -0.818342 1.419738 -0.288943
v -0.832671 1.423869 -0.224925
v -0.823475 1.477263 -0.247074
v -0.812395 1.367136 -0.331696
v -0.807568 1.364973 -0.263549
v -0.828374 1.371996 -0.198961
v -0.823692 1.369212 -0.134678
v -0.863555 1.435239 -0.160816
v -0.776881 1.314166 -0.238146
v -0.792101 1.319214 -0.173380
v -0.800148 1.321433 -0.108665
v -0.803626 1.322403 -0.044116
v -0.837080 1.373463 -0.069246
v -0.736197 1.273458 -0.152992
v -0.758289 1.279896 -0.086635
v -0.764986 1.282093 -0.021541
v -0.766644 1.283701 0.043304
v -0.817556 1.328154 0.024163
v -0.689394 1.245373 -0.074782
v -0.704593 1.249658 -0.008610
v -0.698036 1.248978 0.051173
v -0.703514 1.253170 0.117705
v -0.765576 1.286407 0.108605
v -0.656228 1.236979 0.003434
v -0.650662 1.236341 0.062399
v -0.655546 1.240042 0.127995
v -0.642909 1.240157 0.185370
v -0.708642 1.258984 0.186559
v -0.600579 1.239712 0.066568
v -0.588332 1.237292 0.120119
v -0.579169 1.237427 0.176531
v -0.578176 1.241663 0.239735
v -0.644394 1.245813 0.252746
v -0.546626 1.257283 0.119600
v -0.535788 1.255694 0.172751
v -0.532072 1.258635 0.232193
v -0.519275 1.258732 0.283810
v -0.566602 1.243278 0.295307
v -0.482806 1.281317 0.151869
v -0.492020 1.288707 0.219325
v -0.485418 1.290223 0.273062
v -0.478105 1.292256 0.325803
v -0.507809 1.259795 0.335842
v -0.464274 1.330656 0.203007
v -0.455681 1.330473 0.252737
v -0.456218 1.334557 0.309339
v -0.439328 1.330713 0.347029
v -0.472606 1.295419 0.380058
v -0.454719 1.387244 0.243993
v -0.440681 1.381471 0.284368
v -0.444870 1.387218 0.341846
v -0.433906 1.385245 0.385015
v -0.435380 1.334603 0.400420
v -0.466215 1.447183 0.281982
v -0.452884 1.440036 0.322455
v -0.460442 1.448547 0.384732
v -0.443858 1.444161 0.425858
v -0.435192 1.393049 0.448289
v -0.489236 1.500286 0.316331
v -0.481679 1.497787 0.364167
v -0.468163 1.494590 0.408760
v -0.461444 1.499942 0.464280
v -0.428566 1.443476 0.472264
v -0.529370 1.553222 0.359660
v -0.530661 1.562365 0.419800
v -0.504536 1.551945 0.457651
v -0.481063 1.547334 0.500876
v -0.434618 1.493012 0.500773
v -0.580566 1.609007 0.410840
v -0.561473 1.604680 0.458050
v -0.533625 1.595376 0.501504
v -0.517945 1.598443 0.560306
v -0.455713 1.543135 0.544672
v -0.617014 1.644268 0.452410
v -0.593567 1.638834 0.504643
v -0.571523 1.635171 0.563421
v -0.553327 1.634581 0.631761
v -0.497805 1.598367 0.619184
v -0.669889 1.684701 0.517388
v -0.641605 1.674063 0.576682
v -0.619280 1.667668 0.652842
v -0.568585 1.642555 0.704134
v -0.500773 1.609922 0.665825
v -0.714275 1.698817 0.584709
v -0.692735 1.689559 0.684291
v -0.608959 1.647191 0.720714
v -0.572811 1.634210 0.791700
v -0.530885 1.631984 0.765090
v -0.765012 1.680423 0.701927
v -0.688637 1.664920 0.776590
v -0.618742 1.631324 0.836869
v -0.553139 1.609874 0.893449
v -0.511772 1.614569 0.837734
v -0.752238 1.639105 0.825609
v -0.652038 1.606596 0.885831
v -0.578359 1.585742 0.939906
v -0.505172 1.570587 1.000921
v -0.478255 1.588677 0.931784
v -0.665998 1.568346 0.910941
v -0.585353 1.546706 0.981304
v -0.500784 1.526186 1.046388
v -0.406363 1.504143 1.065198
v -0.421828 1.550967 1.036529
v -0.571985 1.492380 1.037878
v -0.467494 1.465781 1.058872
v -0.387174 1.454664 1.101038
v -0.303602 1.439307 1.130600
v -0.330285 1.492731 1.102992
v -0.437152 1.408331 1.083009
v -0.354172 1.398893 1.123417
v -0.260842 1.378511 1.120488
v -0.192445 1.371687 1.179885
v -0.225166 1.426600 1.160185
v -0.305413 1.339197 1.103294
v -0.223940 1.326248 1.127178
v -0.147312 1.314482 1.166410
v -0.063455 1.295215 1.178114
v -0.108469 1.355995 1.218110
v -0.179107 1.275248 1.092360
v -0.108346 1.266509 1.157510
v -0.024467 1.248376 1.140227
v 0.053394 1.233018 1.154342
v 0.017280 1.281699 1.218020
v -0.068432 1.224206 1.085560
v 0.005067 1.212131 1.124389
v 0.082870 1.198338 1.147016
v 0.163136 1.182715 1.147001
v 0.138150 1.217221 1.176909
v 0.030410 1.185518 1.044739
v 0.102217 1.173776 1.073330
v 0.174953 1.160843 1.076097
v 0.247071 1.147298 1.068346
v 0.244021 1.166280 1.143501
v 0.111784 1.164644 1.011737
v 0.178260 1.153594 1.015884
v 0.241886 1.141900 1.003195
v 0.310972 1.128260 1.021360
v 0.325218 1.130037 1.077981
v 0.170703 1.161071 0.942004
v 0.232147 1.152150 0.965383
v 0.289132 1.141054 0.962807
v 0.349071 1.126167 0.965406
v 0.376437 1.110997 1.017400
v 0.215289 1.177540 0.928026
v 0.264132 1.167193 0.908556
v 0.313670 1.154050 0.894388
v 0.363591 1.137309 0.877699
v 0.397200 1.108242 0.923558
v 0.239489 1.204278 0.867422
v 0.285339 1.191647 0.851646
v 0.330147 1.176139 0.830589
v 0.375320 1.158407 0.808601
v 0.412861 1.117594 0.854276
v 0.259733 1.236693 0.820308
v 0.304386 1.222831 0.807361
v 0.348172 1.206721 0.787416
v 0.389801 1.188757 0.755537
v 0.419680 1.139157 0.779406
v 0.288370 1.276777 0.821082
v 0.332585 1.260999 0.797418
v 0.375944 1.243778 0.767039
v 0.417698 1.225155 0.728297
v 0.435049 1.170386 0.729621
v 0.317542 1.312387 0.793105
v 0.360514 1.294490 0.754635
v 0.408436 1.277710 0.731324
v 0.451274 1.258000 0.688909
v 0.458183 1.206182 0.685661
v 0.363958 1.344040 0.792658
v 0.417007 1.326570 0.770293
v 0.458094 1.303115 0.709278
v 0.515331 1.285978 0.694364
v 0.496346 1.239022 0.653166
v 0.421368 1.358250 0.773568
v 0.471399 1.336835 0.730648
v 0.527889 1.318879 0.707232
v 0.582089 1.300145 0.676392
v 0.554810 1.264320 0.639519
v 0.501382 1.361520 0.782752
v 0.551967 1.339760 0.733244
v 0.616746 1.328193 0.719559
v 0.661060 1.303698 0.659912
v 0.625402 1.278142 0.625132
v 0.583987 1.351350 0.768788
v 0.648735 1.341968 0.748429
v 0.691919 1.312537 0.675860
v 0.761581 1.300516 0.655580
v 0.713766 1.284252 0.620488
v 0.696828 1.351180 0.797205
v 0.746534 1.325760 0.729562
v 0.805520 1.297689 0.678180
v 0.870041 1.270393 0.629637
v 0.794958 1.264820 0.577829
v 0.812078 1.323541 0.779110
v 0.857648 1.291964 0.710713
v 0.938392 1.250859 0.656951
v 0.961242 1.203841 0.553671
v 0.907994 1.232068 0.554071
v 0.963360 1.266841 0.779552
v 1.011172 1.215243 0.677091
v 1.045816 1.165244 0.571138
v 1.038459 1.132694 0.461363
v 0.991812 1.175472 0.480905
v 1.091689 1.161043 0.694861
v 1.097318 1.106923 0.550742
v 1.091466 1.084439 0.451509
v 1.121681 1.057416 0.379293
v 1.057387 1.116558 0.389060
v 1.155598 1.047458 0.551201
v 1.163256 1.011249 0.440382
v 1.147414 0.992385 0.338906
v 1.137458 0.969946 0.254413
v 1.124259 1.043382 0.295592
v 1.163829 0.939825 0.401300
v 1.177437 0.921939 0.328097
v 1.148241 0.915038 0.237572
v 1.148365 0.894962 0.163007
v 1.138891 0.956582 0.181110
v 1.150411 0.866579 0.309612
v 1.150522 0.853808 0.237070
v 1.128178 0.834431 0.159160
v 1.130091 0.819410 0.083660
v 1.139056 0.880572 0.087200
v 1.113112 0.810186 0.230414
v 1.073599 0.802221 0.156541
v 1.072862 0.785249 0.092187
v 1.075375 0.757894 0.012306
v 1.119000 0.789780 -0.009708
v 1.030818 0.781617 0.169162
v 1.028692 0.763471 0.104139
v 1.003379 0.748438 0.029927
v 0.989750 0.728005 -0.043028
v 1.049614 0.739323 -0.072894
v 0.965740 0.762596 0.121275
v 0.945296 0.749275 0.052949
v 0.935070 0.729522 -0.013320
v 0.911635 0.712726 -0.077327
v 0.963459 0.708537 -0.113541
v 0.894236 0.759021 0.079096
v 0.892509 0.737359 0.019542
v 0.859837 0.727966 -0.040255
v 0.831181 0.717109 -0.093632
v 0.878689 0.702174 -0.134725
v 0.825335 0.769194 0.047757
v 0.798561 0.759912 -0.007013
v 0.781619 0.745181 -0.054937
v 0.756062 0.733434 -0.100789
v 0.790816 0.711897 -0.142899
v 0.747535 0.799350 0.022536
v 0.733486 0.785290 -0.021237
v 0.690324 0.782786 -0.067985
v 0.668740 0.770215 -0.107544
v 0.709529 0.731517 -0.146171
v 0.696373 0.832217 0.006818
v 0.656706 0.829024 -0.038730
v 0.636346 0.817555 -0.075908
v 0.589848 0.818019 -0.117772
v 0.634338 0.763951 -0.147776
v 0.621711 0.885259 -0.022188
v 0.607408 0.873597 -0.056162
v 0.572721 0.869749 -0.095327
v 0.533475 0.868364 -0.133669
v 0.569816 0.807131 -0.151837
v 0.578670 0.935425 -0.053259
v 0.552394 0.929461 -0.089960
v 0.533315 0.920852 -0.123635
v 0.493732 0.918422 -0.160886
v 0.518456 0.856797 -0.163767
v 0.558305 0.982144 -0.093156
v 0.533060 0.975308 -0.130394
v 0.498624 0.969660 -0.168066
v 0.473092 0.960917 -0.198591
v 0.472098 0.909064 -0.188824
v 0.549978 1.021977 -0.145974
v 0.517321 1.014313 -0.186323
v 0.476482 1.007418 -0.223115
v 0.441013 1.000016 -0.250852
v 0.439877 0.954017 -0.224138
v 0.538235 1.050824 -0.216663
v 0.500614 1.041922 -0.255788
v 0.455619 1.034678 -0.287025
v 0.419200 1.027110 -0.308978
v 0.402388 0.993833 -0.270599
v 0.522641 1.065790 -0.297816
v 0.490784 1.056561 -0.332251
v 0.434225 1.049242 -0.356993
v 0.377580 1.043313 -0.373333
v 0.364890 1.022503 -0.324139
v 0.513344 1.064375 -0.384429
v 0.458086 1.054829 -0.412661
v 0.397746 1.048171 -0.429344
v 0.332630 1.045497 -0.440044
v 0.323890 1.038418 -0.383322
v 0.483228 1.043613 -0.468900
v 0.410893 1.037782 -0.486630
v 0.341280 1.038195 -0.500610
v 0.274275 1.046576 -0.516888
v 0.267708 1.047732 -0.448427
v 0.434484 1.009764 -0.547183
v 0.351321 1.014985 -0.563444
v 0.279211 1.028106 -0.590161
v 0.205904 1.041302 -0.616553
v 0.202843 1.058668 -0.532179
v 0.364291 0.970486 -0.626385
v 0.283065 0.984921 -0.662873
v 0.208422 0.991006 -0.702607
v 0.119977 0.992704 -0.717179
v 0.124719 1.044358 -0.632174
v 0.281583 0.919542 -0.717432
v 0.202576 0.915638 -0.760383
v 0.114776 0.911118 -0.779638
v 0.002289 0.884436 -0.767214
v 0.018633 0.974942 -0.710800
v 0.196901 0.819312 -0.785624
v 0.102345 0.801101 -0.802623
v -0.006430 0.775092 -0.779171
v -0.115167 0.768605 -0.702836
v -0.105454 0.868172 -0.691586
v 0.095764 0.693971 -0.768122
v 0.000390 0.694513 -0.750246
v -0.102583 0.667383 -0.669206
v -0.170249 0.689086 -0.567771
v -0.186240 0.755389 -0.590596
v 0.016730 0.614189 -0.688352
v -0.071267 0.610808 -0.611477
v -0.140870 0.623534 -0.532664
v -0.179311 0.645770 -0.442912
v -0.209738 0.693004 -0.472143
v -0.036016 0.581497 -0.557866
v -0.094245 0.585957 -0.480809
v -0.142508 0.612348 -0.410510
v -0.185066 0.623039 -0.344931
v -0.225242 0.650947 -0.369783
v -0.050268 0.581669 -0.433961
v -0.100985 0.584067 -0.375478
v -0.145956 0.590597 -0.315245
v -0.188450 0.592989 -0.256525
v -0.231960 0.624015 -0.282322
v -0.057397 0.584310 -0.338251
v -0.101408 0.575997 -0.283682
v -0.137777 0.586948 -0.232943
v -0.170351 0.581532 -0.177715
v -0.223705 0.597579 -0.198731
v -0.055101 0.595942 -0.254719
v -0.089969 0.584512 -0.204412
v -0.116863 0.591105 -0.160046
v -0.136053 0.591574 -0.115609
v -0.194312 0.568795 -0.119191
v -0.046587 0.620480 -0.184496
v -0.072868 0.607560 -0.137966
v -0.091236 0.610203 -0.099570
v -0.101047 0.599256 -0.055885
v -0.146719 0.579566 -0.066403
v -0.038857 0.651538 -0.124076
v -0.056715 0.639882 -0.082418
v -0.066164 0.633545 -0.045404
v -0.066191 0.624431 -0.009459
v -0.100113 0.587259 -0.014410
v -0.035415 0.688927 -0.070874
v -0.044953 0.682759 -0.037309
v -0.046113 0.667750 0.001871
v -0.039824 0.658286 0.034470
v -0.057761 0.614192 0.024594
v -0.040627 0.729468 -0.019996
v -0.043198 0.716646 0.018144
v -0.039128 0.716011 0.041663
v -0.028398 0.707276 0.070892
v -0.027542 0.652769 0.060380
v -0.059322 0.778532 0.024219
v -0.055689 0.765631 0.062737
v -0.045570 0.759537 0.088956
v -0.028698 0.745909 0.122287
v -0.011699 0.695978 0.100161
v -0.089855 0.812021 0.088070
v -0.077275 0.804127 0.115706
v -0.057915 0.783316 0.161741
v -0.031836 0.775306 0.182588
v -0.004524 0.731387 0.153413
v -0.120720 0.842388 0.143022
v -0.098528 0.821284 0.191609
v -0.067242 0.804650 0.228719
v -0.028585 0.791055 0.260541
v 0.002783 0.758974 0.216849
v -0.143960 0.848826 0.218134
v -0.109475 0.830408 0.262640
v -0.066329 0.815279 0.305580
v -0.013327 0.805400 0.329158
v 0.015609 0.785479 0.273388
v -0.157560 0.841643 0.307723
v -0.107537 0.831656 0.339791
v -0.046339 0.818880 0.376835
v 0.025360 0.802699 0.400736
v 0.048326 0.790938 0.357060
v -0.151376 0.834896 0.399587
v -0.079420 0.822296 0.434326
v 0.003517 0.800883 0.458893
v 0.095159 0.771729 0.485354
v 0.104545 0.781147 0.425769
v -0.109424 0.814397 0.494455
v -0.017189 0.788996 0.514486
v 0.086159 0.751224 0.537581
v 0.195684 0.715854 0.544660
v 0.186278 0.748812 0.485919
v -0.026617 0.756494 0.582319
v 0.083075 0.716999 0.581215
v 0.211577 0.667401 0.592132
v 0.325031 0.644453 0.565399
v 0.297889 0.694980 0.524641
v 0.102678 0.649152 0.633571
v 0.220393 0.621898 0.595320
v 0.343953 0.591181 0.575905
v 0.458167 0.558488 0.521642
v 0.429055 0.617869 0.508441
v 0.244958 0.553086 0.608756
v 0.355535 0.535830 0.562711
v 0.459670 0.511366 0.496879
v 0.528432 0.498040 0.399974
v 0.521403 0.550773 0.418197
v 0.381380 0.462512 0.559864
v 0.474021 0.446832 0.481282
v 0.542637 0.431398 0.386179
v 0.576389 0.430567 0.289390
v 0.573196 0.489818 0.307646
v 0.471981 0.393668 0.449994
v 0.518396 0.394285 0.347079
v 0.568202 0.378724 0.264193
v 0.594914 0.385534 0.184842
v 0.616989 0.422225 0.216448
v 0.488675 0.363284 0.308694
v 0.537994 0.345110 0.231469
v 0.558617 0.350651 0.151273
v 0.590093 0.349988 0.082917
v 0.623964 0.377787 0.113598
v 0.500296 0.324029 0.198341
v 0.536157 0.310733 0.126054
v 0.544276 0.327768 0.052705
v 0.562903 0.335916 -0.008369
v 0.610741 0.353401 0.025280
v 0.477970 0.322457 0.092498
v 0.496193 0.326839 0.025485
v 0.512905 0.336993 -0.035421
v 0.550698 0.328639 -0.086520
v 0.566101 0.358251 -0.063918
v 0.447061 0.347551 0.003224
v 0.472000 0.348822 -0.052664
v 0.491014 0.369777 -0.103615
v 0.546576 0.380968 -0.126289
v 0.437696 0.373895 -0.065058
v 0.467045 0.385438 -0.112933
v 0.410222 0.409878 -0.073175
v 0.441533 0.419570 -0.118373
v 0.430983 0.447942 -0.118834
v 0.407502 0.376928 -0.013734
v 0.435496 0.332938 0.068470
v 0.460573 0.316455 0.166593
v 0.462910 0.333304 0.276324
v 0.439870 0.370860 0.395735
v 0.374511 0.419385 0.511586
v 0.258973 0.490534 0.584329
v 0.116742 0.582928 0.628106
v -0.025593 0.696945 0.639903
v -0.139708 0.786219 0.571546
v -0.199669 0.825787 0.476392
v -0.207890 0.841749 0.352845
v -0.198004 0.856640 0.264309
v -0.170632 0.870825 0.166523
v -0.135542 0.858950 0.099484
v -0.093345 0.827345 0.043191
v -0.055340 0.786325 -0.009326
v -0.030343 0.736716 -0.053478
v -0.017702 0.684237 -0.098356
v -0.014560 0.650774 -0.158518
v -0.016060 0.608660 -0.221091
v -0.017318 0.591698 -0.299908
v -0.011215 0.581448 -0.387938
v 0.002782 0.564244 -0.491663
v 0.041796 0.573112 -0.597287
v 0.113653 0.639489 -0.713268
v 0.189208 0.720977 -0.761998
v 0.284395 0.834533 -0.743029
v 0.360637 0.913873 -0.670575
v 0.446361 0.968048 -0.599048
v 0.512842 1.016289 -0.526615
v 0.545761 1.055236 -0.437149
v 0.557026 1.074878 -0.343401
v 0.576217 1.076282 -0.251424
v 0.562401 1.059792 -0.175094
v 0.568289 1.030136 -0.108321
v 0.582700 0.988377 -0.055164
v 0.614800 0.938842 -0.010717
v 0.662376 0.887603 0.024258
v 0.699680 0.848449 0.044486
v 0.773284 0.807231 0.074942
v 0.857326 0.776148 0.110341
v 0.930069 0.763771 0.149425
v 0.976906 0.776328 0.187130
v 1.077677 0.781674 0.245570
v 1.131575 0.825187 0.310459
v 1.163487 0.886690 0.389731
v 1.199882 0.958094 0.526420
v 1.181448 1.058126 0.683090
v 1.039298 1.209326 0.818226
v 0.902082 1.299167 0.863901
v 0.757241 1.348993 0.863621
v 0.636672 1.366810 0.849432
v 0.531884 1.371282 0.820478
v 0.447246 1.384172 0.829074
v 0.372836 1.382833 0.831058
v 0.314647 1.361725 0.824196
v 0.274023 1.330115 0.831538
v 0.241775 1.289789 0.829192
v 0.218788 1.251494 0.860703
v 0.194929 1.215133 0.897183
v 0.158692 1.184111 0.896671
v 0.113208 1.171463 0.966873
v 0.045585 1.175242 1.000246
v -0.041810 1.199073 1.061144
v -0.143091 1.236767 1.068933
v -0.258996 1.288076 1.076688
v -0.379638 1.344384 1.054710
v -0.523351 1.418520 1.044200
v -0.670674 1.518673 0.961635
v -0.751506 1.573625 0.871192
v -0.800078 1.666775 0.714854
v -0.787397 1.713337 0.624430
v -0.737114 1.708271 0.522774
v -0.698465 1.694296 0.460626
v -0.627096 1.639039 0.395997
v -0.581147 1.599756 0.351874
v -0.540154 1.558127 0.311822
v -0.491728 1.501213 0.265311
v -0.466450 1.445535 0.229663
v -0.445579 1.378878 0.181140
v -0.465995 1.330458 0.147782
v -0.493427 1.283719 0.101576
v -0.547051 1.256642 0.060977
v -0.593345 1.237213 0.003013
v -0.645617 1.233921 -0.061411
v -0.692987 1.246084 -0.135127
v -0.733391 1.272164 -0.215964
v -0.768285 1.311098 -0.303548
v -0.792490 1.359743 -0.399649
v -0.780081 1.408161 -0.495500
v -0.766908 1.469979 -0.602460
v -0.708845 1.526313 -0.694826
v -0.621186 1.583610 -0.754721
v -0.513672 1.623578 -0.757712
v -0.419267 1.655562 -0.739547
v -0.328498 1.650332 -0.696409
v -0.251100 1.639106 -0.657666
v -0.184784 1.626571 -0.631206
v -0.121997 1.583570 -0.602271
v -0.067573 1.546373 -0.597567
v -0.016994 1.497420 -0.606919
v 0.031157 1.455034 -0.636130
v 0.079923 1.419200 -0.677361
v 0.129940 1.389100 -0.720274
v 0.190056 1.378364 -0.764588
v 0.265451 1.392601 -0.807095
v 0.342448 1.417667 -0.834133
v 0.439432 1.464465 -0.871569
v 0.528781 1.530859 -0.883195
v 0.603710 1.615119 -0.859741
v 0.675714 1.711196 -0.793431
v 0.728052 1.801453 -0.704569
v 0.750816 1.887509 -0.603820
v 0.737923 1.947785 -0.498129
v 0.699599 1.975021 -0.402906
v 0.655934 1.980436 -0.314676
v 0.626660 1.983088 -0.230736
v 0.613144 1.988949 -0.140362
v 0.591094 1.941835 -0.077809
v 0.600317 1.912658 -0.003943
v 0.613568 1.852419 0.043507
v 0.650228 1.799174 0.088938
v 0.705462 1.750245 0.127454
v 0.781334 1.714701 0.167851
v 0.850805 1.673876 0.186020
v 0.920918 1.646622 0.204185
v 1.016873 1.651842 0.260089
v 1.098407 1.666924 0.329949
v 1.134073 1.685602 0.401759
v 1.144207 1.721960 0.492766
v 1.138974 1.772769 0.604233
v 1.102165 1.827846 0.715473
v 1.036723 1.887718 0.815301
v 0.951729 1.942628 0.890832
v 0.860984 1.993473 0.955412
v 0.763189 2.018846 0.969232
v 0.674770 2.059245 1.024922
v 0.591076 2.072262 1.038807
v 0.520426 2.063008 1.029801
v 0.465774 2.020297 0.976496
v 0.421337 2.006488 1.004197
v 0.395059 1.960129 0.994442
v 0.383808 1.910299 1.003798
v 0.381954 1.864801 1.040602
v 0.382690 1.807748 1.048640
v 0.379654 1.769770 1.095310
v 0.367473 1.740728 1.150716
v 0.335092 1.719378 1.184548
v 0.277822 1.727755 1.251262
v 0.199157 1.756593 1.322176
v 0.105794 1.795209 1.365551
v 0.006810 1.837864 1.368501
v -0.111670 1.904847 1.395842
v -0.229910 1.972507 1.384689
v -0.355064 2.049101 1.364798
v -0.452530 2.106325 1.293317
v -0.547088 2.164440 1.217934
v -0.623206 2.213708 1.136516
v -0.655525 2.238917 1.018593
v -0.657115 2.238943 0.914292
v -0.651192 2.225329 0.826823
v -0.680941 2.223287 0.783171
v -0.673526 2.177618 0.724186
v -0.668275 2.119346 0.675017
v -0.701640 2.084605 0.656681
v -0.712559 2.022477 0.630723
v -0.759723 1.987554 0.628616
v -0.826980 1.968856 0.633917
v -0.872194 1.938385 0.621273
v -0.971441 1.953525 0.619414
v -1.028006 1.949960 0.581949
v -1.142792 1.998623 0.536184
v -1.242137 2.051837 0.458606
v -1.279110 2.079012 0.359552
v -1.326646 2.127028 0.250363
v -1.359237 2.178194 0.132473
v -1.375128 2.232574 0.002576
v -1.368379 2.273516 -0.104959
v -1.352947 2.361188 -0.263675
v -1.263298 2.375018 -0.354436
v -1.168252 2.375492 -0.384163
v -1.044839 2.325905 -0.358474
v -0.982109 2.291197 -0.346254
v -0.917661 2.210575 -0.317956
v -0.884081 2.145694 -0.303714
v -0.846149 2.041954 -0.286361
v -0.853331 2.003063 -0.300031
v -0.843020 1.938001 -0.311658
v -0.832251 1.877356 -0.333662
v -0.819683 1.821823 -0.366850
v -0.810858 1.785893 -0.417798
v -0.763013 1.743474 -0.467622
v -0.735276 1.736692 -0.541813
v -0.703744 1.731219 -0.629229
v -0.674024 1.733502 -0.733483
v -0.635536 1.756857 -0.852908
v -0.573415 1.824761 -0.966581
v -0.495772 1.941626 -1.040212
v -0.382562 2.059505 -1.025247
v -0.302857 2.124851 -0.954191
v -0.234530 2.181604 -0.851257
v -0.188905 2.193828 -0.762902
v -0.149640 2.225973 -0.685757
v -0.118126 2.234961 -0.602684
v -0.087373 2.257768 -0.528866
v -0.055455 2.235032 -0.453640
v -0.019240 2.231756 -0.392362
v 0.022875 2.181241 -0.342107
v 0.071355 2.130323 -0.307239
v 0.126174 2.091693 -0.281974
v 0.190246 2.084648 -0.257764
v 0.258138 2.067914 -0.235928
v 0.323777 2.046579 -0.214711
v 0.396701 2.083551 -0.172409
v 0.449962 2.092199 -0.142044
v 0.508888 2.169024 -0.080021
v 0.535953 2.201898 -0.039434
v 0.569221 2.280877 0.031470
v 0.568205 2.361914 0.113112
v 0.547857 2.447732 0.209943
v 0.526879 2.446955 0.286314
v 0.629052 0.378070 0.053211
v 0.606185 0.447028 0.060917
v 0.614615 0.431919 0.145046
v 0.618940 0.491822 0.082608
v 0.619637 0.477130 0.160973
v 0.616672 0.470440 0.232043
v 0.608665 0.527017 0.172210
v 0.607674 0.517434 0.248657
v 0.573912 0.534679 0.330237
v 0.579162 0.577830 0.246410
v 0.545449 0.592342 0.331203
v 0.508589 0.597740 0.428215
v 0.518720 0.639904 0.326005
v 0.458167 0.658834 0.396522
v 0.395192 0.669527 0.479303
v 0.416881 0.699998 0.364455
v 0.363934 0.705246 0.443848
v 0.285339 0.721201 0.492503
v 0.324359 0.734376 0.385501
v 0.259066 0.748197 0.421230
v 0.186770 0.760342 0.438910
v 0.237134 0.757186 0.348228
v 0.182672 0.762658 0.373153
v 0.112575 0.779986 0.361573
v 0.181630 0.746060 0.313790
v 0.122762 0.761427 0.305972
v 0.068562 0.771668 0.298985
v 0.128850 0.736107 0.244278
v 0.085097 0.742721 0.243478
v 0.041305 0.752507 0.229892
v 0.096059 0.705967 0.195682
v 0.062117 0.706406 0.197882
v 0.026525 0.717068 0.180440
v 0.070156 0.665236 0.158043
v 0.039691 0.671101 0.148632
v 0.010113 0.687953 0.121232
v 0.042114 0.621591 0.129244
v 0.013853 0.632972 0.109840
v -0.008795 0.638727 0.091139
v 0.004693 0.578899 0.111129
v -0.019941 0.581471 0.094611
v -0.042189 0.598300 0.060649
v -0.045145 0.538834 0.102668
v -0.071093 0.561317 0.061493
v -0.089744 0.579241 0.020895
v -0.109096 0.528759 0.077936
v -0.131675 0.548669 0.029948
v -0.146516 0.555954 -0.010617
v -0.181005 0.534556 0.041466
v -0.198258 0.548174 -0.010637
v -0.204613 0.555261 -0.061670
v -0.257562 0.548181 -0.002804
v -0.261891 0.574270 -0.073634
v -0.252656 0.584370 -0.134176
v -0.326598 0.586598 -0.068793
v -0.317449 0.598491 -0.139316
v -0.280278 0.613822 -0.213971
v -0.363051 0.647767 -0.157890
v -0.330300 0.644892 -0.228742
v -0.274456 0.654965 -0.302889
v -0.368612 0.691969 -0.245201
v -0.308529 0.697427 -0.320881
v -0.248802 0.705381 -0.392104
v -0.321795 0.758639 -0.336443
v -0.262339 0.763131 -0.406558
v -0.222850 0.761343 -0.489449
v -0.266206 0.818956 -0.408835
v -0.222442 0.824554 -0.491995
v -0.178086 0.840947 -0.591809
v -0.207482 0.885257 -0.475266
v -0.157433 0.912038 -0.565888
v -0.082919 0.947888 -0.648218
v -0.124272 0.967940 -0.515326
v -0.055869 1.001701 -0.584408
v 0.033890 1.031346 -0.624031
v -0.027628 1.027925 -0.507264
v 0.047308 1.052361 -0.535523
v 0.124486 1.062827 -0.538097
v 0.061822 1.047749 -0.453369
v 0.127263 1.056197 -0.454928
v 0.200296 1.053954 -0.455050
v 0.139675 1.033088 -0.390502
v 0.201470 1.034904 -0.391364
v 0.262621 1.036047 -0.388584
v 0.204202 1.008465 -0.338236
v 0.257250 1.014435 -0.337107
v 0.320286 1.016768 -0.332882
v 0.257995 0.981484 -0.294376
v 0.312131 0.984594 -0.290502
v 0.356934 0.989444 -0.283565
v 0.310130 0.942451 -0.259461
v 0.352163 0.947130 -0.254536
v 0.402394 0.948436 -0.241975
v 0.355000 0.897099 -0.239163
v 0.404961 0.896560 -0.228384
v 0.444206 0.900861 -0.211733
v 0.412364 0.842274 -0.231060
v 0.451869 0.846540 -0.215922
v 0.476987 0.856243 -0.194658
v 0.456194 0.799547 -0.237020
v 0.494706 0.802565 -0.214917
v 0.537134 0.802323 -0.185450
v 0.520790 0.752221 -0.249534
v 0.550483 0.761045 -0.220782
v 0.597898 0.759187 -0.185904
v 0.585693 0.718881 -0.265158
v 0.629336 0.721817 -0.228800
v 0.674232 0.723967 -0.188520
v 0.659689 0.699074 -0.275832
v 0.708648 0.700884 -0.233901
v 0.757805 0.702314 -0.189435
v 0.738778 0.694508 -0.278537
v 0.777696 0.701179 -0.232511
v 0.842520 0.693845 -0.186601
v 0.842784 0.687613 -0.280005
v 0.896724 0.689577 -0.231974
v 0.927944 0.699490 -0.177209
v 0.931990 0.710164 -0.275253
v 0.966390 0.708321 -0.224139
v 1.032511 0.711621 -0.150438
v 1.026551 0.724641 -0.262380
v 1.099796 0.745448 -0.175961
v 1.096497 0.766010 -0.092912
v 1.148653 0.812499 -0.191237
v 1.154958 0.812027 -0.106977
v 1.170679 0.850493 0.009855
v 1.180694 0.909041 -0.087875
v 1.170197 0.929722 0.011766
v 1.154505 0.942581 0.101915
v 1.160336 0.999958 0.046583
v 1.121793 1.019750 0.118143
v 1.129250 1.021526 0.204561
v 1.084706 1.082143 0.153676
v 1.070648 1.092447 0.240042
v 1.036076 1.105469 0.296774
v 0.996269 1.138513 0.245438
v 0.993482 1.144033 0.317073
v 0.981402 1.158029 0.387469
v 0.934334 1.174933 0.327537
v 0.930471 1.187707 0.399590
v 0.909775 1.204016 0.462827
v 0.855700 1.204914 0.386111
v 0.867758 1.222829 0.475130
v 0.826315 1.240171 0.517176
v 0.801055 1.223248 0.454131
v 0.781916 1.239740 0.512389
v 0.752046 1.259767 0.565951
v 0.728565 1.221518 0.485748
v 0.712255 1.239795 0.547998
v 0.673802 1.259444 0.590554
v 0.680731 1.208386 0.530454
v 0.629562 1.224520 0.546535
v 0.590956 1.243203 0.586158
v 0.625540 1.183535 0.551242
v 0.579553 1.201127 0.575702
v 0.536166 1.219529 0.608523
v 0.572952 1.151199 0.559394
v 0.546870 1.169432 0.618689
v 0.506587 1.188097 0.660275
v 0.549871 1.115432 0.598627
v 0.510204 1.133238 0.637113
v 0.473119 1.151519 0.683575
v 0.544321 1.081103 0.658771
v 0.505411 1.099706 0.704273
v 0.460267 1.119557 0.737774
v 0.546468 1.055019 0.731983
v 0.501773 1.075647 0.773622
v 0.459036 1.096499 0.818600
v 0.553837 1.039235 0.822910
v 0.506914 1.062060 0.870658
v 0.447367 1.087190 0.889019
v 0.538222 1.043058 0.887990
v 0.485943 1.067767 0.935435
v 0.428720 1.091668 0.970627
v 0.525647 1.058814 0.987952
v 0.463073 1.086140 1.035767
v 0.395360 1.110268 1.065693
v 0.486753 1.091054 1.078220
v 0.411194 1.120764 1.115611
v 0.336249 1.144226 1.164608
v 0.415513 1.142197 1.160106
v 0.318075 1.176865 1.185194
v 0.224320 1.197335 1.164196
v 0.311484 1.209264 1.232120
v 0.205229 1.242078 1.256691
v 0.106117 1.262999 1.226171
v 0.155275 1.306825 1.252662
v 0.065934 1.323114 1.253747
v -0.024332 1.341729 1.220662
v 0.026865 1.378355 1.241722
v -0.059265 1.395406 1.207304
v -0.146128 1.414218 1.199612
v -0.097615 1.457445 1.202275
v -0.182818 1.474602 1.194410
v -0.259699 1.484980 1.148193
v -0.199501 1.519960 1.143653
v -0.267947 1.524327 1.090912
v -0.338684 1.533498 1.055978
v -0.277517 1.562789 1.062793
v -0.347601 1.572637 1.027820
v -0.421661 1.585458 0.996780
v -0.332912 1.590465 0.972620
v -0.408119 1.606327 0.952447
v -0.465226 1.611442 0.900117
v -0.362622 1.597158 0.871794
v -0.421863 1.606935 0.840510
v -0.483716 1.621477 0.813362
v -0.389476 1.599522 0.814550
v -0.430816 1.601403 0.768026
v -0.475207 1.609794 0.729086
v -0.386476 1.575424 0.745390
v -0.414391 1.572526 0.690423
v -0.449724 1.578517 0.647495
v -0.363395 1.529599 0.668232
v -0.406291 1.541216 0.642536
v -0.424374 1.536102 0.583650
v -0.350098 1.480980 0.616353
v -0.395177 1.495953 0.600300
v -0.422361 1.499770 0.559660
v -0.349570 1.432249 0.588834
v -0.373963 1.432920 0.544352
v -0.399148 1.435681 0.504280
v -0.354969 1.377011 0.557060
v -0.386870 1.383937 0.525732
v -0.403692 1.382989 0.474589
v -0.388132 1.335226 0.550618
v -0.409152 1.336350 0.501628
v -0.421856 1.334467 0.447150
v -0.423787 1.294724 0.524518
v -0.446358 1.297253 0.479686
v -0.455233 1.294078 0.422029
v -0.475062 1.266276 0.500866
v -0.488705 1.264877 0.445223
v -0.494308 1.260603 0.384773
v -0.537917 1.249882 0.472326
v -0.554095 1.250037 0.418362
v -0.551433 1.243727 0.347216
v -0.611061 1.249937 0.434257
v -0.623683 1.250141 0.373768
v -0.630242 1.247053 0.309872
v -0.685521 1.266476 0.378529
v -0.692581 1.265540 0.312832
v -0.694225 1.260325 0.245140
v -0.741739 1.294491 0.299641
v -0.762103 1.295857 0.242680
v -0.749770 1.285914 0.168171
v -0.817722 1.341483 0.227917
v -0.812492 1.333946 0.156829
v -0.814358 1.329791 0.089876
v -0.848587 1.385118 0.132346
v -0.839584 1.377150 0.062226
v -0.845848 1.377213 -0.002608
v -0.876880 1.440186 0.038653
v -0.861631 1.431954 -0.030397
v -0.857886 1.430854 -0.095854
v -0.873507 1.493531 -0.054999
v -0.860077 1.488728 -0.120534
v -0.852693 1.488303 -0.184985
v -0.847549 1.543629 -0.139415
v -0.834179 1.540842 -0.202751
v -0.810845 1.532967 -0.264187
v -0.794072 1.579878 -0.210881
v -0.775430 1.575183 -0.271345
v -0.772591 1.581409 -0.336111
v -0.738811 1.612402 -0.271263
v -0.717837 1.606601 -0.330070
v -0.702584 1.605157 -0.391372
v -0.681302 1.637011 -0.322282
v -0.668086 1.638001 -0.383827
v -0.648719 1.633900 -0.444852
v -0.600484 1.627446 -0.357024
v -0.592417 1.633178 -0.418712
v -0.574351 1.631081 -0.477865
v -0.532571 1.609571 -0.386053
v -0.520639 1.611918 -0.441638
v -0.506399 1.616728 -0.495407
v -0.484740 1.591578 -0.411727
v -0.468283 1.591110 -0.458867
v -0.439212 1.583978 -0.495208
v -0.428029 1.542240 -0.422871
v -0.412627 1.548479 -0.463591
v -0.384940 1.550312 -0.495338
v -0.387860 1.495607 -0.436494
v -0.368634 1.505214 -0.471403
v -0.334075 1.506845 -0.495533
v -0.353568 1.443373 -0.453156
v -0.327420 1.452978 -0.482277
v -0.292062 1.460532 -0.505282
v -0.332768 1.398174 -0.482339
v -0.296431 1.403521 -0.506733
v -0.253367 1.407678 -0.526927
v -0.306073 1.345245 -0.516183
v -0.263509 1.350304 -0.540141
v -0.215171 1.353210 -0.559558
v -0.289338 1.308595 -0.570354
v -0.241112 1.316723 -0.597368
v -0.186518 1.320056 -0.616024
v -0.266712 1.283371 -0.635180
v -0.210414 1.289321 -0.657744
v -0.159191 1.302409 -0.691596
v -0.236599 1.270703 -0.702814
v -0.181995 1.281545 -0.734228
v -0.125178 1.292920 -0.765243
v -0.208878 1.279613 -0.788023
v -0.146901 1.287974 -0.810256
v -0.084744 1.300195 -0.840627
v -0.168376 1.298585 -0.859824
v -0.104212 1.313311 -0.897695
v -0.032534 1.332647 -0.934863
v -0.123994 1.337135 -0.959520
v -0.046037 1.357011 -0.986975
v 0.038198 1.377289 -0.991695
v -0.055202 1.396096 -1.036766
v 0.033976 1.416489 -1.031601
v 0.132066 1.449684 -1.038995
v 0.032508 1.463514 -1.055831
v 0.131328 1.498417 -1.053484
v 0.235129 1.540141 -1.051408
v 0.136541 1.557976 -1.059032
v 0.228515 1.592934 -1.035865
v 0.315239 1.625039 -1.023041
v 0.222634 1.642260 -1.010380
v 0.305395 1.678425 -0.992592
v 0.389624 1.726551 -0.961840
v 0.298430 1.736508 -0.953814
v 0.369206 1.763962 -0.915273
v 0.436250 1.790731 -0.875683
v 0.343770 1.793868 -0.866673
v 0.404458 1.816528 -0.823373
v 0.464476 1.837918 -0.780314
v 0.376644 1.832233 -0.771842
v 0.434466 1.855374 -0.730139
v 0.484360 1.870811 -0.683852
v 0.385026 1.827407 -0.677285
v 0.440228 1.857258 -0.638679
v 0.480234 1.872947 -0.593285
v 0.405428 1.837336 -0.597183
v 0.452570 1.867329 -0.555786
v 0.483454 1.880892 -0.508683
v 0.414878 1.821292 -0.522247
v 0.455693 1.852605 -0.478420
v 0.470830 1.850722 -0.432314
v 0.430587 1.800294 -0.455011
v 0.451555 1.808537 -0.410937
v 0.482573 1.838461 -0.358151
v 0.454381 1.774460 -0.393689
v 0.468997 1.777243 -0.348496
v 0.497996 1.804833 -0.293034
v 0.483545 1.733826 -0.342328
v 0.507835 1.751695 -0.290516
v 0.521786 1.754808 -0.241709
v 0.523434 1.689018 -0.302234
v 0.549340 1.706482 -0.248351
v 0.565694 1.711667 -0.198642
v 0.576131 1.651163 -0.270061
v 0.600124 1.664048 -0.216908
v 0.630445 1.681794 -0.157965
v 0.638620 1.621899 -0.242628
v 0.668077 1.636390 -0.184922
v 0.687340 1.640381 -0.134452
v 0.712740 1.596253 -0.220414
v 0.731800 1.599633 -0.169652
v 0.759063 1.604150 -0.115292
v 0.793382 1.564536 -0.209913
v 0.829342 1.569623 -0.151340
v 0.864933 1.577340 -0.098274
v 0.895898 1.546607 -0.202241
v 0.940324 1.558353 -0.144596
v 0.941209 1.568179 -0.097379
v 1.007186 1.562248 -0.193472
v 1.048008 1.590217 -0.119985
v 1.051591 1.606905 -0.054028
v 1.122242 1.650235 -0.126789
v 1.102356 1.643524 -0.078499
v 1.117753 1.682575 0.017535
v 1.140623 1.714535 -0.073743
v 1.141374 1.745887 0.023246
v 1.136833 1.767514 0.118543
v 1.140489 1.819858 0.056314
v 1.129115 1.825817 0.137415
v 1.127148 1.834681 0.222648
v 1.105868 1.900045 0.190910
v 1.099251 1.892515 0.246649
v 1.119587 1.898975 0.342784
v 1.056699 1.945771 0.275720
v 1.076491 1.955543 0.371505
v 1.076413 1.942040 0.435566
v 1.028512 2.010793 0.408591
v 1.023758 1.987445 0.456153
v 1.020487 1.980919 0.528173
v 0.965554 2.022272 0.470088
v 0.972029 2.032081 0.563426
v 0.958133 2.029786 0.633660
v 0.912828 2.061102 0.571595
v 0.902082 2.066474 0.646799
v 0.877262 2.063597 0.705011
v 0.834409 2.047413 0.591086
v 0.817436 2.058129 0.664334
v 0.790255 2.059535 0.720839
v 0.776722 2.056238 0.654137
v 0.749985 2.056253 0.703717
v 0.717323 2.045250 0.733492
v 0.721154 2.034139 0.679090
v 0.690244 2.025383 0.709045
v 0.659213 2.018951 0.742138
v 0.677640 1.997295 0.693970
v 0.648874 1.996487 0.734953
v 0.619099 1.989385 0.766085
v 0.645236 1.931379 0.678064
v 0.619454 1.933577 0.723597
v 0.593316 1.934032 0.766419
v 0.639584 1.886161 0.717296
v 0.613886 1.885739 0.758512
v 0.588491 1.888234 0.804300
v 0.649061 1.830495 0.752385
v 0.619376 1.821335 0.773468
v 0.596274 1.833687 0.837435
v 0.668555 1.773695 0.787357
v 0.641510 1.775704 0.830156
v 0.613196 1.780933 0.877344
v 0.692988 1.723660 0.828709
v 0.666144 1.730119 0.881906
v 0.632437 1.732956 0.921471
v 0.724394 1.690714 0.899829
v 0.693456 1.699023 0.958534
v 0.650650 1.698317 0.983855
v 0.749045 1.671911 0.984139
v 0.703397 1.673052 1.015175
v 0.664294 1.685618 1.081531
v 0.754011 1.667376 1.067474
v 0.701912 1.669182 1.096265
v 0.654702 1.678764 1.151205
v 0.733023 1.675614 1.136794
v 0.681566 1.682890 1.185906
v 0.631293 1.697380 1.261917
v 0.704253 1.714080 1.269255
v 0.642507 1.718751 1.306984
v 0.576373 1.728676 1.355970
v 0.635026 1.751047 1.335702
v 0.563014 1.757525 1.372421
v 0.481597 1.777258 1.437361
v 0.541164 1.814935 1.451846
v 0.449328 1.823178 1.466271
v 0.354772 1.832258 1.454791
v 0.404542 1.873976 1.467426
v 0.307818 1.889531 1.477593
v 0.218055 1.904652 1.476575
v 0.255197 1.951426 1.487404
v 0.166400 1.965468 1.480686
v 0.077614 1.986986 1.491746
v 0.120573 2.019143 1.455455
v 0.037354 2.035217 1.449470
v -0.039422 2.048061 1.434653
v -0.001579 2.080783 1.386310
v -0.067378 2.094447 1.363249
v -0.149689 2.113610 1.379591
v -0.108720 2.143386 1.345033
v -0.180330 2.170661 1.307429
v -0.241103 2.171991 1.313631
v -0.214910 2.215767 1.257622
v -0.263625 2.230189 1.223423
v -0.332139 2.228951 1.221974
v -0.279659 2.268826 1.133013
v -0.335487 2.266194 1.120384
v -0.380444 2.258199 1.090851
v -0.306233 2.271748 1.009433
v -0.356696 2.263047 0.998569
v -0.401966 2.249895 0.983885
v -0.314875 2.237176 0.927676
v -0.358628 2.222478 0.916336
v -0.396095 2.203801 0.898390
v -0.313786 2.163123 0.867570
v -0.340985 2.138195 0.861504
v -0.398130 2.144963 0.856894
v -0.316799 2.089528 0.862248
v -0.332477 2.070142 0.851726
v -0.388497 2.078115 0.837653
v -0.299617 1.974153 0.874395
v -0.343185 1.990589 0.862491
v -0.381070 1.988276 0.848912
v -0.335431 1.949452 0.903041
v -0.375055 1.952204 0.917296
v -0.407270 1.948841 0.849685
v -0.377774 1.916637 0.940977
v -0.405124 1.900640 0.900148
v -0.472811 1.926048 0.869957
v -0.426646 1.883968 0.968609
v -0.470217 1.886960 0.919201
v -0.539407 1.913633 0.897277
v -0.494207 1.874087 0.984163
v -0.537525 1.877470 0.930018
v -0.592025 1.889625 0.889065
v -0.576700 1.880179 0.995528
v -0.635861 1.894439 0.954392
v -0.673345 1.893647 0.894525
v -0.645289 1.883928 0.972303
v -0.713738 1.904945 0.939033
v -0.764977 1.914219 0.890508
v -0.751903 1.925516 0.966516
v -0.786982 1.924039 0.904464
v -0.866473 1.952530 0.873743
v -0.849216 1.971644 0.933457
v -0.911667 1.988938 0.887665
v -0.976310 2.007362 0.840220
v -0.951133 2.031882 0.885876
v -1.033122 2.062173 0.843294
v -1.097434 2.080453 0.787311
v -1.051783 2.102105 0.819228
v -1.138676 2.136094 0.768380
v -1.167195 2.130807 0.694484
v -1.125837 2.165032 0.726065
v -1.224349 2.208390 0.666492
v -1.234795 2.192135 0.584664
v -1.231390 2.259686 0.623713
v -1.278097 2.270449 0.544457
v -1.291815 2.260085 0.460268
v -1.238712 2.292725 0.499068
v -1.266230 2.293613 0.417845
v -1.293302 2.298497 0.337637
v -1.263583 2.345800 0.378733
v -1.286682 2.349666 0.299402
v -1.258769 2.313082 0.231041
v -1.220482 2.347429 0.276527
v -1.233649 2.346387 0.204641
v -1.255166 2.353653 0.131991
v -1.166938 2.333945 0.195473
v -1.171939 2.326402 0.130439
v -1.219190 2.359767 0.054035
v -1.151793 2.345450 0.125098
v -1.153707 2.335798 0.062991
v -1.166777 2.338519 -0.002623
v -1.077379 2.285641 0.083335
v -1.117566 2.316151 0.015365
v -1.087918 2.289791 -0.039534
v -1.059742 2.269110 0.043930
v -1.026119 2.238643 -0.005469
v -1.045952 2.264385 -0.064479
v -1.025851 2.222150 0.024945
v -0.992377 2.194195 -0.016904
v -0.992992 2.206766 -0.065496
v -0.983249 2.147803 0.023729
v -0.951781 2.117049 -0.010612
v -0.941605 2.118214 -0.054871
v -0.968030 2.075058 0.024008
v -0.940383 2.048092 -0.009478
v -0.932594 2.048646 -0.054914
v -0.971840 2.010716 0.016439
v -0.961005 2.007199 -0.020643
v -0.929313 1.982007 -0.059795
v -0.972518 1.947211 0.001745
v -0.952651 1.931020 -0.039487
v -0.938472 1.921383 -0.082981
v -0.991599 1.897895 -0.027519
v -0.984827 1.893936 -0.074568
v -0.964627 1.879131 -0.120864
v -1.007917 1.852358 -0.069825
v -0.999194 1.845907 -0.119780
v -0.987854 1.836857 -0.170555
v -1.054456 1.837525 -0.132267
v -1.053562 1.835064 -0.188033
v -1.003413 1.795489 -0.231915
v -1.078977 1.816786 -0.204746
v -1.067951 1.804314 -0.261651
v -1.037228 1.779532 -0.315827
v -1.123822 1.821433 -0.299865
v -1.077679 1.786384 -0.349947
v -1.065402 1.776318 -0.418315
v -1.152271 1.829148 -0.408261
v -1.096303 1.794599 -0.461693
v -1.059260 1.783458 -0.531156
v -1.141410 1.841577 -0.523482
v -1.107687 1.838230 -0.606173
v -1.020558 1.821985 -0.651003
v -1.113932 1.888729 -0.663316
v -1.032793 1.876397 -0.713272
v -0.934606 1.849267 -0.734860
v -1.016942 1.924419 -0.749506
v -0.947385 1.930629 -0.799534
v -0.872957 1.931834 -0.843395
v -0.925148 1.997773 -0.824602
v -0.849436 2.012341 -0.866607
v -0.775543 1.989310 -0.902071
v -0.821083 2.061709 -0.843616
v -0.768351 2.076933 -0.892363
v -0.684350 2.088341 -0.930478
v -0.739222 2.130152 -0.846406
v -0.656377 2.146507 -0.863394
v -0.611475 2.139098 -0.894237
v -0.645872 2.158893 -0.794023
v -0.593997 2.173702 -0.827480
v -0.533020 2.178718 -0.817020
v -0.589828 2.186765 -0.745586
v -0.527846 2.190067 -0.759666
v -0.467907 2.196446 -0.753436
v -0.528166 2.190701 -0.687226
v -0.468372 2.189459 -0.684365
v -0.413174 2.174160 -0.679630
v -0.466552 2.157073 -0.613138
v -0.421765 2.186219 -0.630268
v -0.365154 2.159215 -0.613846
v -0.419775 2.146454 -0.565774
v -0.366784 2.128937 -0.557664
v -0.324749 2.160272 -0.564797
v -0.363392 2.082251 -0.506505
v -0.320556 2.099688 -0.508943
v -0.276857 2.114746 -0.504138
v -0.319606 2.065361 -0.478196
v -0.270956 2.057494 -0.467563
v -0.231581 2.096078 -0.462959
v -0.265846 2.017020 -0.453047
v -0.222698 2.041758 -0.445676
v -0.175278 2.040373 -0.426819
v -0.208703 1.975042 -0.444211
v -0.162588 1.997958 -0.431448
v -0.113678 1.993568 -0.411119
v -0.146326 1.942935 -0.450294
v -0.096275 1.957156 -0.433188
v -0.046953 1.966352 -0.414421
v -0.077719 1.906434 -0.465840
v -0.025801 1.940823 -0.451180
v 0.024845 1.948616 -0.431613
v -0.006596 1.905826 -0.495549
v 0.046890 1.918534 -0.476050
v 0.104212 1.965180 -0.458150
v 0.065482 1.903437 -0.527193
v 0.122802 1.928234 -0.507233
v 0.180916 1.959826 -0.483370
v 0.140695 1.931563 -0.560072
v 0.208347 1.978794 -0.536774
v 0.261750 1.986523 -0.501702
v 0.224739 1.994254 -0.585942
v 0.290569 2.025717 -0.550690
v 0.339054 2.030932 -0.500437
v 0.310615 2.067756 -0.592004
v 0.367877 2.084132 -0.535309
v 0.406721 2.094897 -0.464602
v 0.377116 2.119054 -0.562330
v 0.440250 2.161975 -0.487354
v 0.464450 2.165417 -0.407677
v 0.448425 2.213350 -0.506051
v 0.503084 2.261292 -0.413580
v 0.508670 2.255843 -0.334955
v 0.496229 2.333822 -0.423625
v 0.519230 2.346159 -0.327542
v 0.518283 2.342497 -0.263826
v 0.482173 2.429409 -0.330137
v 0.501699 2.429674 -0.246369
v 0.493215 2.424768 -0.192165
v 0.429705 2.498016 -0.253756
v 0.449877 2.483544 -0.201617
v 0.467926 2.516671 -0.127487
v 0.381333 2.504851 -0.208740
v 0.396859 2.551008 -0.131943
v 0.394065 2.592283 -0.036366
v 0.303779 2.583172 -0.099738
v 0.304281 2.608463 -0.014664
v 0.306022 2.635667 0.061676
v 0.229019 2.571943 -0.014151
v 0.235694 2.610854 0.058667
v 0.243161 2.626487 0.148441
v 0.186136 2.575527 0.070644
v 0.195654 2.583729 0.157226
v 0.214038 2.579437 0.240573
v 0.161949 2.523967 0.175683
v 0.189457 2.523189 0.251830
v 0.151112 2.448478 0.187012
v 0.183929 2.457876 0.260209
v 0.224751 2.459217 0.326097
v 0.197764 2.391354 0.266258
v 0.241325 2.398429 0.327544
v 0.293366 2.397519 0.372240
v 0.274912 2.454181 0.375313
v 0.267529 2.341104 0.321564
v 0.317056 2.342978 0.358585
v 0.370597 2.339784 0.374763
v 0.387191 2.289681 0.342274
v 0.433237 2.286498 0.334964
v 0.395529 2.242387 0.297858
v 0.346443 2.196600 0.236107
v 0.300900 2.236069 0.254844
v 0.281292 2.203754 0.184885
v 0.261122 2.279487 0.264694
v 0.236618 2.249950 0.193469
v 0.218439 2.243824 0.135796
v 0.195643 2.308644 0.199517
v 0.174977 2.311013 0.143255
v 0.174270 2.281822 0.068668
v 0.151314 2.359539 0.123322
v 0.151790 2.338813 0.057189
v 0.150258 2.332626 -0.001285
v 0.133133 2.425992 0.054636
v 0.143571 2.406310 -0.015731
v 0.152502 2.372281 -0.080325
v 0.164090 2.445802 -0.041428
v 0.166183 2.442966 -0.092991
v 0.170974 2.397451 -0.160608
v 0.201898 2.492294 -0.115567
v 0.200123 2.435006 -0.186929
v 0.194946 2.423733 -0.246310
v 0.239057 2.483270 -0.209208
v 0.234413 2.457272 -0.274898
v 0.220008 2.448594 -0.329236
v 0.291825 2.487553 -0.297820
v 0.290486 2.495165 -0.347999
v 0.274543 2.471079 -0.434331
v 0.359551 2.477593 -0.388299
v 0.336393 2.441648 -0.466582
v 0.294803 2.414480 -0.540724
v 0.388983 2.430039 -0.484944
v 0.343053 2.383840 -0.576467
v 0.271482 2.318993 -0.629260
v 0.379313 2.324352 -0.593721
v 0.302039 2.272072 -0.652416
v 0.228035 2.233396 -0.689198
v 0.309685 2.198156 -0.651884
v 0.243990 2.184945 -0.695622
v 0.169783 2.143018 -0.724634
v 0.243729 2.117222 -0.682683
v 0.173497 2.084781 -0.714585
v 0.107522 2.058463 -0.744007
v 0.175879 2.043559 -0.694473
v 0.112229 2.026920 -0.726292
v 0.045490 1.995427 -0.749176
v 0.107864 1.987261 -0.689744
v 0.038047 1.939438 -0.703908
v -0.025834 1.911319 -0.723586
v 0.034449 1.924576 -0.662215
v -0.029321 1.894565 -0.680186
v -0.093361 1.863446 -0.696611
v -0.037888 1.869154 -0.621300
v -0.099221 1.859216 -0.644615
v -0.163495 1.831520 -0.658160
v -0.107410 1.851764 -0.583221
v -0.168658 1.830487 -0.596902
v -0.231520 1.810798 -0.603579
v -0.176455 1.856138 -0.544931
v -0.234922 1.838521 -0.551652
v -0.292479 1.820452 -0.549098
v -0.238664 1.867269 -0.503995
v -0.291374 1.849606 -0.502518
v -0.345365 1.840338 -0.496837
v -0.293701 1.889002 -0.469312
v -0.345612 1.884648 -0.466507
v -0.394413 1.870913 -0.455637
v -0.352551 1.944369 -0.453880
v -0.404585 1.944056 -0.448928
v -0.456239 1.941195 -0.440811
v -0.408346 1.998955 -0.452376
v -0.456761 1.992596 -0.444247
v -0.502966 1.981540 -0.433055
v -0.464943 2.057353 -0.472069
v -0.511260 2.046682 -0.462830
v -0.557229 2.037018 -0.453459
v -0.518590 2.104054 -0.508325
v -0.567953 2.099609 -0.502667
v -0.618693 2.099780 -0.499211
v -0.566991 2.126825 -0.549320
v -0.620885 2.130591 -0.549172
v -0.658254 2.102826 -0.530644
v -0.619075 2.139558 -0.597893
v -0.684717 2.164585 -0.611412
v -0.725086 2.137479 -0.590387
v -0.685307 2.161967 -0.664097
v -0.750365 2.173332 -0.668714
v -0.799773 2.157295 -0.649408
v -0.764675 2.163982 -0.727158
v -0.819768 2.151232 -0.707077
v -0.871936 2.145421 -0.684767
v -0.843812 2.136408 -0.763200
v -0.916511 2.145119 -0.751139
v -0.961402 2.138678 -0.712241
v -0.941394 2.097463 -0.775949
v -0.992844 2.094763 -0.732087
v -1.051561 2.139560 -0.718152
v -1.038980 2.061426 -0.750971
v -1.100461 2.093274 -0.716782
v -1.148756 2.119330 -0.684518
v -1.150760 2.044220 -0.704464
v -1.199211 2.067524 -0.651065
v -1.245072 2.080079 -0.604917
v -1.221643 1.984187 -0.590000
v -1.268714 2.008230 -0.542741
v -1.285056 2.012264 -0.490618
v -1.234293 1.930887 -0.461519
v -1.259647 1.944746 -0.407568
v -1.300158 1.973434 -0.358070
v -1.234017 1.901832 -0.342360
v -1.276334 1.933998 -0.293173
v -1.258142 1.931330 -0.224160
v -1.209239 1.884742 -0.232895
v -1.221648 1.898199 -0.177477
v -1.257709 1.924026 -0.127957
v -1.159243 1.861715 -0.132194
v -1.208345 1.895589 -0.085241
v -1.228002 1.911621 -0.029896
v -1.139200 1.867001 -0.050439
v -1.153721 1.879100 0.003466
v -1.174195 1.897042 0.057440
v -1.091389 1.868106 0.021202
v -1.139585 1.906516 0.068453
v -1.120651 1.900727 0.122690
v -1.080759 1.912585 0.068903
v -1.080947 1.919716 0.117543
v -1.074975 1.925630 0.168280
v -1.039336 1.945111 0.103886
v -1.035269 1.950911 0.151359
v -1.042101 1.968274 0.200886
v -0.979099 1.966040 0.128262
v -0.987230 1.983945 0.174096
v -0.993839 2.003008 0.222822
v -0.961112 2.022215 0.142304
v -0.944077 2.020378 0.188330
v -0.969352 2.056587 0.236886
v -0.955686 2.085645 0.152309
v -0.945716 2.089235 0.199566
v -0.934603 2.093046 0.246713
v -0.962733 2.146712 0.164302
v -0.959321 2.156300 0.213316
v -0.943694 2.154823 0.262525
v -0.987269 2.207915 0.183913
v -0.968778 2.203150 0.236005
v -0.978158 2.225002 0.288364
v -1.021403 2.262180 0.215062
v -1.031325 2.284224 0.270173
v -0.978177 2.249960 0.323361
v -1.092332 2.335030 0.257363
v -1.050612 2.311275 0.317286
v -1.045094 2.324057 0.375465
v -1.094066 2.331297 0.319031
v -1.070737 2.328438 0.380075
v -1.038154 2.321130 0.440653
v -1.148201 2.363130 0.396841
v -1.093054 2.337835 0.462768
v -1.077156 2.347879 0.529696
v -1.126591 2.325191 0.493473
v -1.123276 2.345804 0.564944
v -1.057031 2.316679 0.625467
v -1.152123 2.322538 0.606040
v -1.107591 2.311585 0.672614
v -1.051989 2.292173 0.733256
v -1.111432 2.267682 0.715014
v -1.052422 2.247259 0.774268
v -1.014827 2.242152 0.838301
v -1.073410 2.217136 0.824849
v -0.984260 2.177296 0.868993
v -0.933320 2.164141 0.925858
v -0.979870 2.134267 0.910234
v -0.944707 2.132812 0.976695
v -0.878081 2.110728 1.026452
v -0.896530 2.067565 0.990785
v -0.865408 2.069993 1.062531
v -0.802028 2.051997 1.115628
v -0.781543 1.990476 1.039002
v -0.739235 1.987195 1.104707
v -0.692493 1.982323 1.173161
v -0.694714 1.943325 1.096428
v -0.626962 1.924784 1.141392
v -0.559505 1.908225 1.190466
v -0.562001 1.875686 1.091161
v -0.523508 1.879802 1.169302
v -0.438496 1.853401 1.189682
v -0.471094 1.847563 1.106458
v -0.412416 1.839110 1.153773
v -0.346399 1.828354 1.187814
v -0.379086 1.826561 1.087298
v -0.332990 1.829523 1.142971
v -0.252104 1.804248 1.132039
v -0.322476 1.841564 1.088719
v -0.265160 1.832022 1.107649
v -0.189754 1.809345 1.094298
v -0.254384 1.840805 1.025142
v -0.193925 1.834696 1.032761
v -0.131746 1.824760 1.044864
v -0.213472 1.875622 0.995632
v -0.156234 1.864696 0.983493
v -0.089912 1.853349 0.996163
v -0.165660 1.924312 0.932513
v -0.102246 1.900233 0.946102
v -0.079458 1.923836 0.936859
v -0.140499 1.973367 0.876656
v -0.087608 1.977967 0.889967
v -0.064045 1.978320 0.883076
v -0.126198 2.037990 0.863637
v -0.121678 2.071322 0.861663
v -0.015928 2.049471 0.879128
v -0.135798 2.156555 0.876525
v -0.091349 2.157227 0.897387
v -0.005229 2.103054 0.905032
v -0.154348 2.230517 0.950805
v -0.081930 2.211537 0.978625
v -0.038499 2.208917 1.057956
v -0.133959 2.252751 1.075439
v -0.070815 2.229446 1.135451
v 0.008796 2.190961 1.128432
v -0.088396 2.215741 1.243703
v 0.005732 2.183099 1.250936
v 0.086066 2.149931 1.253259
v 0.012736 2.153017 1.301424
v 0.102978 2.128001 1.328390
v 0.187719 2.101042 1.306367
v 0.129554 2.095604 1.383576
v 0.213959 2.076194 1.367417
v 0.290667 2.066422 1.358718
v 0.247511 2.048058 1.445958
v 0.329588 2.045722 1.453357
v 0.407677 2.034878 1.416978
v 0.388792 1.981822 1.446063
v 0.466945 1.977675 1.424582
v 0.535888 1.974196 1.393986
v 0.525137 1.912238 1.407513
v 0.593001 1.904770 1.361683
v 0.656326 1.900814 1.324526
v 0.643103 1.847636 1.355831
v 0.704687 1.841197 1.308093
v 0.768145 1.842448 1.285095
v 0.741661 1.789933 1.295133
v 0.789254 1.771572 1.200933
v 0.849828 1.772515 1.173704
v 0.814733 1.736159 1.206920
v 0.858625 1.721905 1.123371
v 0.919842 1.728505 1.107609
v 0.858762 1.689385 1.097697
v 0.903498 1.684752 1.041237
v 0.938537 1.681701 0.977844
v 0.871247 1.657905 0.983845
v 0.920305 1.665334 0.962580
v 0.949567 1.664953 0.903972
v 0.877454 1.659040 0.929375
v 0.900421 1.654281 0.860960
v 0.915768 1.647611 0.784950
v 0.847857 1.665881 0.840885
v 0.874853 1.666827 0.792349
v 0.885135 1.656504 0.710358
v 0.811404 1.689707 0.768178
v 0.833586 1.687326 0.712754
v 0.848511 1.679699 0.643922
v 0.780526 1.732290 0.721240
v 0.799972 1.726816 0.660983
v 0.820563 1.724082 0.607221
v 0.744343 1.773690 0.658027
v 0.761651 1.765675 0.597179
v 0.784921 1.769457 0.559906
v 0.723638 1.830438 0.624774
v 0.746973 1.832092 0.585812
v 0.760757 1.824966 0.531222
v 0.711124 1.878321 0.581699
v 0.724879 1.866738 0.523770
v 0.743018 1.875717 0.498375
v 0.718532 1.930500 0.559854
v 0.735887 1.934767 0.526295
v 0.741958 1.933648 0.480819
v 0.737111 1.972886 0.532822
v 0.742602 1.966860 0.478738
v 0.742475 1.971037 0.435285
v 0.763378 2.004695 0.495354
v 0.770179 2.021171 0.465362
v 0.759411 2.014063 0.400553
v 0.808831 2.054819 0.485890
v 0.795958 2.040117 0.406600
v 0.783216 2.038705 0.345764
v 0.850778 2.066002 0.427689
v 0.831740 2.051895 0.345407
v 0.815873 2.051169 0.281947
v 0.886019 2.047437 0.337358
v 0.868852 2.046866 0.271294
v 0.865772 2.071339 0.233781
v 0.925076 2.032494 0.257973
v 0.924839 2.041999 0.203965
v 0.909175 2.054818 0.146706
v 0.976669 2.010198 0.159988
v 0.981604 2.014262 0.104409
v 0.980321 2.025506 0.042204
v 1.032896 1.986090 0.065756
v 1.032741 1.996100 0.025083
v 1.036805 2.002329 -0.035479
v 1.116523 1.915999 -0.035091
v 1.113338 1.904877 -0.136761
v 1.109323 1.894659 -0.204012
v 1.153571 1.810328 -0.156411
v 1.147798 1.793346 -0.221121
v 1.134326 1.806774 -0.276346
v 1.120912 1.674803 -0.284955
v 1.108579 1.661834 -0.314587
v 1.103486 1.675245 -0.346248
v 1.049169 1.588082 -0.324734
v 1.011280 1.572206 -0.362887
v 0.999590 1.577785 -0.412934
v 0.917923 1.537352 -0.339135
v 0.903063 1.536782 -0.380904
v 0.867989 1.536314 -0.432975
v 0.798145 1.540628 -0.340288
v 0.764380 1.538620 -0.396009
v 0.748034 1.535059 -0.450429
v 0.709983 1.557168 -0.356038
v 0.685036 1.550362 -0.412042
v 0.666224 1.544634 -0.464792
v 0.635023 1.572479 -0.376858
v 0.604457 1.558430 -0.429831
v 0.575965 1.547447 -0.479242
v 0.565239 1.587540 -0.396922
v 0.530783 1.569570 -0.444540
v 0.502980 1.560077 -0.486404
v 0.509310 1.621301 -0.414473
v 0.468475 1.596447 -0.457301
v 0.432707 1.579934 -0.493247
v 0.449673 1.651913 -0.437927
v 0.407642 1.625310 -0.474432
v 0.374682 1.614919 -0.504983
v 0.395855 1.681898 -0.468885
v 0.364555 1.673643 -0.500391
v 0.320694 1.651883 -0.526601
v 0.356139 1.719516 -0.509394
v 0.317612 1.706098 -0.537896
v 0.274031 1.686877 -0.562967
v 0.318162 1.744378 -0.560355
v 0.286141 1.747803 -0.592584
v 0.234939 1.716072 -0.615520
v 0.295016 1.778077 -0.627312
v 0.252883 1.767838 -0.659569
v 0.199308 1.734836 -0.680799
v 0.265429 1.784112 -0.703206
v 0.219490 1.773023 -0.736889
v 0.165108 1.747482 -0.758361
v 0.232443 1.774378 -0.786730
v 0.172957 1.746410 -0.810014
v 0.121379 1.741706 -0.835797
v 0.190578 1.747310 -0.872390
v 0.126090 1.730317 -0.893976
v 0.063777 1.719517 -0.904043
v 0.140815 1.718837 -0.962609
v 0.060909 1.701416 -0.972849
v -0.012946 1.690365 -0.980679
v 0.056394 1.658046 -1.034846
v -0.029871 1.642571 -1.039256
v -0.098641 1.637237 -1.014498
v -0.038583 1.576895 -1.071009
v -0.119448 1.573993 -1.070024
v -0.197491 1.559300 -1.032365
v -0.133966 1.484803 -1.064034
v -0.213067 1.484692 -1.054721
v -0.285282 1.466291 -1.009212
v -0.214914 1.403262 -1.009857
v -0.282678 1.404723 -0.992385
v -0.354045 1.388603 -0.960607
v -0.277532 1.350730 -0.955717
v -0.344905 1.332847 -0.916688
v -0.402843 1.317955 -0.877677
v -0.319029 1.295792 -0.858046
v -0.382326 1.282085 -0.829006
v -0.451222 1.271223 -0.800574
v -0.352322 1.261909 -0.772064
v -0.417201 1.251191 -0.742752
v -0.482508 1.243496 -0.706280
v -0.384293 1.246654 -0.693300
v -0.439916 1.237553 -0.654498
v -0.508412 1.233211 -0.621540
v -0.402891 1.245698 -0.611911
v -0.454126 1.239121 -0.574633
v -0.493865 1.233359 -0.532135
v -0.407979 1.260995 -0.537903
v -0.449539 1.259486 -0.503330
v -0.484605 1.258614 -0.463052
v -0.403699 1.293072 -0.476072
v -0.439980 1.294635 -0.441163
v -0.458628 1.291258 -0.395688
v -0.406941 1.339410 -0.426272
v -0.419521 1.333380 -0.383527
v -0.430667 1.330971 -0.337307
v -0.401148 1.386265 -0.380234
v -0.409244 1.382435 -0.336193
v -0.412475 1.378297 -0.288691
v -0.412747 1.445331 -0.343918
v -0.418077 1.442411 -0.296924
v -0.427739 1.443806 -0.247457
v -0.423794 1.491360 -0.310381
v -0.434180 1.492874 -0.261828
v -0.451406 1.499235 -0.209998
v -0.468513 1.548564 -0.282125
v -0.481410 1.549470 -0.229344
v -0.489497 1.545816 -0.175902
v -0.513336 1.582450 -0.251382
v -0.543305 1.598791 -0.197856
v -0.547884 1.590572 -0.142913
v -0.579489 1.616532 -0.220758
v -0.606346 1.628158 -0.165347
v -0.604832 1.615289 -0.109798
v -0.654008 1.637725 -0.186339
v -0.668245 1.638336 -0.128940
v -0.673063 1.633210 -0.072097
v -0.726274 1.639631 -0.144113
v -0.721387 1.627966 -0.085041
v -0.734859 1.632822 -0.025388
v -0.777694 1.615366 -0.090204
v -0.794458 1.622694 -0.028057
v -0.815223 1.634964 0.036525
v -0.847593 1.598711 -0.022330
v -0.838111 1.592459 0.041419
v -0.844108 1.598662 0.105519
v -0.871358 1.553019 0.057465
v -0.873976 1.557584 0.122576
v -0.882079 1.566303 0.182780
v -0.883327 1.504720 0.146126
v -0.888722 1.510568 0.209601
v -0.905281 1.518130 0.268101
v -0.889712 1.455538 0.240849
v -0.918160 1.463238 0.314021
v -0.931328 1.457455 0.387113
v -0.844261 1.384836 0.336576
v -0.857523 1.385976 0.399143
v -0.894991 1.382772 0.512393
v -0.820556 1.339346 0.437960
v -0.786713 1.318382 0.505499
v -0.796495 1.316759 0.601354
v -0.721845 1.283795 0.511293
v -0.694760 1.273956 0.576390
v -0.681122 1.269063 0.664454
v -0.632480 1.253851 0.569170
v -0.603822 1.248056 0.637053
v -0.562434 1.243764 0.694156
v -0.549135 1.241687 0.618669
v -0.513262 1.237990 0.674423
v -0.469620 1.235759 0.719191
v -0.465079 1.244582 0.639162
v -0.429568 1.241907 0.691163
v -0.380606 1.235812 0.717469
v -0.396994 1.260285 0.660162
v -0.349581 1.251636 0.682367
v -0.313674 1.248981 0.732174
v -0.333838 1.283675 0.658754
v -0.300291 1.281127 0.703898
v -0.262007 1.277072 0.741018
v -0.297258 1.324620 0.676683
v -0.253974 1.315745 0.692023
v -0.218798 1.313725 0.732681
v -0.267738 1.371084 0.683522
v -0.231531 1.365708 0.715348
v -0.191669 1.363292 0.735829
v -0.245465 1.415685 0.681078
v -0.214992 1.418169 0.730633
v -0.169209 1.409384 0.732416
v -0.242188 1.468476 0.708696
v -0.203308 1.469082 0.742211
v -0.151061 1.459232 0.756431
v -0.253766 1.526513 0.783083
v -0.191354 1.509303 0.774422
v -0.139099 1.504262 0.808557
v -0.234137 1.552853 0.820553
v -0.179045 1.545549 0.848632
v -0.123944 1.539504 0.886503
v -0.218360 1.575881 0.907414
v -0.154297 1.564331 0.931530
v -0.085891 1.549648 0.946956
v -0.185253 1.581007 0.998801
v -0.109327 1.563485 1.007296
v -0.032264 1.545200 1.014973
v -0.131762 1.567901 1.086984
v -0.045021 1.547542 1.091305
v 0.040643 1.525287 1.087641
v -0.048700 1.529850 1.156972
v 0.040184 1.513129 1.161206
v 0.128162 1.504456 1.204483
v 0.051445 1.476572 1.219021
v 0.149539 1.470457 1.265681
v 0.299940 1.424677 1.287467
v 0.195311 1.400693 1.314388
v 0.328169 1.380747 1.298540
v 0.446493 1.350851 1.301169
v 0.359259 1.324045 1.331279
v 0.519330 1.249776 1.290079
v 0.607164 1.225501 1.262803
v 0.541803 1.180824 1.250741
v 0.642005 1.130704 1.206457
v 0.728783 1.102018 1.141372
v 0.615493 1.098776 1.140094
v 0.717360 1.055338 1.101447
v 0.779584 1.013618 1.008325
v 0.679163 1.028484 1.024183
v 0.741530 1.001584 0.973275
v 0.837835 0.950271 0.927052
v 0.693551 0.992069 0.932004
v 0.778130 0.947190 0.887724
v 0.810978 0.920534 0.804295
v 0.708354 0.963406 0.845674
v 0.738552 0.943728 0.764351
v 0.805133 0.903823 0.724290
v 0.682661 0.969109 0.735282
v 0.730670 0.942926 0.684754
v 0.791100 0.909240 0.645348
v 0.675037 0.978030 0.658394
v 0.731312 0.950651 0.625481
v 0.758033 0.938674 0.568097
v 0.669213 0.997886 0.597746
v 0.710377 0.979833 0.560152
v 0.732072 0.966068 0.508492
v 0.670223 1.027398 0.553962
v 0.695463 1.012824 0.508895
v 0.712642 0.998760 0.461842
v 0.651063 1.066895 0.487430
v 0.687987 1.050515 0.463767
v 0.675737 1.040411 0.395689
v 0.670889 1.103393 0.458814
v 0.671948 1.091252 0.402526
v 0.694241 1.077832 0.373627
v 0.678941 1.138399 0.406413
v 0.681369 1.126873 0.355046
v 0.705618 1.114601 0.327206
v 0.725416 1.165998 0.379902
v 0.710172 1.153660 0.309266
v 0.729094 1.141251 0.272176
v 0.760645 1.181033 0.322673
v 0.747396 1.168019 0.253538
v 0.766476 1.158047 0.212991
v 0.813398 1.183631 0.265583
v 0.804954 1.175922 0.200877
v 0.795040 1.171170 0.139337
v 0.870257 1.180308 0.197916
v 0.860998 1.182194 0.131113
v 0.853080 1.186445 0.070105
v 0.942724 1.175200 0.125241
v 0.949749 1.183790 0.061014
v 0.939925 1.186327 -0.010624
v 1.040930 1.146070 0.025863
v 1.024114 1.152256 -0.054088
v 0.991090 1.146275 -0.126188
v 1.122362 1.075836 -0.092204
v 1.072484 1.077745 -0.190017
v 1.011111 1.068015 -0.249967
v 1.132768 0.980923 -0.223177
v 1.074737 0.965386 -0.311651
v 0.991106 0.949730 -0.365670
v 1.051140 0.859371 -0.349044
v 1.009076 0.869242 -0.382821
v 0.930034 0.860158 -0.427263
v 0.967967 0.775125 -0.384217
v 0.913310 0.781918 -0.426620
v 0.841645 0.788218 -0.468031
v 0.864707 0.737654 -0.395673
v 0.815925 0.734069 -0.447194
v 0.747052 0.736714 -0.492793
v 0.768229 0.708446 -0.411070
v 0.715060 0.704530 -0.459090
v 0.664762 0.691412 -0.511889
v 0.686307 0.682931 -0.418473
v 0.631533 0.675284 -0.462341
v 0.577524 0.661184 -0.498488
v 0.598024 0.674514 -0.405991
v 0.553867 0.659676 -0.438318
v 0.496631 0.651345 -0.454454
v 0.528544 0.675857 -0.375775
v 0.472872 0.673857 -0.389032
v 0.418748 0.666160 -0.394929
v 0.458096 0.700431 -0.333101
v 0.411130 0.691682 -0.339866
v 0.365146 0.678625 -0.340633
v 0.397228 0.733393 -0.292432
v 0.353987 0.723587 -0.293172
v 0.304551 0.719254 -0.289826
v 0.338622 0.778609 -0.258862
v 0.292188 0.775902 -0.256957
v 0.253663 0.766234 -0.252307
v 0.286289 0.828530 -0.239779
v 0.247063 0.820476 -0.236463
v 0.200734 0.820443 -0.233337
v 0.229013 0.882764 -0.241984
v 0.189301 0.874338 -0.237783
v 0.146795 0.870280 -0.230832
v 0.172276 0.926698 -0.259949
v 0.128913 0.920122 -0.252682
v 0.087542 0.914325 -0.238527
v 0.110988 0.962238 -0.286442
v 0.067636 0.952488 -0.271052
v 0.022278 0.950433 -0.249709
v 0.044311 0.988762 -0.315259
v -0.003785 0.981162 -0.292880
v -0.052027 0.976334 -0.260047
v -0.031089 0.999458 -0.343026
v -0.084249 0.989355 -0.306121
v -0.135585 0.988272 -0.262816
v -0.116107 0.987994 -0.354005
v -0.173862 0.981110 -0.304147
v -0.231592 0.981056 -0.251455
v -0.207379 0.957953 -0.343187
v -0.266510 0.958743 -0.287241
v -0.337545 0.956234 -0.222407
v -0.295784 0.921828 -0.315632
v -0.365688 0.919709 -0.248230
v -0.428194 0.918248 -0.166633
v -0.384402 0.871185 -0.263282
v -0.446514 0.869926 -0.179713
v -0.497098 0.858054 -0.075190
v -0.460487 0.806729 -0.178927
v -0.518805 0.788357 -0.070478
v -0.568260 0.768537 0.046509
v -0.492218 0.718078 -0.071752
v -0.532180 0.665530 0.047336
v -0.514655 0.616809 0.182205
v -0.453345 0.611065 0.029873
v -0.434891 0.561089 0.140698
v -0.387405 0.551617 0.235475
v -0.355928 0.534396 0.111543
v -0.318292 0.512846 0.203758
v -0.260620 0.494097 0.286606
v -0.256399 0.501471 0.164722
v -0.211152 0.481513 0.234396
v -0.151898 0.449745 0.301929
v -0.164192 0.466888 0.202206
v -0.111767 0.444235 0.252352
v -0.049264 0.429431 0.280437
v -0.076332 0.468464 0.192653
v -0.024471 0.453121 0.219770
v 0.032726 0.443702 0.233575
v -0.000272 0.481913 0.175528
v 0.048130 0.468240 0.193301
v 0.099654 0.455234 0.204933
v 0.058025 0.514729 0.155771
v 0.100444 0.503870 0.166761
v 0.149758 0.481548 0.182229
v 0.108312 0.542754 0.157337
v 0.144435 0.537183 0.158756
v 0.175667 0.539416 0.147660
v 0.137797 0.601427 0.147462
v 0.178461 0.582032 0.155572
v 0.211574 0.575351 0.143857
v 0.177225 0.635121 0.171451
v 0.213607 0.625109 0.162747
v 0.236288 0.632114 0.130402
v 0.213657 0.676012 0.189522
v 0.251707 0.666796 0.172584
v 0.281950 0.665985 0.140362
v 0.260247 0.706699 0.214568
v 0.303362 0.696670 0.188938
v 0.327629 0.702927 0.136422
v 0.316258 0.727971 0.226479
v 0.353159 0.725310 0.176223
v 0.390233 0.718231 0.126627
v 0.397872 0.721757 0.230058
v 0.439028 0.713409 0.172364
v 0.477621 0.701107 0.114569
v 0.471223 0.707770 0.199249
v 0.510366 0.694177 0.139059
v 0.518633 0.671909 0.231385
v 0.553609 0.657724 0.163435
v 0.556052 0.625559 0.248526
v 0.575112 0.621298 0.169481
v 0.609170 0.559311 0.177447
v 0.612827 0.520710 0.087640
v 0.478924 0.682246 0.304524
v 0.439654 0.708138 0.273329
v 0.378933 0.725309 0.324618
v 0.347265 0.733365 0.280167
v 0.298661 0.740089 0.331243
v 0.271599 0.735499 0.262271
v 0.233498 0.735343 0.302391
v 0.220331 0.712513 0.237224
v 0.176129 0.723436 0.246505
v 0.174990 0.685389 0.199263
v 0.137783 0.691504 0.206283
v 0.137406 0.651106 0.166094
v 0.107385 0.649620 0.174475
v 0.104648 0.608271 0.145466
v 0.075486 0.607167 0.147165
v 0.070967 0.553631 0.146985
v 0.037277 0.560889 0.136242
v 0.018559 0.525137 0.141192
v -0.016561 0.537102 0.120320
v -0.041342 0.485154 0.161435
v -0.079558 0.512583 0.117963
v -0.119302 0.486660 0.152517
v -0.154308 0.508971 0.100601
v -0.203773 0.501042 0.130105
v -0.236955 0.519368 0.069823
v -0.290577 0.534272 0.079899
v -0.319072 0.554392 0.011715
v -0.388353 0.572223 0.024459
v -0.388079 0.614759 -0.068044
v -0.450274 0.653691 -0.063792
v -0.415786 0.684236 -0.162047
v -0.449968 0.740962 -0.171658
v -0.387582 0.753056 -0.261532
v -0.394487 0.813412 -0.267387
v -0.324135 0.818298 -0.341028
v -0.320504 0.869954 -0.332877
v -0.252515 0.876435 -0.397744
v -0.236202 0.920728 -0.375516
v -0.181533 0.935225 -0.443758
v -0.150955 0.968198 -0.401424
v -0.091649 0.997535 -0.458347
v -0.059091 1.007884 -0.398896
v -0.001085 1.029733 -0.433304
v 0.022048 1.013555 -0.368906
v 0.078164 1.026646 -0.383469
v 0.095706 0.995386 -0.329080
v 0.145471 1.004652 -0.336192
v 0.159741 0.967848 -0.292990
v 0.210107 0.974497 -0.295017
v 0.219530 0.931578 -0.261726
v 0.266765 0.936689 -0.261178
v 0.271513 0.887989 -0.242926
v 0.319424 0.889316 -0.241371
v 0.329934 0.832428 -0.240583
v 0.367925 0.840007 -0.239194
v 0.378426 0.787049 -0.257887
v 0.424805 0.789210 -0.250711
v 0.442643 0.739234 -0.285836
v 0.481875 0.747205 -0.271549
v 0.495347 0.713250 -0.317516
v 0.553006 0.707942 -0.296738
v 0.582269 0.678391 -0.352181
v 0.622676 0.688823 -0.316702
v 0.645648 0.683417 -0.366800
v 0.707220 0.681023 -0.326616
v 0.746814 0.683419 -0.373650
v 0.774217 0.697254 -0.321794
v 0.825558 0.705475 -0.366861
v 0.889429 0.705826 -0.325135
v 0.912744 0.739990 -0.357887
v 0.964617 0.729828 -0.318171
v 1.032211 0.781784 -0.347815
v 1.098039 0.778871 -0.282029
v 1.129907 0.879616 -0.278026
v 1.167301 0.900521 -0.179407
v 1.160623 0.973610 -0.155346
v 1.162185 1.000494 -0.063094
v 1.114934 1.083040 -0.011608
v 1.104518 1.085229 0.076763
v 1.026785 1.143860 0.107371
v 1.011051 1.138051 0.178091
v 0.937107 1.168047 0.188056
v 0.934514 1.167999 0.256379
v 0.857713 1.183252 0.252642
v 0.861397 1.191846 0.320929
v 0.800503 1.193814 0.316835
v 0.816517 1.208326 0.397173
v 0.757781 1.193874 0.380932
v 0.750295 1.207284 0.438340
v 0.709778 1.177936 0.422865
v 0.705752 1.192339 0.484853
v 0.668407 1.151407 0.455025
v 0.661914 1.166553 0.517674
v 0.654680 1.117716 0.506890
v 0.621043 1.133918 0.540891
v 0.627063 1.081694 0.531417
v 0.598613 1.097449 0.577199
v 0.624411 1.045677 0.580316
v 0.596633 1.061427 0.635812
v 0.621018 1.017667 0.629575
v 0.592902 1.034122 0.692778
v 0.630565 0.999627 0.705475
v 0.589347 1.020036 0.758086
v 0.645328 0.989730 0.799789
v 0.597004 1.015076 0.852506
v 0.631111 1.004870 0.869843
v 0.588622 1.028335 0.940954
v 0.629357 1.026286 0.982243
v 0.557647 1.059336 1.028057
v 0.610476 1.064293 1.111707
v 0.506698 1.106107 1.140003
v 0.538641 1.130738 1.196798
v 0.421584 1.170066 1.223530
v 0.423112 1.221494 1.298404
v 0.267897 1.276408 1.301589
v 0.224107 1.339202 1.291694
v 0.121075 1.362640 1.262477
v 0.084135 1.421371 1.243849
v -0.010511 1.444522 1.255275
v -0.037006 1.492054 1.189766
v -0.112499 1.499698 1.145352
v -0.125915 1.537004 1.119177
v -0.207733 1.556295 1.100713
v -0.191467 1.566053 1.021216
v -0.271517 1.585998 1.019527
v -0.241362 1.581694 0.942706
v -0.308198 1.593865 0.919338
v -0.274855 1.581593 0.869075
v -0.331722 1.589052 0.838401
v -0.282159 1.555528 0.785178
v -0.331489 1.561384 0.757832
v -0.296781 1.529873 0.752907
v -0.341224 1.537019 0.728872
v -0.289496 1.479304 0.694302
v -0.326033 1.484271 0.669573
v -0.287988 1.424502 0.659536
v -0.323459 1.431216 0.633413
v -0.294999 1.369719 0.632943
v -0.329243 1.375630 0.601625
v -0.323266 1.324299 0.623256
v -0.353133 1.327430 0.580552
v -0.366157 1.287054 0.613601
v -0.397240 1.291309 0.569768
v -0.425951 1.262265 0.603717
v -0.456447 1.265954 0.557736
v -0.497597 1.247884 0.588278
v -0.518701 1.249228 0.527452
v -0.575517 1.245478 0.556897
v -0.580593 1.245223 0.477143
v -0.658599 1.259261 0.509196
v -0.676253 1.264112 0.445717
v -0.751005 1.293156 0.452112
v -0.732901 1.292920 0.363062
v -0.794746 1.334948 0.353141
v -0.797473 1.337202 0.287343
v -0.859564 1.394125 0.273332
v -0.848061 1.389723 0.200072
v -0.882490 1.450001 0.175598
v -0.883678 1.446693 0.108351
v -0.891383 1.504943 0.081499
v -0.877516 1.495786 0.011733
v -0.863678 1.547549 -0.009401
v -0.855068 1.544183 -0.075092
v -0.813810 1.580569 -0.087010
v -0.810957 1.583992 -0.149642
v -0.778781 1.622936 -0.151742
v -0.757795 1.616671 -0.211654
v -0.695619 1.625794 -0.201402
v -0.690790 1.633018 -0.261393
v -0.633361 1.632028 -0.242933
v -0.626443 1.638615 -0.302254
v -0.562660 1.613388 -0.275894
v -0.552456 1.616559 -0.332558
v -0.509844 1.591781 -0.306966
v -0.497471 1.591864 -0.360468
v -0.457988 1.548896 -0.332984
v -0.452415 1.554177 -0.383163
v -0.425210 1.501743 -0.359135
v -0.413516 1.502655 -0.402419
v -0.392933 1.438122 -0.384019
v -0.385639 1.449137 -0.425256
v -0.386629 1.390432 -0.419818
v -0.359430 1.390436 -0.451809
v -0.378416 1.340188 -0.460910
v -0.350584 1.346751 -0.494130
v -0.377528 1.300354 -0.513832
v -0.337578 1.304676 -0.544575
v -0.368530 1.268181 -0.574964
v -0.317871 1.274500 -0.605044
v -0.351806 1.254842 -0.648083
v -0.295750 1.263783 -0.678986
v -0.327781 1.257771 -0.729001
v -0.269282 1.269505 -0.760948
v -0.293539 1.275821 -0.806366
v -0.230719 1.287682 -0.832257
v -0.259516 1.311993 -0.899449
v -0.191455 1.322397 -0.921247
v -0.207685 1.356564 -0.967607
v -0.141732 1.377165 -1.017015
v -0.146728 1.427340 -1.041087
v -0.059713 1.449311 -1.068733
v -0.056803 1.511066 -1.078700
v 0.037044 1.526893 -1.075914
v 0.045510 1.592701 -1.066301
v 0.139341 1.616137 -1.042786
v 0.143126 1.674560 -1.013717
v 0.216091 1.693402 -0.975572
v 0.200467 1.718676 -0.919437
v 0.267918 1.752149 -0.892322
v 0.250713 1.769445 -0.840649
v 0.318173 1.807965 -0.811788
v 0.290600 1.802487 -0.756351
v 0.335474 1.810026 -0.715216
v 0.310785 1.796556 -0.668417
v 0.358828 1.815917 -0.634042
v 0.339944 1.795358 -0.595340
v 0.379368 1.807412 -0.560509
v 0.359867 1.762510 -0.530191
v 0.393824 1.774893 -0.495316
v 0.388383 1.729522 -0.476629
v 0.425624 1.754903 -0.438065
v 0.431329 1.702666 -0.431815
v 0.461195 1.721329 -0.388823
v 0.470008 1.655966 -0.397918
v 0.503442 1.679732 -0.350115
v 0.530333 1.628052 -0.369656
v 0.557002 1.643028 -0.319602
v 0.596577 1.604798 -0.344927
v 0.614295 1.611160 -0.295334
v 0.653124 1.578656 -0.325918
v 0.700355 1.593948 -0.264325
v 0.751194 1.562637 -0.294945
v 0.783263 1.560929 -0.256223
v 0.856028 1.537869 -0.289165
v 0.878576 1.540157 -0.254727
v 0.964878 1.543077 -0.295121
v 0.996425 1.552840 -0.245432
v 1.065577 1.595105 -0.280935
v 1.086751 1.608680 -0.222521
v 1.145337 1.702839 -0.203728
v 1.152322 1.739242 -0.117034
v 1.152652 1.780681 -0.115443
v 1.145387 1.798747 -0.050479
v 1.109430 1.914362 0.032325
v 1.105070 1.919107 0.121681
v 1.032859 1.981569 0.139460
v 1.056670 1.972430 0.233803
v 0.990712 2.014674 0.249149
v 1.010877 2.009289 0.323681
v 0.940722 2.027031 0.321991
v 0.954069 2.020726 0.389605
v 0.906259 2.059195 0.423826
v 0.905968 2.043679 0.474464
v 0.859461 2.071802 0.502043
v 0.845652 2.046000 0.528977
v 0.801209 2.039240 0.522092
v 0.792115 2.043604 0.583157
v 0.758579 2.015322 0.559701
v 0.744161 2.027029 0.623360
v 0.728508 1.994788 0.608568
v 0.698771 1.976616 0.619875
v 0.698147 1.933950 0.603516
v 0.670849 1.929139 0.634185
v 0.691119 1.887277 0.636568
v 0.669058 1.895623 0.692862
v 0.696087 1.824636 0.655544
v 0.672167 1.826150 0.701025
v 0.713514 1.764800 0.682820
v 0.688712 1.764561 0.725124
v 0.749355 1.725456 0.750563
v 0.721294 1.723169 0.787951
v 0.778840 1.683910 0.798397
v 0.764595 1.698534 0.884357
v 0.812061 1.660528 0.870990
v 0.789911 1.671267 0.948014
v 0.833734 1.653807 0.955786
v 0.793732 1.657362 1.003423
v 0.837836 1.668657 1.061369
v 0.781814 1.668093 1.085575
v 0.812895 1.699999 1.166085
v 0.756048 1.703375 1.202679
v 0.750481 1.733239 1.220646
v 0.699317 1.747019 1.299363
v 0.680108 1.794022 1.335839
v 0.614058 1.798483 1.374785
v 0.575658 1.852599 1.395400
v 0.498258 1.868901 1.466436
v 0.444199 1.930743 1.478170
v 0.348118 1.946826 1.513482
v 0.295984 1.998579 1.480023
v 0.198902 2.019082 1.501306
v 0.161131 2.059256 1.442148
v 0.080464 2.067593 1.417226
v 0.044306 2.113238 1.366002
v -0.037622 2.133240 1.347799
v -0.055823 2.173509 1.297480
v -0.141097 2.204407 1.278024
v -0.157954 2.247634 1.175646
v -0.221982 2.255435 1.191239
v -0.207070 2.272567 1.079165
v -0.262021 2.274662 1.021352
v -0.223510 2.249431 0.954532
v -0.272861 2.250751 0.949239
v -0.194960 2.155863 0.861485
v -0.253965 2.151529 0.856256
v -0.174605 2.080112 0.861103
v -0.237472 2.050566 0.849984
v -0.200524 1.975019 0.895218
v -0.245562 1.994947 0.872053
v -0.225174 1.906291 0.924985
v -0.301725 1.941800 0.928537
v -0.252208 1.884311 0.965308
v -0.312366 1.881709 0.937952
v -0.319422 1.860820 1.030016
v -0.362677 1.866837 0.980811
v -0.362719 1.836445 1.032457
v -0.423133 1.849380 1.001470
v -0.458649 1.854401 1.078865
v -0.521415 1.869655 1.041970
v -0.542113 1.868033 1.075814
v -0.608941 1.886292 1.038381
v -0.628700 1.893872 1.051935
v -0.711378 1.923865 1.027820
v -0.766281 1.965493 1.056207
v -0.815511 1.973598 0.998831
v -0.873599 2.027454 1.012066
v -0.927988 2.039768 0.957233
v -0.938202 2.072388 0.928989
v -1.016715 2.101688 0.885378
v -1.015269 2.135871 0.845541
v -1.080088 2.157264 0.791153
v -1.095544 2.210395 0.753825
v -1.188633 2.252687 0.698012
v -1.141423 2.266692 0.645465
v -1.208849 2.293115 0.577080
v -1.169298 2.312631 0.532574
v -1.209064 2.321409 0.458149
v -1.193297 2.357818 0.423604
v -1.215161 2.357650 0.349265
v -1.156044 2.352159 0.329468
v -1.190784 2.368448 0.258476
v -1.107417 2.328037 0.256272
v -1.126531 2.332931 0.191925
v -1.072132 2.303555 0.200033
v -1.100119 2.318773 0.137254
v -1.051572 2.278934 0.157007
v -1.030142 2.247660 0.104859
v -1.009294 2.217598 0.130559
v -1.002625 2.202956 0.079421
v -0.991712 2.163222 0.113743
v -0.982299 2.148218 0.066986
v -0.968106 2.086041 0.106672
v -0.956337 2.067513 0.063497
v -0.971769 2.021635 0.097917
v -0.971676 2.016650 0.055074
v -0.985694 1.963461 0.083124
v -1.002689 1.974891 0.039684
v -1.009059 1.915373 0.060592
v -1.016797 1.918331 0.015308
v -1.071466 1.901816 0.020940
v -1.043148 1.879084 -0.024764
v -1.104621 1.875923 -0.033948
v -1.061837 1.844068 -0.079817
v -1.112891 1.847058 -0.101031
v -1.121968 1.850379 -0.159275
v -1.159518 1.857234 -0.189669
v -1.132942 1.834936 -0.240982
v -1.179251 1.860387 -0.284052
v -1.178177 1.850865 -0.347461
v -1.229177 1.895082 -0.411024
v -1.172639 1.859529 -0.457553
v -1.199067 1.909285 -0.514079
v -1.164806 1.895560 -0.585063
v -1.177658 1.969332 -0.658148
v -1.092532 1.934135 -0.699102
v -1.086453 2.012960 -0.751671
v -1.006142 1.996315 -0.788633
v -0.978431 2.057378 -0.798193
v -0.892666 2.049459 -0.820317
v -0.867312 2.097326 -0.800018
v -0.796219 2.097668 -0.817860
v -0.778823 2.140262 -0.781420
v -0.712382 2.154857 -0.796818
v -0.702450 2.177991 -0.738611
v -0.634898 2.164122 -0.734038
v -0.632565 2.170390 -0.670439
v -0.577968 2.171589 -0.672427
v -0.577117 2.165593 -0.615142
v -0.524548 2.175465 -0.621791
v -0.516136 2.129000 -0.553098
v -0.467133 2.134682 -0.558749
v -0.465791 2.098216 -0.509456
v -0.412011 2.085138 -0.506997
v -0.405334 2.030032 -0.466249
v -0.367694 2.064885 -0.480561
v -0.361377 2.008827 -0.458947
v -0.310679 2.003620 -0.456368
v -0.302819 1.948921 -0.455531
v -0.257770 1.970498 -0.455626
v -0.244412 1.903092 -0.468784
v -0.196487 1.926277 -0.463512
v -0.183065 1.869868 -0.493366
v -0.131325 1.901802 -0.484736
v -0.118083 1.868910 -0.529721
v -0.061556 1.888032 -0.513515
v -0.048032 1.870235 -0.565708
v 0.009898 1.892809 -0.548342
v 0.022065 1.891008 -0.602727
v 0.086719 1.936450 -0.588794
v 0.097754 1.950398 -0.640809
v 0.156557 1.958755 -0.612133
v 0.166882 1.991526 -0.656832
v 0.239315 2.032899 -0.630253
v 0.251199 2.088207 -0.665974
v 0.318443 2.106911 -0.622695
v 0.318442 2.151188 -0.643237
v 0.385943 2.173096 -0.582518
v 0.399427 2.261018 -0.596805
v 0.449653 2.275038 -0.511275
v 0.441067 2.361131 -0.507641
v 0.471156 2.407043 -0.413191
v 0.416545 2.461764 -0.393958
v 0.422138 2.469960 -0.330536
v 0.363660 2.493094 -0.307554
v 0.374396 2.497602 -0.252442
v 0.310678 2.522590 -0.233998
v 0.315561 2.530757 -0.175328
v 0.251590 2.517164 -0.137989
v 0.229364 2.528432 -0.070566
v 0.193500 2.497764 -0.053056
v 0.188344 2.545103 -0.002369
v 0.145524 2.497847 0.019127
v 0.143960 2.518331 0.097624
v 0.137404 2.424635 0.112850
v 0.163558 2.379474 0.198062
v 0.226342 2.326927 0.265012
vn 0.8525 0.1281 -0.5068
vn 0.1752 0.4601 -0.8704
vn -0.5696 0.4236 0.7043
vn 0.5625 0.5602 0.6081
vn 0.7984 0.5650 -0.2083
vn 0.8809 0.4245 -0.2094
vn 0.7905 0.4609 -0.4035
vn 0.6971 0.6265 -0.3487
vn 0.8584 0.0260 -0.5123
vn 0.9722 0.1421 -0.1861
vn 0.9453 -0.0652 -0.3196
vn 0.9265 -0.0550 -0.3723
vn 0.9542 -0.0790 -0.2884
vn 0.8351 0.0791 -0.5444
vn -0.3368 -0.4929 -0.8022
vn -0.2728 -0.2871 -0.9182
vn 0.1537 -0.2151 -0.9644
vn 0.0098 -0.5524 -0.8335
vn 0.3786 0.4746 -0.7946
vn 0.4455 0.3508 -0.8237
vn 0.2302 0.3228 -0.9180
vn 0.0431 0.4535 -0.8902
vn 0.2262 0.5655 -0.7931
vn -0.0914 0.3167 -0.9441
vn -0.3993 -0.6491 0.6475
vn -0.2185 -0.7005 0.6794
vn -0.2867 -0.5875 0.7567
vn -0.4996 -0.5524 0.6673
vn -0.5937 0.1469 0.7912
vn -0.2647 0.2129 0.9405
vn -0.2926 0.5497 0.7824
vn -0.6986 0.5188 0.4928
vn -0.8103 0.1942 0.5529
vn -0.4118 0.7626 0.4988
vn 0.3073 0.6143 0.7268
vn 0.3971 0.3061 0.8652
vn 0.6842 0.3457 0.6421
vn 0.8166 0.4358 0.3785
vn 0.6174 0.6804 0.3948
vn 0.2992 0.8323 0.4667
vn 0.8096 -0.4390 0.3897
vn 0.8664 -0.3138 0.3884
vn 0.7013 -0.4281 0.5700
vn 0.6501 -0.5551 0.5189
vn 0.6320 -0.6593 0.4073
vn 0.8408 -0.4490 0.3024
vn 0.4739 -0.5409 0.6949
vn 0.4391 -0.6535 0.6165
vn 0.4239 -0.7653 0.4844
vn 0.3985 -0.8489 0.3472
vn 0.5998 -0.7729 0.2072
vn 0.2093 -0.7090 0.6735
vn 0.1700 -0.8163 0.5521
vn 0.0930 -0.9279 0.3609
vn 0.0681 -0.9461 0.3165
vn 0.3966 -0.8908 0.2220
vn -0.0651 -0.8170 0.5729
vn -0.1965 -0.8894 0.4127
vn -0.2655 -0.8985 0.3495
vn -0.2699 -0.9126 0.3069
vn 0.0173 -0.9723 0.2330
vn -0.3682 -0.8453 0.3872
vn -0.4581 -0.8264 0.3274
vn -0.5031 -0.7944 0.3402
vn -0.5039 -0.8010 0.3232
vn -0.2831 -0.9131 0.2935
vn -0.6113 -0.7448 0.2676
vn -0.6283 -0.7086 0.3212
vn -0.6290 -0.6997 0.3389
vn -0.6510 -0.7008 0.2916
vn -0.5343 -0.7832 0.3179
vn -0.7698 -0.5847 0.2560
vn -0.7822 -0.5448 0.3022
vn -0.8153 -0.5313 0.2303
vn -0.8800 -0.4158 0.2297
vn -0.6956 -0.6615 0.2802
vn -0.9307 -0.3285 0.1605
vn -0.9457 -0.2758 0.1722
vn -0.9585 -0.2045 0.1985
vn -0.9487 -0.1410 0.2830
vn -0.8420 -0.3905 0.3722
vn -0.9992 -0.0337 0.0216
vn -0.9912 0.0473 0.1239
vn -0.9701 0.1270 0.2068
vn -0.9461 0.2297 0.2282
vn -0.9173 -0.1546 0.3669
vn -0.9661 0.2558 0.0360
vn -0.9268 0.3497 0.1367
vn -0.8988 0.4004 0.1787
vn -0.8518 0.4860 0.1955
vn -0.9176 0.2099 0.3375
vn -0.8128 0.5810 0.0432
vn -0.7919 0.6100 0.0292
vn -0.7732 0.6257 0.1036
vn -0.6869 0.7065 0.1702
vn -0.7645 0.5648 0.3106
vn -0.6956 0.7185 0.0018
vn -0.6956 0.7169 0.0465
vn -0.6596 0.7514 -0.0179
vn -0.5399 0.8417 -0.0034
vn -0.6226 0.7506 0.2214
vn -0.5730 0.8139 -0.0957
vn -0.5610 0.8026 -0.2025
vn -0.4843 0.8416 -0.2391
vn -0.3282 0.9321 -0.1532
vn -0.4673 0.8840 -0.0151
vn -0.3249 0.8537 -0.4069
vn -0.3550 0.8395 -0.4114
vn -0.2365 0.9091 -0.3428
vn -0.1998 0.8565 -0.4759
vn -0.3196 0.9344 -0.1571
vn -0.0873 0.7853 -0.6129
vn -0.0899 0.8141 -0.5737
vn -0.1611 0.7272 -0.6673
vn -0.0440 0.7391 -0.6722
vn -0.1463 0.8150 -0.5606
vn 0.1303 0.6006 -0.7889
vn 0.0088 0.5706 -0.8212
vn 0.0737 0.6659 -0.7424
vn 0.1698 0.6828 -0.7106
vn 0.1697 0.7735 -0.6107
vn 0.2656 0.3108 -0.9126
vn 0.2570 0.3724 -0.8918
vn 0.3378 0.2784 -0.8991
vn 0.2928 0.2899 -0.9112
vn 0.1989 0.5698 -0.7974
vn 0.4076 -0.0303 -0.9127
vn 0.4377 -0.0577 -0.8973
vn 0.4219 -0.0394 -0.9058
vn 0.4642 -0.0183 -0.8855
vn 0.3556 0.1913 -0.9148
vn 0.4641 -0.2732 -0.8426
vn 0.4872 -0.2809 -0.8269
vn 0.5215 -0.2779 -0.8067
vn 0.5840 -0.3796 -0.7175
vn 0.6009 -0.0687 -0.7963
vn 0.4825 -0.5272 -0.6994
vn 0.5279 -0.5581 -0.6403
vn 0.5590 -0.6115 -0.5600
vn 0.5165 -0.6542 -0.5525
vn 0.5483 -0.4366 -0.7133
vn 0.4897 -0.7008 -0.5187
vn 0.5183 -0.7299 -0.4456
vn 0.4718 -0.8111 -0.3457
vn 0.3978 -0.8650 -0.3059
vn 0.4102 -0.7518 -0.5163
vn 0.4402 -0.8745 -0.2037
vn 0.4108 -0.8918 -0.1894
vn 0.3832 -0.9181 -0.1011
vn 0.3002 -0.9530 -0.0411
vn 0.2811 -0.9197 -0.2741
vn 0.3484 -0.9368 0.0318
vn 0.3361 -0.9385 0.0797
vn 0.2985 -0.9322 0.2046
vn 0.2265 -0.9256 0.3032
vn 0.1755 -0.9844 0.0097
vn 0.2662 -0.8902 0.3696
vn 0.2616 -0.8678 0.4225
vn 0.2559 -0.8661 0.4294
vn 0.1479 -0.8914 0.4283
vn 0.1126 -0.9299 0.3501
vn 0.2432 -0.8236 0.5123
vn 0.2937 -0.8152 0.4992
vn 0.2069 -0.8337 0.5120
vn 0.1806 -0.8319 0.5247
vn 0.1591 -0.9090 0.3853
vn 0.2788 -0.6597 0.6979
vn 0.2339 -0.6047 0.7613
vn 0.1853 -0.5509 0.8137
vn 0.1981 -0.4709 0.8596
vn 0.2091 -0.7966 0.5672
vn 0.2103 -0.3068 0.9283
vn 0.1822 -0.2953 0.9379
vn 0.2398 -0.3772 0.8945
vn 0.3346 -0.3608 0.8706
vn 0.3187 -0.5462 0.7747
vn 0.2069 -0.0407 0.9775
vn 0.2236 -0.0497 0.9734
vn 0.2659 -0.0847 0.9603
vn 0.1883 0.0878 0.9782
vn 0.3139 -0.3347 0.8885
vn 0.1403 0.3311 0.9331
vn 0.1353 0.3473 0.9279
vn 0.1434 0.3805 0.9136
vn 0.2332 0.3425 0.9101
vn 0.2539 0.0318 0.9667
vn 0.0863 0.5331 0.8416
vn 0.0682 0.5804 0.8115
vn 0.1232 0.5781 0.8066
vn 0.2587 0.6334 0.7293
vn 0.3129 0.3248 0.8925
vn -0.0119 0.7867 0.6172
vn -0.0076 0.7445 0.6676
vn 0.1813 0.7626 0.6209
vn 0.3765 0.7814 0.4976
vn 0.3945 0.6250 0.6736
vn -0.0318 0.8614 0.5070
vn 0.0757 0.8475 0.5254
vn 0.3393 0.8510 0.4007
vn 0.3719 0.8707 0.3219
vn 0.5186 0.6865 0.5097
vn -0.0303 0.9336 0.3571
vn 0.2613 0.9318 0.2520
vn 0.3629 0.9165 0.1680
vn 0.4926 0.8567 0.1529
vn 0.6263 0.7410 0.2423
vn 0.1322 0.9907 0.0306
vn 0.2518 0.9632 -0.0939
vn 0.4512 0.8896 -0.0707
vn 0.6616 0.7161 -0.2222
vn 0.7524 0.6557 -0.0631
vn 0.1122 0.9511 -0.2878
vn 0.2708 0.8775 -0.3957
vn 0.3296 0.7981 -0.5044
vn 0.4617 0.7675 -0.4447
vn 0.5954 0.7665 -0.2407
vn 0.1709 0.7310 -0.6606
vn 0.3216 0.6932 -0.6450
vn 0.3818 0.7270 -0.5707
vn 0.4216 0.7458 -0.5158
vn 0.5336 0.7699 -0.3500
vn 0.0357 0.4201 -0.9068
vn 0.0701 0.5024 -0.8618
vn -0.1501 0.6691 -0.7278
vn -0.4824 0.5685 -0.6664
vn 0.1260 0.8920 -0.4341
vn -0.5176 -0.0197 -0.8554
vn -0.6244 -0.0025 -0.7811
vn -0.6484 0.3594 -0.6711
vn -0.7117 0.3872 -0.5862
vn -0.2653 0.8400 -0.4733
vn -0.8124 -0.2703 -0.5167
vn -0.7552 -0.0110 -0.6554
vn -0.9019 -0.1020 -0.4198
vn -0.9295 0.0815 -0.3596
vn -0.6986 0.5305 -0.4801
vn -0.8207 -0.4826 -0.3058
vn -0.8519 -0.4779 -0.2139
vn -0.8931 -0.3948 -0.2154
vn -0.9658 -0.2401 -0.0979
vn -0.9630 -0.1132 -0.2447
vn -0.7722 -0.6330 -0.0546
vn -0.7956 -0.5977 -0.0988
vn -0.7994 -0.6005 -0.0158
vn -0.8649 -0.5016 0.0158
vn -0.9603 -0.2769 -0.0344
vn -0.6691 -0.7425 -0.0315
vn -0.7011 -0.7130 -0.0092
vn -0.7757 -0.6304 0.0300
vn -0.8341 -0.5412 0.1064
vn -0.9080 -0.4117 0.0779
vn -0.6018 -0.7980 0.0312
vn -0.6710 -0.7376 0.0754
vn -0.6956 -0.7001 0.1614
vn -0.7393 -0.6108 0.2836
vn -0.8723 -0.4221 0.2467
vn -0.5220 -0.8425 0.1332
vn -0.5873 -0.7859 0.1935
vn -0.5634 -0.7949 0.2251
vn -0.5810 -0.7701 0.2632
vn -0.7093 -0.6483 0.2768
vn -0.3161 -0.9316 0.1795
vn -0.2096 -0.9546 0.2117
vn -0.2221 -0.9554 0.1945
vn -0.3085 -0.9234 0.2283
vn -0.5469 -0.7995 0.2483
vn 0.0507 -0.9852 0.1639
vn -0.0535 -0.9924 0.1111
vn -0.0763 -0.9752 0.2078
vn -0.0422 -0.9965 0.0719
vn -0.3661 -0.9113 0.1882
vn 0.5283 -0.8485 -0.0297
vn 0.3885 -0.9193 0.0638
vn 0.2620 -0.9650 0.0144
vn 0.2431 -0.9617 -0.1263
vn 0.0964 -0.9949 -0.0283
vn 0.6656 -0.7247 -0.1783
vn 0.4746 -0.8683 -0.1443
vn 0.4482 -0.8814 -0.1490
vn 0.6569 -0.7303 -0.1873
vn 0.1702 -0.9853 -0.0122
vn 0.7383 -0.5868 -0.3325
vn 0.8858 -0.4285 -0.1783
vn 0.9194 -0.3273 -0.2180
vn 0.8244 -0.4279 -0.3705
vn 0.6509 -0.7489 -0.1246
vn 0.9282 -0.2964 -0.2247
vn 0.9618 -0.2451 -0.1218
vn 0.8124 -0.4025 -0.4219
vn 0.8019 -0.3091 -0.5113
vn 0.6101 -0.6450 -0.4602
vn 0.9927 -0.0062 -0.1204
vn 0.9365 0.0006 -0.3508
vn 0.8826 -0.0996 -0.4595
vn 0.8873 0.0299 -0.4603
vn 0.7591 -0.2055 -0.6177
vn 0.9043 0.3609 -0.2282
vn 0.8336 0.1855 -0.5202
vn 0.9019 0.1877 -0.3889
vn 0.8083 0.1360 -0.5728
vn 0.7750 -0.0172 -0.6317
vn 0.7991 0.4462 -0.4029
vn 0.8165 0.3599 -0.4515
vn 0.7785 0.5016 -0.3772
vn 0.7182 0.4137 -0.5595
vn 0.7879 0.0589 -0.6130
vn 0.6972 0.6476 -0.3074
vn 0.6343 0.7118 -0.3018
vn 0.6146 0.7119 -0.3399
vn 0.6382 0.6750 -0.3702
vn 0.7031 0.5678 -0.4280
vn 0.5423 0.8045 -0.2422
vn 0.4927 0.8312 -0.2574
vn 0.4776 0.8575 -0.1910
vn 0.4997 0.8352 -0.2294
vn 0.5905 0.7346 -0.3342
vn 0.3072 0.9414 -0.1392
vn 0.3328 0.9394 -0.0821
vn 0.3495 0.9315 -0.1011
vn 0.3771 0.9237 -0.0683
vn 0.4835 0.8539 -0.1927
vn 0.0863 0.9861 0.1421
vn -0.1740 0.9647 0.1979
vn -0.0500 0.9823 0.1807
vn 0.1288 0.9778 0.1652
vn 0.3779 0.9203 -0.1011
vn -0.3263 0.8977 0.2961
vn -0.2284 0.9466 0.2274
vn -0.0678 0.9492 0.3074
vn -0.1592 0.9489 0.2724
vn 0.0832 0.9849 0.1516
vn -0.4613 0.7829 0.4176
vn -0.3987 0.7547 0.5211
vn -0.4993 0.6808 0.5359
vn -0.2252 0.7283 0.6472
vn -0.0588 0.9353 0.3488
vn -0.7862 0.1528 0.5987
vn -0.6414 0.3712 0.6714
vn -0.4788 0.5884 0.6516
vn -0.4967 0.5727 0.6521
vn -0.5549 0.6350 0.5375
vn -0.5773 0.4761 0.6633
vn -0.5650 0.3303 0.7561
vn -0.6193 0.2675 0.7381
vn -0.6006 0.5007 0.6234
vn -0.6311 0.3249 0.7043
vn -0.5595 0.3133 0.7673
vn -0.6640 0.3005 0.6846
vn -0.6254 -0.0184 0.7801
vn -0.5126 -0.1740 0.8408
vn -0.3380 0.5392 0.7714
vn -0.6553 -0.4015 0.6398
vn -0.5372 -0.1324 0.8330
vn -0.5615 -0.1660 0.8107
vn -0.4777 -0.2062 0.8540
vn -0.4236 0.2255 0.8773
vn -0.5332 -0.3881 0.7517
vn -0.4955 -0.6393 0.5880
vn -0.3897 -0.6025 0.6965
vn -0.3252 -0.5299 0.7832
vn -0.3087 -0.3185 0.8963
vn -0.4091 -0.7837 0.4674
vn -0.3305 -0.8104 0.4837
vn -0.3003 -0.8188 0.4893
vn -0.2417 -0.8126 0.5304
vn -0.2846 -0.3227 0.9027
vn -0.2747 -0.9150 0.2956
vn -0.2409 -0.9074 0.3442
vn -0.2032 -0.9237 0.3249
vn -0.1935 -0.9266 0.3225
vn -0.1908 -0.7758 0.6015
vn -0.2237 -0.9680 0.1134
vn -0.0902 -0.9916 0.0929
vn -0.1543 -0.9777 0.1425
vn -0.2002 -0.9727 0.1175
vn -0.1708 -0.9158 0.3635
vn -0.0881 -0.9890 -0.1192
vn -0.0975 -0.9945 -0.0391
vn -0.1640 -0.9819 -0.0951
vn -0.1365 -0.9861 -0.0951
vn -0.1596 -0.9803 0.1164
vn -0.0752 -0.9462 -0.3148
vn -0.0697 -0.9173 -0.3920
vn -0.0761 -0.8908 -0.4479
vn -0.1462 -0.9088 -0.3908
vn -0.1001 -0.9912 -0.0868
vn 0.0015 -0.8564 -0.5162
vn -0.0654 -0.8578 -0.5098
vn -0.1320 -0.8468 -0.5152
vn -0.0893 -0.8675 -0.4893
vn 0.0051 -0.9459 -0.3244
vn -0.1096 -0.8278 -0.5502
vn -0.1092 -0.8605 -0.4975
vn -0.0077 -0.8025 -0.5966
vn 0.2700 -0.6508 -0.7096
vn 0.2370 -0.8560 -0.4594
vn -0.0870 -0.6661 -0.7408
vn 0.1888 -0.5625 -0.8050
vn 0.4610 -0.3011 -0.8348
vn 0.3225 -0.3792 -0.8673
vn 0.2380 -0.7625 -0.6016
vn 0.3361 -0.2550 -0.9066
vn 0.1169 -0.3939 -0.9117
vn 0.4856 -0.1134 -0.8668
vn 0.4547 -0.0295 -0.8902
vn 0.2420 -0.5066 -0.8276
vn 0.5580 0.2487 -0.7917
vn 0.2292 -0.0833 -0.9698
vn 0.5985 0.3902 -0.6997
vn 0.6035 0.4652 -0.6476
vn 0.5728 0.1838 -0.7988
vn 0.5492 0.7002 -0.4561
vn 0.5633 0.6780 -0.4722
vn 0.5725 0.6938 -0.4369
vn 0.4864 0.6687 -0.5623
vn 0.5050 0.4083 -0.7604
vn 0.5122 0.8351 -0.2006
vn 0.5118 0.8245 -0.2413
vn 0.4476 0.8297 -0.3336
vn 0.2891 0.8545 -0.4316
vn 0.2802 0.6769 -0.6806
vn 0.4289 0.9021 -0.0471
vn 0.3886 0.9080 -0.1565
vn 0.2543 0.9608 -0.1103
vn 0.0935 0.9571 -0.2744
vn 0.0720 0.8676 -0.4920
vn 0.3192 0.9398 0.1222
vn 0.2148 0.9759 0.0396
vn 0.1006 0.9949 -0.0036
vn 0.1224 0.9924 -0.0139
vn 0.0070 0.9587 -0.2845
vn 0.1280 0.9708 0.2029
vn 0.0702 0.9816 0.1777
vn 0.1974 0.9762 0.0900
vn 0.2043 0.9641 0.1698
vn 0.0160 0.9960 -0.0877
vn 0.1488 0.9525 0.2657
vn 0.3056 0.9188 0.2499
vn 0.3908 0.8754 0.2844
vn 0.3665 0.8269 0.4266
vn 0.2874 0.9050 0.3136
vn 0.4445 0.7941 0.4146
vn 0.5183 0.7733 0.3653
vn 0.4972 0.7399 0.4532
vn 0.5152 0.7213 0.4629
vn 0.3684 0.8051 0.4649
vn 0.5854 0.5738 0.5728
vn 0.4803 0.7162 0.5063
vn 0.4894 0.7651 0.4186
vn 0.4172 0.6140 0.6700
vn 0.4286 0.7107 0.5579
vn 0.4840 0.5301 0.6962
vn 0.6421 0.5613 0.5222
vn 0.7034 0.3921 0.5928
vn 0.6808 0.3211 0.6583
vn 0.5605 0.5826 0.5886
vn 0.7177 -0.1261 0.6849
vn 0.8077 0.1545 0.5690
vn 0.6327 0.0695 0.7713
vn 0.8112 0.2660 0.5208
vn 0.6806 0.4244 0.5971
vn 0.7095 -0.0709 0.7011
vn 0.7840 -0.1021 0.6122
vn 0.8793 -0.0922 0.4673
vn 0.8950 0.0531 0.4428
vn 0.8458 0.3972 0.3562
vn 0.7314 -0.5181 0.4434
vn 0.7611 -0.4140 0.4994
vn 0.8751 -0.3597 0.3236
vn 0.8654 -0.3966 0.3062
vn 0.9597 0.0363 0.2788
vn 0.5802 -0.7520 0.3128
vn 0.6426 -0.7386 0.2040
vn 0.6107 -0.7456 0.2667
vn 0.6410 -0.7143 0.2809
vn 0.7646 -0.4711 0.4399
vn 0.3092 -0.9417 0.1327
vn 0.2862 -0.9505 0.1211
vn 0.2973 -0.9482 0.1121
vn 0.2589 -0.9628 0.0776
vn 0.6235 -0.7469 0.2312
vn -0.0417 -0.9989 -0.0228
vn -0.0589 -0.9919 -0.1123
vn -0.0110 -0.9998 -0.0178
vn 0.0312 -0.9994 0.0165
vn 0.3755 -0.9157 0.1431
vn -0.2131 -0.9609 -0.1766
vn -0.2175 -0.9700 -0.1086
vn -0.2805 -0.9581 -0.0584
vn -0.1710 -0.9808 -0.0937
vn 0.0253 -0.9992 -0.0315
vn -0.4050 -0.8987 -0.1685
vn -0.4249 -0.8945 -0.1387
vn -0.4795 -0.8732 -0.0875
vn -0.4692 -0.8805 -0.0679
vn -0.1302 -0.9900 -0.0534
vn -0.5960 -0.7107 -0.3736
vn -0.6215 -0.7547 -0.2103
vn -0.7053 -0.6964 -0.1328
vn -0.6967 -0.7172 -0.0174
vn -0.4413 -0.8973 -0.0027
vn -0.7670 -0.5506 -0.3295
vn -0.7515 -0.6345 -0.1807
vn -0.7503 -0.6594 -0.0483
vn -0.6884 -0.6916 0.2187
vn -0.6089 -0.7695 0.1926
vn -0.8005 -0.5689 -0.1884
vn -0.7994 -0.6003 0.0255
vn -0.7859 -0.5888 0.1887
vn -0.8024 -0.5420 0.2497
vn -0.6815 -0.6876 0.2506
vn -0.9474 -0.3186 0.0291
vn -0.9289 -0.3311 0.1660
vn -0.9100 -0.3245 0.2579
vn -0.8960 -0.3126 0.3152
vn -0.8003 -0.5036 0.3256
vn -0.9986 -0.0130 0.0520
vn -0.9672 -0.0147 0.2535
vn -0.9521 -0.0114 0.3055
vn -0.9473 0.0023 0.3204
vn -0.8939 -0.2962 0.3364
vn -0.9345 0.2728 0.2288
vn -0.8999 0.3508 0.2592
vn -0.9114 0.3203 0.2584
vn -0.8905 0.3660 0.2704
vn -0.9463 0.0419 0.3204
vn -0.7336 0.6354 0.2412
vn -0.7223 0.6690 0.1753
vn -0.7366 0.6543 0.1712
vn -0.6831 0.6959 0.2218
vn -0.8760 0.3897 0.2844
vn -0.3623 0.9240 0.1221
vn -0.4403 0.8969 0.0406
vn -0.4207 0.8995 0.1183
vn -0.4415 0.8937 0.0805
vn -0.6327 0.7588 0.1547
vn -0.2159 0.9763 0.0160
vn -0.2643 0.9589 0.1032
vn -0.2846 0.9529 0.1048
vn -0.3060 0.9515 0.0326
vn -0.4308 0.8961 0.1070
vn -0.0519 0.9948 0.0873
vn -0.0498 0.9948 0.0891
vn -0.0710 0.9974 -0.0137
vn -0.0781 0.9961 -0.0409
vn -0.2732 0.9617 0.0238
vn 0.2461 0.9689 0.0271
vn 0.1455 0.9889 -0.0289
vn 0.1152 0.9910 -0.0683
vn -0.0155 0.9946 -0.1023
vn -0.0677 0.9907 -0.1182
vn 0.3410 0.9396 -0.0285
vn 0.3159 0.9434 -0.1011
vn 0.2498 0.9593 -0.1320
vn 0.2953 0.9305 -0.2165
vn -0.0624 0.9885 -0.1379
vn 0.5595 0.8197 -0.1225
vn 0.5692 0.8020 -0.1812
vn 0.5478 0.7819 -0.2976
vn 0.5056 0.7787 -0.3715
vn 0.1718 0.9398 -0.2956
vn 0.7659 0.5999 -0.2316
vn 0.7507 0.5606 -0.3495
vn 0.6997 0.5421 -0.4654
vn 0.6485 0.5545 -0.5214
vn 0.4677 0.7557 -0.4585
vn 0.9043 0.1611 -0.3954
vn 0.8046 0.3108 -0.5060
vn 0.7929 0.1389 -0.5934
vn 0.7513 0.0273 -0.6594
vn 0.5881 0.5300 -0.6110
vn 0.8334 -0.2673 -0.4837
vn 0.7224 -0.4275 -0.5435
vn 0.6576 -0.4711 -0.5879
vn 0.6112 -0.4671 -0.6390
vn 0.6622 0.0290 -0.7487
vn 0.4623 -0.8191 -0.3396
vn 0.4729 -0.7786 -0.4124
vn 0.4294 -0.7945 -0.4293
vn 0.4167 -0.7832 -0.4615
vn 0.5667 -0.4448 -0.6935
vn 0.1788 -0.9753 -0.1297
vn 0.1821 -0.9738 -0.1363
vn 0.2415 -0.9508 -0.1939
vn 0.3158 -0.9232 -0.2190
vn 0.4537 -0.7640 -0.4587
vn -0.0034 -0.9968 0.0798
vn 0.0699 -0.9953 0.0673
vn 0.1565 -0.9857 0.0623
vn 0.2627 -0.9632 0.0577
vn 0.3881 -0.9090 -0.1522
vn -0.0257 -0.9722 0.2326
vn 0.0380 -0.9738 0.2243
vn 0.1356 -0.9559 0.2605
vn 0.1850 -0.9401 0.2862
vn 0.3038 -0.9476 0.0986
vn -0.0544 -0.9314 0.3600
vn 0.0170 -0.9215 0.3879
vn 0.0412 -0.8967 0.4408
vn 0.0612 -0.8760 0.4784
vn 0.1958 -0.9289 0.3143
vn -0.1933 -0.8056 0.5600
vn -0.1583 -0.7874 0.5957
vn -0.1162 -0.7538 0.6468
vn -0.0477 -0.7195 0.6928
vn 0.1006 -0.8533 0.5116
vn -0.3745 -0.5990 0.7078
vn -0.2596 -0.5712 0.7787
vn -0.1957 -0.5616 0.8039
vn -0.1617 -0.5361 0.8286
vn -0.0357 -0.6856 0.7271
vn -0.3951 -0.3355 0.8552
vn -0.3072 -0.3526 0.8839
vn -0.3118 -0.3320 0.8902
vn -0.2611 -0.3182 0.9114
vn -0.1614 -0.5175 0.8403
vn -0.4753 0.0098 0.8797
vn -0.4671 0.0169 0.8840
vn -0.4458 0.0999 0.8896
vn -0.3584 0.0920 0.9290
vn -0.2302 -0.2713 0.9346
vn -0.5577 0.3525 0.7515
vn -0.5165 0.3676 0.7733
vn -0.4359 0.4250 0.7933
vn -0.2820 0.4426 0.8512
vn -0.2125 0.1760 0.9612
vn -0.5199 0.6022 0.6059
vn -0.4564 0.6548 0.6025
vn -0.3555 0.6804 0.6409
vn -0.1844 0.7078 0.6819
vn -0.1080 0.4663 0.8780
vn -0.4461 0.8082 0.3844
vn -0.3582 0.8274 0.4324
vn -0.1750 0.8694 0.4622
vn -0.0907 0.8761 0.4734
vn -0.0447 0.7090 0.7038
vn -0.3114 0.9238 0.2228
vn -0.1584 0.9493 0.2715
vn -0.1465 0.9649 0.2180
vn -0.1703 0.9619 0.2140
vn -0.1024 0.8900 0.4444
vn -0.1516 0.9878 0.0344
vn -0.1513 0.9840 0.0940
vn -0.1829 0.9761 0.1174
vn -0.1807 0.9793 0.0917
vn -0.1247 0.9685 0.2154
vn -0.1195 0.9742 -0.1915
vn -0.2262 0.9585 -0.1736
vn -0.2803 0.9503 -0.1359
vn -0.2804 0.9406 -0.1912
vn -0.1484 0.9888 0.0137
vn -0.2587 0.8361 -0.4837
vn -0.3313 0.8364 -0.4366
vn -0.3248 0.8586 -0.3965
vn -0.2395 0.8711 -0.4287
vn -0.1730 0.9484 -0.2657
vn -0.3659 0.6842 -0.6308
vn -0.3565 0.6901 -0.6298
vn -0.3346 0.6635 -0.6691
vn -0.3617 0.6309 -0.6864
vn -0.2764 0.8375 -0.4714
vn -0.4133 0.3384 -0.8454
vn -0.3827 0.2975 -0.8747
vn -0.3834 0.3173 -0.8674
vn -0.4382 0.2826 -0.8533
vn -0.3694 0.6443 -0.6697
vn -0.3523 -0.1362 -0.9259
vn -0.3583 -0.1622 -0.9194
vn -0.4457 -0.1892 -0.8750
vn -0.5281 -0.1615 -0.8337
vn -0.5650 0.2159 -0.7963
vn -0.2756 -0.5523 -0.7868
vn -0.3314 -0.5061 -0.7962
vn -0.4692 -0.4490 -0.7605
vn -0.5667 -0.4807 -0.6692
vn -0.6186 -0.1498 -0.7713
vn -0.2088 -0.7433 -0.6356
vn -0.3357 -0.7316 -0.5934
vn -0.4694 -0.7014 -0.5364
vn -0.5753 -0.6868 -0.4443
vn -0.7207 -0.4365 -0.5386
vn -0.1971 -0.8909 -0.4093
vn -0.2947 -0.8824 -0.3667
vn -0.3950 -0.8650 -0.3094
vn -0.5055 -0.8425 -0.1864
vn -0.6988 -0.6609 -0.2737
vn -0.1092 -0.9727 -0.2047
vn -0.1797 -0.9670 -0.1809
vn -0.2862 -0.9510 -0.1172
vn -0.3612 -0.9318 -0.0352
vn -0.5818 -0.8093 -0.0803
vn 0.0293 -0.9982 -0.0525
vn -0.0398 -0.9991 -0.0173
vn -0.0778 -0.9970 -0.0025
vn -0.0396 -0.9991 0.0167
vn -0.3509 -0.9363 -0.0097
vn 0.2519 -0.9605 0.1179
vn 0.2556 -0.9652 0.0546
vn 0.2460 -0.9676 0.0559
vn 0.2057 -0.9783 0.0231
vn -0.0866 -0.9960 0.0231
vn 0.5220 -0.8478 0.0934
vn 0.4875 -0.8704 0.0682
vn 0.4664 -0.8845 0.0124
vn 0.4974 -0.8675 0.0119
vn 0.2146 -0.9767 -0.0038
vn 0.6867 -0.7230 0.0756
vn 0.6894 -0.7231 0.0429
vn 0.7111 -0.7010 0.0544
vn 0.7229 -0.6877 0.0661
vn 0.5162 -0.8547 0.0542
vn 0.8622 -0.4985 0.0899
vn 0.8804 -0.4622 0.1063
vn 0.8920 -0.4393 0.1067
vn 0.8885 -0.4406 0.1283
vn 0.7440 -0.6585 0.1138
vn 0.9802 -0.1343 0.1455
vn 0.9842 -0.1267 0.1233
vn 0.9838 -0.1270 0.1265
vn 0.9817 -0.1402 0.1286
vn 0.8773 -0.4639 0.1228
vn 0.9817 0.1381 0.1309
vn 0.9765 0.1590 0.1458
vn 0.9657 0.2103 0.1521
vn 0.9645 0.2352 0.1198
vn 0.9850 -0.1263 0.1176
vn 0.8743 0.4598 0.1556
vn 0.8569 0.4846 0.1755
vn 0.8487 0.5136 0.1265
vn 0.8625 0.5016 0.0673
vn 0.9739 0.2206 0.0526
vn 0.7340 0.6589 0.1647
vn 0.7109 0.6905 0.1335
vn 0.7086 0.7010 0.0808
vn 0.7186 0.6946 0.0340
vn 0.8488 0.5281 0.0275
vn 0.5693 0.8132 0.1209
vn 0.5628 0.8224 0.0831
vn 0.5822 0.8122 0.0373
vn 0.5788 0.8155 0.0010
vn 0.7278 0.6857 0.0143
vn 0.3637 0.9296 0.0596
vn 0.3862 0.9222 0.0189
vn 0.3761 0.9253 -0.0478
vn 0.3654 0.9308 -0.0027
vn 0.5647 0.8253 -0.0052
vn 0.1169 0.9927 -0.0301
vn 0.1658 0.9811 -0.0995
vn 0.1308 0.9914 0.0076
vn 0.1630 0.9864 -0.0225
vn 0.3972 0.9172 -0.0302
vn -0.0659 0.9883 -0.1378
vn -0.1455 0.9888 -0.0327
vn -0.0601 0.9977 -0.0323
vn -0.0243 0.9626 -0.2699
vn 0.1468 0.9697 -0.1951
vn -0.5081 0.8594 -0.0569
vn -0.4033 0.8925 -0.2021
vn -0.1695 0.9183 -0.3577
vn -0.1766 0.8412 -0.5110
vn 0.0993 0.9398 -0.3270
vn -0.6847 0.6546 -0.3204
vn -0.5597 0.6195 -0.5504
vn -0.6173 0.5801 -0.5314
vn -0.6684 0.6022 -0.4366
vn -0.1857 0.9187 -0.3486
vn -0.8694 0.0966 -0.4845
vn -0.8661 0.1287 -0.4829
vn -0.9083 0.1405 -0.3940
vn -0.8956 0.3858 -0.2216
vn -0.5533 0.8112 -0.1893
vn -0.8947 -0.2470 -0.3721
vn -0.9345 -0.1965 -0.2966
vn -0.9884 -0.1520 -0.0029
vn -0.9378 -0.2202 0.2683
vn -0.8564 0.4897 0.1637
vn -0.8580 -0.4951 -0.1367
vn -0.8127 -0.5758 0.0894
vn -0.8366 -0.4863 0.2523
vn -0.7573 -0.4590 0.4646
vn -0.8595 -0.0250 0.5105
vn -0.6717 -0.7352 0.0911
vn -0.6718 -0.7017 0.2373
vn -0.6037 -0.7107 0.3611
vn -0.6412 -0.5784 0.5042
vn -0.7401 -0.2214 0.6350
vn -0.4909 -0.8525 0.1794
vn -0.4737 -0.8351 0.2798
vn -0.4493 -0.8280 0.3354
vn -0.3670 -0.7729 0.5176
vn -0.5167 -0.4770 0.7110
vn -0.3176 -0.9305 0.1824
vn -0.2877 -0.9305 0.2268
vn -0.2567 -0.8861 0.3860
vn -0.3059 -0.8867 0.3469
vn -0.3503 -0.7773 0.5226
vn -0.1407 -0.9850 0.1004
vn -0.1632 -0.9754 0.1481
vn -0.2041 -0.9606 0.1888
vn -0.2162 -0.9602 0.1769
vn -0.3451 -0.8477 0.4027
vn -0.0887 -0.9957 0.0275
vn -0.1035 -0.9943 0.0270
vn -0.1029 -0.9945 0.0193
vn -0.1493 -0.9858 0.0767
vn -0.2061 -0.9413 0.2674
vn 0.0881 -0.9783 -0.1874
vn 0.0630 -0.9850 -0.1605
vn -0.0212 -0.9837 -0.1783
vn -0.0319 -0.9739 -0.2247
vn -0.1387 -0.9903 -0.0094
vn 0.3182 -0.8208 -0.4743
vn 0.2005 -0.8644 -0.4611
vn 0.0606 -0.8696 -0.4900
vn -0.0352 -0.9035 -0.4271
vn -0.0857 -0.9756 -0.2021
vn 0.3068 -0.7194 -0.6232
vn 0.1310 -0.7434 -0.6559
vn 0.1444 -0.6909 -0.7084
vn 0.1792 -0.6680 -0.7223
vn 0.0641 -0.8286 -0.5561
vn 0.2968 -0.4189 -0.8582
vn 0.2339 -0.4357 -0.8692
vn 0.3526 -0.3637 -0.8622
vn 0.1464 -0.5102 -0.8475
vn 0.1913 -0.6166 -0.7637
vn 0.3291 -0.1278 -0.9356
vn 0.3199 -0.2097 -0.9240
vn 0.3293 -0.1247 -0.9360
vn 0.1042 -0.1259 -0.9866
vn 0.0236 -0.5647 -0.8250
vn 0.4071 0.1672 -0.8980
vn 0.4439 0.2362 -0.8644
vn 0.2532 0.3411 -0.9053
vn 0.3170 0.3459 -0.8831
vn 0.3460 -0.0027 -0.9382
vn 0.4945 0.5711 -0.6552
vn 0.3572 0.6105 -0.7069
vn 0.2248 0.5423 -0.8095
vn 0.3704 0.5597 -0.7413
vn 0.3718 0.3292 -0.8680
vn 0.3882 0.7301 -0.5624
vn 0.2819 0.7738 -0.5672
vn 0.3050 0.7464 -0.5914
vn 0.3175 0.7541 -0.5749
vn 0.2630 0.6111 -0.7466
vn 0.2988 0.8506 -0.4326
vn 0.2839 0.8659 -0.4119
vn 0.2822 0.8642 -0.4165
vn 0.2217 0.8707 -0.4391
vn 0.2056 0.7611 -0.6152
vn 0.2519 0.9311 -0.2639
vn 0.2325 0.9424 -0.2406
vn 0.2228 0.9398 -0.2593
vn 0.2051 0.9418 -0.2664
vn 0.1431 0.8677 -0.4761
vn 0.1540 0.9880 0.0118
vn 0.1946 0.9774 -0.0832
vn 0.2246 0.9677 -0.1144
vn 0.2576 0.9593 -0.1158
vn 0.2057 0.9379 -0.2794
vn 0.0541 0.9881 0.1440
vn 0.2313 0.9707 0.0656
vn 0.3133 0.9489 0.0383
vn 0.3687 0.9292 0.0259
vn 0.2932 0.9472 -0.1299
vn 0.2087 0.8898 0.4057
vn 0.3586 0.9087 0.2136
vn 0.4068 0.9069 0.1095
vn 0.3861 0.9213 0.0452
vn 0.3905 0.9205 -0.0100
vn 0.3579 0.8136 0.4583
vn 0.4368 0.8480 0.3001
vn 0.4658 0.8496 0.2472
vn 0.4692 0.8201 0.3275
vn 0.3349 0.9402 0.0626
vn 0.5157 0.5504 0.6566
vn 0.5703 0.6085 0.5518
vn 0.5897 0.5445 0.5965
vn 0.4962 0.4316 0.7533
vn 0.4255 0.8013 0.4205
vn 0.5641 0.0229 0.8254
vn 0.5453 -0.0450 0.8371
vn 0.3969 -0.1000 0.9124
vn 0.4145 -0.0830 0.9063
vn 0.4341 0.3591 0.8262
vn 0.2460 -0.6130 0.7508
vn 0.2187 -0.5079 0.8332
vn 0.2528 -0.4742 0.8434
vn 0.4174 -0.5353 0.7343
vn 0.6027 -0.0073 0.7980
vn 0.0023 -0.7658 0.6431
vn -0.0439 -0.8200 0.5707
vn 0.0589 -0.8408 0.5381
vn 0.3257 -0.8311 0.4508
vn 0.7010 -0.5004 0.5082
vn -0.2484 -0.8926 0.3762
vn -0.1963 -0.8968 0.3964
vn -0.0361 -0.9541 0.2974
vn 0.1072 -0.9882 0.1090
vn 0.5712 -0.8121 0.1197
vn -0.3305 -0.9064 0.2632
vn -0.2832 -0.9500 0.1313
vn -0.2808 -0.9598 0.0050
vn -0.1929 -0.9810 -0.0196
vn 0.2513 -0.9670 -0.0431
vn -0.4230 -0.9060 0.0151
vn -0.4081 -0.9124 -0.0321
vn -0.3751 -0.9269 -0.0123
vn -0.3395 -0.9373 0.0789
vn -0.1069 -0.9935 0.0402
vn -0.4925 -0.8688 -0.0504
vn -0.4647 -0.8854 -0.0140
vn -0.4627 -0.8818 0.0915
vn -0.4110 -0.8887 0.2032
vn -0.2921 -0.9361 0.1958
vn -0.5827 -0.8104 -0.0609
vn -0.5542 -0.8314 0.0397
vn -0.5418 -0.8192 0.1880
vn -0.5344 -0.8075 0.2496
vn -0.4078 -0.8786 0.2486
vn -0.6893 -0.7239 -0.0279
vn -0.6658 -0.7281 0.1631
vn -0.6795 -0.6975 0.2276
vn -0.6708 -0.7070 0.2240
vn -0.5476 -0.7945 0.2624
vn -0.7933 -0.5988 0.1100
vn -0.8179 -0.5470 0.1785
vn -0.8345 -0.5302 0.1501
vn -0.8192 -0.5415 0.1887
vn -0.6879 -0.6799 0.2543
vn -0.9548 -0.2949 0.0370
vn -0.9604 -0.2589 0.1033
vn -0.9702 -0.2406 0.0283
vn -0.9593 -0.2255 0.1700
vn -0.8414 -0.4687 0.2691
vn -0.9927 0.1180 -0.0253
vn -0.9899 0.1211 -0.0732
vn -0.9935 0.0795 0.0812
vn -0.9842 0.0471 0.1707
vn -0.9651 -0.1465 0.2173
vn -0.9035 0.4096 -0.1263
vn -0.9071 0.4210 0.0036
vn -0.9105 0.4036 0.0899
vn -0.9461 0.3141 0.0791
vn -0.9916 0.0694 0.1094
vn -0.7353 0.6696 -0.1047
vn -0.6995 0.7146 -0.0014
vn -0.7293 0.6786 0.0876
vn -0.7858 0.6010 0.1459
vn -0.9288 0.3019 0.2147
vn -0.5571 0.8301 -0.0232
vn -0.5799 0.8110 0.0779
vn -0.6028 0.7947 0.0711
vn -0.6013 0.7959 0.0704
vn -0.7498 0.6400 0.1678
vn -0.3740 0.9258 0.0545
vn -0.3844 0.9224 0.0364
vn -0.4172 0.9088 0.0029
vn -0.4226 0.9062 -0.0181
vn -0.5923 0.7946 0.1337
vn -0.1229 0.9923 -0.0131
vn -0.1609 0.9808 -0.1102
vn -0.2113 0.9614 -0.1764
vn -0.1768 0.9559 -0.2347
vn -0.3708 0.9264 -0.0654
vn 0.1159 0.9697 -0.2151
vn 0.0367 0.9471 -0.3189
vn 0.0066 0.9239 -0.3825
vn 0.0243 0.9095 -0.4150
vn -0.1405 0.9558 -0.2582
vn 0.2882 0.8444 -0.4516
vn 0.1739 0.8412 -0.5121
vn 0.1857 0.8016 -0.5683
vn 0.2177 0.7869 -0.5774
vn 0.0696 0.9059 -0.4177
vn 0.3684 0.6543 -0.6605
vn 0.3164 0.6447 -0.6959
vn 0.3395 0.6172 -0.7098
vn 0.4083 0.6126 -0.6767
vn 0.2771 0.7734 -0.5702
vn 0.4176 0.4126 -0.8096
vn 0.4312 0.4021 -0.8077
vn 0.5119 0.3470 -0.7859
vn 0.5349 0.3183 -0.7827
vn 0.4522 0.5537 -0.6992
vn 0.4974 0.0668 -0.8649
vn 0.5509 0.0494 -0.8331
vn 0.5855 -0.0247 -0.8103
vn 0.4168 -0.1153 -0.9016
vn 0.3901 0.2979 -0.8712
vn 0.5398 -0.3103 -0.7825
vn 0.5378 -0.3450 -0.7693
vn 0.3640 -0.3658 -0.8566
vn 0.2936 -0.3770 -0.8784
vn 0.2578 -0.0996 -0.9610
vn 0.4766 -0.5879 -0.6536
vn 0.3245 -0.5951 -0.7352
vn 0.2739 -0.6383 -0.7195
vn 0.2476 -0.7028 -0.6669
vn 0.2906 -0.4636 -0.8370
vn 0.2453 -0.8471 -0.4714
vn 0.2354 -0.8490 -0.4731
vn 0.2134 -0.8791 -0.4263
vn 0.1804 -0.9260 -0.3315
vn 0.2558 -0.7899 -0.5574
vn 0.1595 -0.9672 -0.1976
vn 0.1601 -0.9815 -0.1055
vn 0.1697 -0.9837 -0.0596
vn 0.2495 -0.9677 -0.0368
vn 0.2916 -0.9267 -0.2369
vn 0.1283 -0.9772 0.1690
vn 0.1924 -0.9666 0.1692
vn 0.2278 -0.9561 0.1845
vn 0.2525 -0.9387 0.2347
vn 0.2796 -0.9600 0.0153
vn 0.1949 -0.9178 0.3459
vn 0.1850 -0.9042 0.3849
vn 0.2033 -0.8662 0.4564
vn 0.2585 -0.8302 0.4939
vn 0.2591 -0.9242 0.2807
vn 0.1421 -0.7860 0.6016
vn 0.1715 -0.7681 0.6169
vn 0.2273 -0.7425 0.6301
vn 0.3244 -0.7052 0.6305
vn 0.2783 -0.8251 0.4918
vn 0.1661 -0.6088 0.7757
vn 0.2084 -0.5857 0.7833
vn 0.3380 -0.5601 0.7563
vn 0.4148 -0.5281 0.7409
vn 0.3779 -0.7005 0.6054
vn 0.2039 -0.3464 0.9156
vn 0.3242 -0.3307 0.8863
vn 0.4097 -0.2674 0.8721
vn 0.5640 -0.2192 0.7962
vn 0.5328 -0.4645 0.7073
vn 0.2642 0.0047 0.9644
vn 0.4138 0.0765 0.9071
vn 0.5627 0.0874 0.8221
vn 0.6410 0.1379 0.7551
vn 0.6941 -0.1577 0.7024
vn 0.3619 0.3639 0.8582
vn 0.5005 0.3849 0.7755
vn 0.5741 0.4086 0.7095
vn 0.6278 0.4345 0.6458
vn 0.7089 0.1904 0.6791
vn 0.3935 0.6307 0.6689
vn 0.4685 0.6501 0.5982
vn 0.5062 0.6625 0.5521
vn 0.5301 0.6709 0.5186
vn 0.6529 0.4666 0.5966
vn 0.3392 0.8170 0.4663
vn 0.3752 0.8241 0.4244
vn 0.3849 0.8325 0.3984
vn 0.3908 0.8353 0.3867
vn 0.5449 0.6857 0.4826
vn 0.2154 0.9414 0.2596
vn 0.2181 0.9448 0.2445
vn 0.2170 0.9441 0.2482
vn 0.2122 0.9403 0.2662
vn 0.4130 0.8373 0.3583
vn 0.0242 0.9988 0.0418
vn 0.0161 0.9975 0.0688
vn -0.0136 0.9898 0.1415
vn -0.0153 0.9730 0.2303
vn 0.2158 0.9344 0.2834
vn -0.2070 0.9678 -0.1430
vn -0.2509 0.9680 -0.0097
vn -0.2197 0.9663 0.1342
vn -0.1258 0.9600 0.2503
vn 0.0227 0.9553 0.2948
vn -0.4701 0.8600 -0.1984
vn -0.4375 0.8992 -0.0013
vn -0.3063 0.9372 0.1668
vn -0.1775 0.9174 0.3562
vn -0.0543 0.9363 0.3469
vn -0.7076 0.6829 -0.1816
vn -0.6070 0.7944 0.0225
vn -0.4835 0.7965 0.3630
vn -0.3715 0.6776 0.6347
vn -0.1697 0.8392 0.5167
vn -0.8841 0.4462 -0.1392
vn -0.8554 0.4172 0.3068
vn -0.6540 0.2575 0.7113
vn -0.6789 0.0878 0.7290
vn -0.5241 0.5413 0.6575
vn -0.9507 -0.1767 0.2549
vn -0.7231 -0.2960 0.6241
vn -0.6921 -0.3488 0.6319
vn -0.7567 -0.3998 0.5173
vn -0.8134 -0.0483 0.5797
vn -0.6060 -0.6751 0.4208
vn -0.6278 -0.6344 0.4510
vn -0.6482 -0.6595 0.3807
vn -0.4986 -0.7492 0.4360
vn -0.6110 -0.5073 0.6077
vn -0.5232 -0.8114 0.2604
vn -0.5003 -0.8342 0.2322
vn -0.4246 -0.8723 0.2427
vn -0.2101 -0.9152 0.3438
vn -0.2467 -0.7570 0.6050
vn -0.4193 -0.8979 0.1341
vn -0.3654 -0.9205 0.1382
vn -0.1879 -0.9732 0.1324
vn -0.1383 -0.9768 0.1634
vn -0.1088 -0.9303 0.3502
vn -0.2408 -0.9703 -0.0222
vn -0.1608 -0.9844 -0.0720
vn -0.1753 -0.9840 -0.0320
vn -0.1758 -0.9844 0.0042
vn -0.1704 -0.9649 0.1998
vn -0.1063 -0.9550 -0.2769
vn -0.1811 -0.9438 -0.2764
vn -0.1827 -0.9553 -0.2326
vn -0.2383 -0.9526 -0.1890
vn -0.1781 -0.9839 0.0177
vn -0.1281 -0.8744 -0.4680
vn -0.1858 -0.8694 -0.4578
vn -0.2692 -0.8461 -0.4600
vn -0.3792 -0.8444 -0.3783
vn -0.3235 -0.9308 -0.1700
vn -0.1370 -0.7036 -0.6972
vn -0.2913 -0.7282 -0.6204
vn -0.4470 -0.6897 -0.5696
vn -0.5781 -0.6730 -0.4613
vn -0.4920 -0.7963 -0.3520
vn -0.3295 -0.4571 -0.8261
vn -0.4785 -0.4371 -0.7616
vn -0.6511 -0.4174 -0.6340
vn -0.7548 -0.4379 -0.4884
vn -0.6757 -0.6416 -0.3630
vn -0.4658 -0.1285 -0.8755
vn -0.6881 -0.1833 -0.7021
vn -0.8023 -0.2127 -0.5577
vn -0.8575 -0.2020 -0.4731
vn -0.8088 -0.4215 -0.4100
vn -0.7310 0.0727 -0.6784
vn -0.7636 0.1241 -0.6336
vn -0.8189 0.1867 -0.5427
vn -0.7947 0.2534 -0.5516
vn -0.8617 -0.1375 -0.4885
vn -0.6076 0.4932 -0.6225
vn -0.6366 0.5241 -0.5657
vn -0.6458 0.5604 -0.5186
vn -0.6364 0.5526 -0.5382
vn -0.7501 0.2470 -0.6135
vn -0.5431 0.6547 -0.5257
vn -0.5565 0.6545 -0.5118
vn -0.5465 0.6795 -0.4895
vn -0.3930 0.7122 -0.5816
vn -0.5600 0.5587 -0.6117
vn -0.3522 0.8118 -0.4657
vn -0.3395 0.8394 -0.4244
vn -0.1725 0.8447 -0.5067
vn 0.0027 0.8131 -0.5821
vn -0.2021 0.7247 -0.6587
vn -0.0156 0.9689 -0.2470
vn 0.0672 0.9273 -0.3682
vn 0.2246 0.8539 -0.4695
vn 0.3852 0.7407 -0.5505
vn 0.1854 0.7307 -0.6570
vn 0.2394 0.9393 -0.2456
vn 0.4228 0.8355 -0.3510
vn 0.4898 0.7551 -0.4359
vn 0.7611 0.4512 -0.4661
vn 0.5500 0.5828 -0.5981
vn 0.6202 0.7586 -0.1998
vn 0.5328 0.8414 -0.0901
vn 0.7695 0.6368 0.0484
vn 0.7793 0.6209 -0.0847
vn 0.9073 0.4070 0.1056
vn 0.9356 0.3489 0.0541
vn 0.9715 0.2065 0.1160
vn 0.9776 0.1951 0.0794
vn 0.9707 0.2030 -0.1288
vn 0.8921 0.3093 -0.3295
vn 0.9858 0.1454 0.0844
vn 0.9813 0.1397 -0.1321
vn 0.9430 0.1858 -0.2762
vn 0.8754 0.1927 -0.4433
vn 0.7881 0.4017 -0.4664
vn 0.9918 0.0539 -0.1161
vn 0.9938 -0.0743 0.0833
vn 0.9912 -0.1327 0.0033
vn 0.9846 -0.1300 -0.1173
vn 0.9932 -0.0963 -0.0661
vn 0.9820 -0.1304 -0.1365
vn 0.8248 -0.5118 -0.2402
vn 0.8718 -0.4104 -0.2673
vn 0.8765 -0.1336 -0.4624
vn 0.8305 0.0688 -0.5527
vn 0.6309 -0.5882 -0.5059
vn 0.6227 -0.3122 -0.7175
vn 0.5557 -0.0110 -0.8313
vn 0.5163 0.1303 -0.8464
vn 0.8635 0.0457 -0.5023
vn 0.4317 -0.2393 -0.8697
vn 0.3525 -0.0157 -0.9357
vn 0.2280 0.1681 -0.9590
vn 0.0972 -0.0710 -0.9927
vn -0.0482 0.1265 -0.9908
vn -0.3636 -0.1598 -0.9178
vn -0.3882 0.0976 -0.9164
vn -0.2837 0.3192 -0.9042
vn -0.6622 -0.0198 -0.7491
vn -0.5831 0.2423 -0.7754
vn -0.3859 0.5563 -0.7359
vn -0.1846 0.5035 -0.8440
vn 0.0066 0.6669 -0.7452
vn 0.3364 0.5935 -0.7312
vn 0.4742 0.4589 -0.7513
vn 0.6441 0.4693 -0.6040
vn 0.7718 0.2616 -0.5795
vn 0.6045 0.3271 -0.7263
vn -0.7063 0.2133 -0.6750
vn -0.7459 -0.1020 -0.6582
vn -0.7848 -0.0839 -0.6141
vn -0.7457 -0.2989 -0.5955
vn -0.7798 -0.3485 -0.5200
vn -0.8172 -0.4029 -0.4122
vn -0.7149 -0.5772 -0.3946
vn -0.7284 -0.5966 -0.3370
vn -0.7261 -0.6064 -0.3241
vn -0.5697 -0.7879 -0.2336
vn -0.5949 -0.7812 -0.1894
vn -0.5690 -0.7835 -0.2497
vn -0.4514 -0.8862 -0.1045
vn -0.4217 -0.8922 -0.1615
vn -0.3616 -0.9147 -0.1805
vn -0.1418 -0.9895 0.0294
vn -0.1129 -0.9887 0.0981
vn -0.1889 -0.9787 0.0806
vn 0.1311 -0.9467 0.2941
vn -0.0019 -0.9604 0.2786
vn -0.0914 -0.9652 0.2451
vn 0.0767 -0.8868 0.4558
vn -0.0009 -0.8612 0.5083
vn -0.1038 -0.8999 0.4235
vn 0.0493 -0.7377 0.6733
vn -0.0103 -0.7566 0.6538
vn -0.0898 -0.7799 0.6195
vn 0.0708 -0.4730 0.8782
vn -0.0577 -0.5698 0.8198
vn -0.3067 -0.5929 0.7446
vn 0.0246 -0.1858 0.9823
vn -0.3531 -0.2252 0.9081
vn -0.7187 -0.1317 0.6827
vn -0.2963 0.3686 0.8811
vn -0.6758 0.3749 0.6346
vn -0.7227 0.4184 0.5501
vn -0.4634 0.7248 0.5099
vn -0.5700 0.7008 0.4288
vn -0.3630 0.7807 0.5087
vn -0.2977 0.9144 0.2744
vn -0.1977 0.9060 0.3743
vn -0.0774 0.9014 0.4259
vn 0.0208 0.9574 0.2881
vn 0.0393 0.9348 0.3530
vn 0.0573 0.9427 0.3287
vn 0.2258 0.9351 0.2732
vn 0.2225 0.9321 0.2857
vn 0.2223 0.9304 0.2914
vn 0.4271 0.8774 0.2184
vn 0.4277 0.8646 0.2638
vn 0.4284 0.8498 0.3070
vn 0.6234 0.7479 0.2280
vn 0.6081 0.7311 0.3092
vn 0.5834 0.7016 0.4092
vn 0.7684 0.5659 0.2989
vn 0.7255 0.5261 0.4437
vn 0.6838 0.4924 0.5384
vn 0.8624 0.2662 0.4306
vn 0.7982 0.2293 0.5570
vn 0.7546 0.1940 0.6268
vn 0.8348 -0.0871 0.5436
vn 0.7860 -0.1151 0.6074
vn 0.7529 -0.1360 0.6439
vn 0.7088 -0.4435 0.5486
vn 0.6924 -0.4323 0.5777
vn 0.6878 -0.4150 0.5955
vn 0.5436 -0.6624 0.5154
vn 0.6138 -0.6306 0.4750
vn 0.4964 -0.6759 0.5448
vn 0.4109 -0.8678 0.2796
vn 0.3816 -0.8548 0.3518
vn 0.2584 -0.8452 0.4678
vn 0.2122 -0.9469 0.2416
vn 0.1475 -0.9265 0.3463
vn 0.2073 -0.9241 0.3210
vn 0.0322 -0.9812 0.1902
vn 0.1506 -0.9832 0.1035
vn 0.2294 -0.9722 0.0461
vn 0.0853 -0.9945 -0.0615
vn 0.2100 -0.9737 -0.0879
vn 0.3119 -0.9383 -0.1495
vn 0.1705 -0.9255 -0.3382
vn 0.3334 -0.8654 -0.3741
vn 0.3502 -0.8361 -0.4223
vn 0.3101 -0.7140 -0.6278
vn 0.4018 -0.6519 -0.6431
vn 0.3382 -0.5722 -0.7471
vn 0.4489 -0.3539 -0.8205
vn 0.3976 -0.2317 -0.8878
vn 0.3038 -0.1372 -0.9428
vn 0.4202 0.1294 -0.8981
vn 0.2715 0.1883 -0.9438
vn 0.2178 0.2377 -0.9466
vn 0.2328 0.4666 -0.8533
vn 0.1913 0.5190 -0.8331
vn 0.3124 0.5465 -0.7770
vn 0.1385 0.7145 -0.6858
vn 0.2176 0.7382 -0.6385
vn 0.3037 0.7663 -0.5662
vn 0.1315 0.8655 -0.4833
vn 0.1550 0.8847 -0.4396
vn 0.1368 0.8875 -0.4400
vn 0.0051 0.9584 -0.2853
vn -0.0383 0.9616 -0.2719
vn -0.0831 0.9558 -0.2820
vn -0.2084 0.9728 -0.1010
vn -0.2723 0.9566 -0.1039
vn -0.3207 0.9437 -0.0808
vn -0.4559 0.8871 0.0718
vn -0.4813 0.8704 0.1037
vn -0.5543 0.8227 0.1260
vn -0.6188 0.7365 0.2733
vn -0.6548 0.7022 0.2796
vn -0.7032 0.6690 0.2409
vn -0.7450 0.4948 0.4474
vn -0.8176 0.4283 0.3849
vn -0.8766 0.3575 0.3220
vn -0.8602 0.1614 0.4837
vn -0.8999 0.1337 0.4152
vn -0.9504 0.1206 0.2866
vn -0.8801 -0.1086 0.4622
vn -0.9235 -0.1163 0.3655
vn -0.9691 -0.1126 0.2196
vn -0.8193 -0.4370 0.3711
vn -0.8288 -0.4564 0.3237
vn -0.8422 -0.4620 0.2778
vn -0.6539 -0.6695 0.3523
vn -0.6665 -0.6837 0.2972
vn -0.6707 -0.6884 0.2763
vn -0.5146 -0.8046 0.2963
vn -0.5441 -0.7934 0.2731
vn -0.5369 -0.7991 0.2707
vn -0.4015 -0.8751 0.2704
vn -0.3626 -0.8898 0.2772
vn -0.3983 -0.8778 0.2662
vn -0.2110 -0.9459 0.2464
vn -0.2579 -0.9350 0.2434
vn -0.2383 -0.9420 0.2363
vn -0.0494 -0.9854 0.1628
vn -0.0685 -0.9707 0.2303
vn -0.0460 -0.9864 0.1581
vn 0.2787 -0.9414 0.1901
vn 0.2216 -0.9646 0.1428
vn 0.2456 -0.9693 0.0095
vn 0.6474 -0.7607 0.0473
vn 0.5862 -0.8086 -0.0497
vn 0.5644 -0.8235 -0.0576
vn 0.8949 -0.4263 -0.1321
vn 0.9039 -0.4250 -0.0485
vn 0.8539 -0.4657 0.2323
vn 0.9894 0.1386 -0.0434
vn 0.9745 0.0664 0.2143
vn 0.8122 0.0221 0.5829
vn 0.8219 0.5459 0.1625
vn 0.7206 0.5785 0.3821
vn 0.5989 0.4391 0.6697
vn 0.5787 0.7890 0.2062
vn 0.4934 0.7761 0.3928
vn 0.4101 0.7173 0.5632
vn 0.3701 0.9061 0.2049
vn 0.2517 0.9287 0.2724
vn 0.2318 0.9671 0.1052
vn 0.1401 0.9873 0.0756
vn 0.2051 0.9772 0.0550
vn 0.3263 0.9452 -0.0108
vn 0.1969 0.9759 -0.0945
vn 0.3088 0.9479 -0.0779
vn 0.3063 0.9430 -0.1305
vn 0.1970 0.9541 -0.2255
vn 0.2028 0.9425 -0.2656
vn 0.2225 0.9404 -0.2574
vn 0.0926 0.9039 -0.4176
vn 0.0982 0.8925 -0.4402
vn 0.1060 0.8896 -0.4444
vn -0.0829 0.7256 -0.6831
vn -0.1082 0.7134 -0.6923
vn 0.0852 0.7775 -0.6230
vn -0.1653 0.5288 -0.8325
vn 0.0207 0.6067 -0.7946
vn 0.1667 0.6151 -0.7706
vn -0.0905 0.2307 -0.9688
vn 0.0763 0.2672 -0.9606
vn 0.1097 0.1989 -0.9739
vn -0.1305 -0.1818 -0.9746
vn 0.0642 -0.1374 -0.9884
vn 0.2799 -0.0305 -0.9595
vn 0.1388 -0.3116 -0.9400
vn 0.1939 -0.2855 -0.9386
vn 0.2086 -0.4217 -0.8824
vn 0.1516 -0.5485 -0.8223
vn -0.0902 -0.6759 -0.7315
vn 0.0171 -0.7194 -0.6944
vn -0.1788 -0.8428 -0.5077
vn -0.0593 -0.8709 -0.4878
vn 0.0939 -0.8731 -0.4784
vn -0.1208 -0.9692 -0.2146
vn -0.0647 -0.9814 -0.1808
vn -0.0708 -0.9753 -0.2091
vn -0.1412 -0.9898 0.0190
vn -0.1458 -0.9886 0.0375
vn -0.1413 -0.9896 0.0272
vn -0.2174 -0.9342 0.2827
vn -0.2280 -0.9231 0.3098
vn -0.2231 -0.9414 0.2529
vn -0.2791 -0.7998 0.5315
vn -0.2641 -0.8542 0.4479
vn -0.2640 -0.8616 0.4335
vn -0.3280 -0.6499 0.6856
vn -0.3383 -0.6373 0.6924
vn -0.4095 -0.7654 0.4964
vn -0.3475 -0.5351 0.7700
vn -0.4621 -0.5271 0.7132
vn -0.5010 -0.5350 0.6803
vn -0.6054 -0.2275 0.7627
vn -0.5675 -0.1090 0.8161
vn -0.5675 0.0224 0.8231
vn -0.4632 0.3326 0.8215
vn -0.5780 0.2630 0.7725
vn -0.6955 0.1248 0.7077
vn -0.3996 0.6211 0.6742
vn -0.5179 0.5560 0.6501
vn -0.7101 0.5257 0.4683
vn -0.1702 0.8704 0.4620
vn -0.3239 0.9147 0.2416
vn -0.3897 0.9209 -0.0070
vn 0.0562 0.9919 0.1142
vn -0.0564 0.9970 -0.0522
vn -0.0632 0.9824 -0.1756
vn 0.2332 0.9686 -0.0861
vn 0.2329 0.9587 -0.1630
vn 0.2111 0.9449 -0.2501
vn 0.3708 0.9127 -0.1718
vn 0.3878 0.9063 -0.1682
vn 0.2816 0.9456 -0.1631
vn 0.5109 0.8509 -0.1223
vn 0.4760 0.8762 -0.0760
vn 0.4442 0.8927 -0.0756
vn 0.6029 0.7961 -0.0530
vn 0.5931 0.8049 -0.0185
vn 0.5823 0.8129 -0.0111
vn 0.7207 0.6932 0.0064
vn 0.7285 0.6845 -0.0271
vn 0.7123 0.7019 -0.0084
vn 0.8689 0.4938 -0.0329
vn 0.8488 0.5286 -0.0082
vn 0.8520 0.5231 0.0228
vn 0.9470 0.3212 -0.0090
vn 0.9646 0.2623 0.0265
vn 0.9693 0.2459 0.0068
vn 0.9994 -0.0288 -0.0208
vn 0.9959 -0.0874 -0.0239
vn 0.9955 -0.0942 -0.0070
vn 0.9328 -0.3561 -0.0561
vn 0.9131 -0.4049 -0.0487
vn 0.8968 -0.4397 0.0494
vn 0.7144 -0.6997 -0.0067
vn 0.7664 -0.6420 0.0209
vn 0.7685 -0.6338 0.0878
vn 0.5109 -0.8575 0.0606
vn 0.5313 -0.8452 0.0588
vn 0.5224 -0.8502 0.0656
vn 0.1644 -0.9855 0.0425
vn 0.1737 -0.9844 0.0270
vn 0.1658 -0.9857 0.0291
vn -0.1009 -0.9948 0.0122
vn -0.0982 -0.9951 0.0108
vn -0.1177 -0.9930 0.0075
vn -0.3691 -0.9294 -0.0014
vn -0.3639 -0.9314 0.0057
vn -0.3623 -0.9321 -0.0051
vn -0.6296 -0.7768 -0.0114
vn -0.6142 -0.7884 -0.0338
vn -0.5870 -0.8088 -0.0367
vn -0.7800 -0.6222 -0.0669
vn -0.8006 -0.5947 -0.0726
vn -0.7555 -0.6457 -0.1110
vn -0.9394 -0.3254 -0.1080
vn -0.9460 -0.2895 -0.1458
vn -0.8392 -0.3751 -0.3937
vn -0.9716 -0.0314 -0.2346
vn -0.9007 -0.0814 -0.4268
vn -0.7964 -0.1340 -0.5898
vn -0.8864 0.2052 -0.4151
vn -0.7618 0.2282 -0.6063
vn -0.6119 0.2432 -0.7526
vn -0.6333 0.5413 -0.5531
vn -0.5239 0.5928 -0.6117
vn -0.4897 0.6458 -0.5857
vn -0.4093 0.7799 -0.4736
vn -0.3974 0.8167 -0.4184
vn -0.3353 0.8255 -0.4540
vn -0.3157 0.9053 -0.2843
vn -0.2673 0.9257 -0.2676
vn -0.1900 0.9423 -0.2758
vn -0.1404 0.9901 0.0051
vn -0.1474 0.9886 -0.0321
vn -0.1094 0.9925 -0.0551
vn -0.1009 0.9595 0.2630
vn -0.0669 0.9805 0.1846
vn -0.0487 0.9809 0.1881
vn -0.0461 0.9036 0.4258
vn 0.0260 0.9113 0.4110
vn -0.0281 0.8874 0.4601
vn 0.0926 0.7720 0.6289
vn 0.0677 0.7603 0.6461
vn 0.0265 0.7262 0.6870
vn 0.1643 0.5494 0.8192
vn 0.1235 0.5368 0.8346
vn 0.0045 0.5518 0.8339
vn 0.2240 0.2537 0.9410
vn 0.1034 0.2437 0.9643
vn -0.0166 0.1780 0.9839
vn 0.1914 -0.0864 0.9777
vn 0.0758 -0.1297 0.9887
vn -0.0662 -0.1798 0.9815
vn 0.1783 -0.4495 0.8753
vn 0.0604 -0.4675 0.8819
vn -0.0959 -0.4932 0.8646
vn 0.1122 -0.6562 0.7462
vn -0.0140 -0.6573 0.7535
vn -0.0493 -0.6653 0.7450
vn 0.0959 -0.8368 0.5390
vn 0.1075 -0.8443 0.5250
vn 0.1278 -0.8500 0.5111
vn 0.2194 -0.9319 0.2888
vn 0.2146 -0.9272 0.3071
vn 0.2034 -0.9247 0.3219
vn 0.2832 -0.9547 0.0913
vn 0.3032 -0.9463 0.1119
vn 0.3217 -0.9424 0.0920
vn 0.3809 -0.9210 -0.0816
vn 0.4232 -0.9016 -0.0897
vn 0.4301 -0.8953 -0.1162
vn 0.5128 -0.8247 -0.2385
vn 0.5408 -0.7937 -0.2784
vn 0.5153 -0.7652 -0.3859
vn 0.6489 -0.5997 -0.4684
vn 0.6235 -0.5706 -0.5345
vn 0.5678 -0.5127 -0.6440
vn 0.6806 -0.1679 -0.7131
vn 0.6181 -0.0751 -0.7825
vn 0.5925 -0.0461 -0.8043
vn 0.5659 0.2845 -0.7738
vn 0.4997 0.3759 -0.7804
vn 0.5275 0.4670 -0.7097
vn 0.3414 0.6483 -0.6806
vn 0.3336 0.7120 -0.6179
vn 0.3590 0.7561 -0.5472
vn 0.1851 0.8353 -0.5177
vn 0.1490 0.8625 -0.4837
vn 0.1597 0.9204 -0.3569
vn -0.0480 0.9343 -0.3532
vn -0.0754 0.9544 -0.2887
vn -0.0760 0.9673 -0.2419
vn -0.1639 0.9602 -0.2261
vn -0.1874 0.9551 -0.2293
vn -0.1260 0.9759 -0.1781
vn -0.3412 0.9207 -0.1894
vn -0.2341 0.9580 -0.1659
vn -0.2213 0.9728 -0.0690
vn -0.4952 0.8645 -0.0865
vn -0.5020 0.8649 0.0023
vn -0.4479 0.8898 0.0876
vn -0.7024 0.7064 0.0875
vn -0.6348 0.7573 0.1533
vn -0.6507 0.7409 0.1665
vn -0.8617 0.4624 0.2090
vn -0.8724 0.4219 0.2468
vn -0.8668 0.4325 0.2482
vn -0.9421 0.1630 0.2931
vn -0.9424 0.1078 0.3167
vn -0.9399 0.1260 0.3175
vn -0.9201 -0.1709 0.3526
vn -0.9018 -0.2068 0.3795
vn -0.9031 -0.2477 0.3509
vn -0.7905 -0.4550 0.4100
vn -0.8104 -0.4651 0.3561
vn -0.8177 -0.4734 0.3277
vn -0.6864 -0.6488 0.3285
vn -0.6778 -0.6841 0.2694
vn -0.6464 -0.6906 0.3244
vn -0.5124 -0.8132 0.2760
vn -0.5414 -0.8096 0.2267
vn -0.5873 -0.7861 0.1926
vn -0.4542 -0.8715 0.1851
vn -0.4384 -0.8870 0.1449
vn -0.3784 -0.9167 0.1282
vn -0.1642 -0.9741 0.1551
vn -0.1660 -0.9847 0.0536
vn -0.1520 -0.9884 -0.0031
vn 0.0197 -0.9995 0.0232
vn 0.0080 -0.9999 -0.0083
vn -0.0236 -0.9981 -0.0568
vn 0.3776 -0.9257 -0.0239
vn 0.3307 -0.9437 0.0119
vn 0.2488 -0.9679 0.0346
vn 0.7334 -0.6759 0.0725
vn 0.6672 -0.7336 0.1291
vn 0.6206 -0.7461 0.2414
vn 0.9191 -0.2966 0.2593
vn 0.8162 -0.4699 0.3361
vn 0.8440 -0.4600 0.2758
vn 0.9301 -0.1788 0.3210
vn 0.8735 -0.0096 0.4868
vn 0.8486 -0.1165 0.5160
vn 0.8185 0.1372 0.5579
vn 0.8652 0.2699 0.4226
vn 0.8268 0.4173 0.3773
vn 0.7954 0.3198 0.5149
vn 0.7875 0.4572 0.4133
vn 0.7880 0.5319 0.3099
vn 0.7054 0.4441 0.5524
vn 0.6406 0.6789 0.3587
vn 0.6620 0.6681 0.3398
vn 0.4573 0.8184 0.3479
vn 0.4997 0.8475 0.1791
vn 0.3521 0.7439 0.5681
vn 0.4088 0.8891 0.2059
vn 0.3674 0.8679 0.3344
vn 0.4506 0.8189 0.3553
vn 0.3171 0.9380 0.1399
vn 0.2504 0.9411 0.2273
vn 0.1998 0.9494 0.2424
vn -0.0518 0.9982 -0.0293
vn -0.0318 0.9960 -0.0834
vn 0.0195 0.9978 -0.0630
vn -0.1632 0.9432 -0.2894
vn -0.0805 0.9518 -0.2958
vn -0.0467 0.9595 -0.2779
vn -0.1985 0.8554 -0.4784
vn -0.1565 0.8527 -0.4985
vn -0.0738 0.8743 -0.4798
vn -0.3523 0.4769 -0.8053
vn -0.3694 0.3787 -0.8486
vn -0.0830 0.5538 -0.8285
vn -0.4058 0.0697 -0.9113
vn -0.3482 0.0505 -0.9360
vn 0.1039 0.2041 -0.9734
vn -0.3468 -0.1524 -0.9255
vn -0.1231 0.0205 -0.9922
vn 0.3752 0.1148 -0.9198
vn -0.2877 -0.4089 -0.8660
vn 0.1910 -0.0988 -0.9766
vn 0.4159 -0.1739 -0.8926
vn -0.0562 -0.6012 -0.7971
vn 0.0975 -0.5939 -0.7986
vn -0.0104 -0.8249 -0.5652
vn -0.0792 -0.7351 -0.6733
vn -0.2343 -0.8252 -0.5140
vn 0.1107 -0.8750 -0.4713
vn -0.1972 -0.7953 -0.5732
vn -0.1318 -0.8091 -0.5727
vn 0.0990 -0.9273 -0.3611
vn -0.2144 -0.9342 -0.2852
vn -0.1139 -0.9579 -0.2636
vn -0.0720 -0.9945 -0.0757
vn -0.1717 -0.9808 0.0926
vn -0.1443 -0.9839 0.1050
vn -0.1201 -0.9878 0.0993
vn -0.1599 -0.9396 0.3025
vn -0.1699 -0.9129 0.3713
vn -0.1962 -0.9160 0.3499
vn -0.1828 -0.6709 0.7187
vn -0.1784 -0.8160 0.5498
vn -0.1809 -0.7875 0.5891
vn 0.0015 -0.3828 0.9238
vn -0.1881 -0.5551 0.8103
vn -0.1807 -0.5137 0.8387
vn -0.2186 -0.3107 0.9250
vn -0.2224 -0.0171 0.9748
vn -0.2368 -0.1621 0.9579
vn -0.2178 -0.1759 0.9600
vn -0.2406 -0.0189 0.9704
vn -0.4200 0.1950 0.8864
vn -0.4104 0.3308 0.8498
vn -0.3863 0.2965 0.8734
vn -0.4124 0.2060 0.8874
vn -0.4319 0.4136 0.8015
vn -0.3515 0.6397 0.6836
vn -0.3745 0.5711 0.7304
vn -0.3417 0.5344 0.7731
vn -0.4359 0.5266 0.7299
vn -0.5208 0.6127 0.5944
vn -0.2573 0.8710 0.4186
vn -0.2822 0.9197 0.2731
vn -0.0359 0.9514 0.3058
vn -0.0397 0.9976 0.0573
vn 0.1494 0.9775 0.1489
vn 0.0588 0.9845 0.1650
vn 0.1943 0.9807 0.0240
vn 0.2824 0.9581 -0.0487
vn 0.3173 0.9436 -0.0942
vn 0.3267 0.9304 -0.1662
vn 0.4043 0.8802 -0.2486
vn 0.4616 0.8586 -0.2229
vn 0.5515 0.7247 -0.4131
vn 0.5637 0.7209 -0.4032
vn 0.5738 0.7476 -0.3346
vn 0.6543 0.5307 -0.5387
vn 0.6634 0.5395 -0.5184
vn 0.6934 0.5268 -0.4916
vn 0.7135 0.2887 -0.6385
vn 0.7416 0.2722 -0.6131
vn 0.7640 0.0359 -0.6443
vn 0.6369 -0.0964 -0.7649
vn 0.7310 -0.0708 -0.6786
vn 0.7793 -0.1491 -0.6086
vn 0.6096 -0.3753 -0.6982
vn 0.8426 -0.2419 -0.4812
vn 0.7614 -0.1865 -0.6209
vn 0.6260 -0.7010 -0.3415
vn 0.5381 -0.7440 -0.3962
vn 0.4425 -0.7239 -0.5294
vn 0.4412 -0.8369 -0.3239
vn 0.2841 -0.8712 -0.4003
vn 0.5202 -0.8115 -0.2662
vn 0.1158 -0.9696 -0.2154
vn 0.2849 -0.9385 -0.1951
vn 0.2330 -0.9722 0.0234
vn -0.1043 -0.9945 -0.0039
vn -0.1346 -0.9902 0.0386
vn -0.0179 -0.9873 0.1581
vn -0.3397 -0.9296 0.1429
vn -0.3345 -0.9144 0.2282
vn -0.3478 -0.9234 0.1623
vn -0.5321 -0.8128 0.2371
vn -0.5153 -0.8303 0.2125
vn -0.5357 -0.8122 0.2309
vn -0.7768 -0.5812 0.2425
vn -0.7096 -0.6644 0.2345
vn -0.6968 -0.6754 0.2414
vn -0.9092 -0.3049 0.2834
vn -0.9176 -0.3399 0.2062
vn -0.8597 -0.4026 0.3145
vn -0.9616 -0.1499 0.2298
vn -0.9286 -0.1201 0.3511
vn -0.9437 -0.2673 0.1949
vn -0.9446 0.1689 0.2816
vn -0.9705 0.1629 0.1776
vn -0.9890 -0.1316 0.0671
vn -0.8366 0.4967 0.2309
vn -0.9834 0.1453 0.1089
vn -0.9940 -0.0374 -0.1029
vn -0.8476 0.5058 0.1603
vn -0.9088 0.3386 -0.2438
vn -0.7840 0.5000 -0.3678
vn -0.4227 0.8681 -0.2602
vn -0.3638 0.8678 -0.3385
vn -0.4432 0.8086 -0.3869
vn -0.1481 0.9538 -0.2615
vn -0.0321 0.9616 -0.2726
vn 0.0533 0.9461 -0.3196
vn 0.2961 0.9479 -0.1177
vn 0.2674 0.9332 -0.2399
vn 0.5571 0.7987 -0.2272
vn 0.5638 0.8169 -0.1218
vn 0.6747 0.7145 -0.1852
vn 0.7085 0.6933 -0.1317
vn 0.7697 0.6262 -0.1242
vn 0.7329 0.6748 -0.0867
vn 0.7620 0.6430 -0.0770
vn 0.8527 0.5219 -0.0222
vn 0.7509 0.6593 -0.0376
vn 0.7964 0.6012 0.0658
vn 0.8985 0.4287 0.0946
vn 0.8976 0.4035 0.1773
vn 0.7192 0.6232 0.3071
vn 0.9402 0.2563 0.2245
vn 0.8124 0.3974 0.4267
vn 0.5926 0.5387 0.5988
vn 0.7854 0.2577 0.5627
vn 0.5804 0.3702 0.7253
vn 0.4216 0.3660 0.8296
vn 0.5516 -0.0189 0.8339
vn 0.4977 -0.0279 0.8669
vn 0.3742 -0.0678 0.9249
vn 0.4312 -0.2980 0.8516
vn 0.4097 -0.2372 0.8808
vn 0.2287 -0.1809 0.9565
vn 0.2458 -0.5729 0.7819
vn 0.2540 -0.5889 0.7672
vn 0.2915 -0.6010 0.7442
vn 0.1678 -0.8294 0.5328
vn 0.2459 -0.7958 0.5534
vn 0.1747 -0.7624 0.6231
vn 0.1390 -0.9193 0.3682
vn 0.1156 -0.9119 0.3938
vn 0.1985 -0.9148 0.3517
vn 0.0161 -0.9807 0.1950
vn 0.1288 -0.9516 0.2791
vn 0.0966 -0.9479 0.3037
vn -0.0775 -0.9968 0.0202
vn -0.0200 -0.9972 0.0727
vn 0.0441 -0.9973 0.0593
vn -0.1381 -0.9793 -0.1480
vn -0.0141 -0.9810 -0.1934
vn 0.1424 -0.9652 -0.2194
vn -0.1010 -0.8750 -0.4735
vn 0.0892 -0.8546 -0.5115
vn 0.2686 -0.8045 -0.5298
vn 0.0493 -0.6476 -0.7604
vn 0.2544 -0.5861 -0.7692
vn 0.4344 -0.5377 -0.7226
vn 0.2745 -0.2399 -0.9312
vn 0.4482 -0.2064 -0.8698
vn 0.5646 -0.1297 -0.8151
vn 0.4182 0.1618 -0.8938
vn 0.5308 0.2342 -0.8145
vn 0.5915 0.2023 -0.7806
vn 0.4405 0.5919 -0.6750
vn 0.4802 0.4551 -0.7499
vn 0.2283 0.4663 -0.8547
vn 0.1435 0.8203 -0.5537
vn 0.0609 0.7214 -0.6898
vn 0.1775 0.7250 -0.6654
vn -0.2479 0.8846 -0.3950
vn -0.0058 0.9014 -0.4329
vn 0.0812 0.8807 -0.4667
vn -0.3008 0.9525 -0.0473
vn -0.2552 0.9613 -0.1041
vn -0.3705 0.9028 -0.2183
vn -0.4397 0.8963 0.0579
vn -0.4405 0.8905 0.1140
vn -0.5125 0.8531 0.0980
vn -0.4106 0.8800 0.2387
vn -0.5423 0.8157 0.2013
vn -0.6229 0.7563 0.1999
vn -0.5495 0.7481 0.3719
vn -0.6026 0.6669 0.4384
vn -0.6850 0.6239 0.3763
vn -0.5985 0.4614 0.6549
vn -0.7276 0.3689 0.5783
vn -0.8187 0.2667 0.5085
vn -0.6958 0.1210 0.7080
vn -0.8194 0.0456 0.5714
vn -0.8868 -0.0993 0.4514
vn -0.7070 -0.2466 0.6628
vn -0.8027 -0.3351 0.4933
vn -0.8220 -0.3831 0.4214
vn -0.6294 -0.5813 0.5156
vn -0.6392 -0.6405 0.4258
vn -0.6775 -0.6247 0.3884
vn -0.3746 -0.8412 0.3898
vn -0.4560 -0.8324 0.3149
vn -0.5394 -0.8079 0.2372
vn -0.3150 -0.9012 0.2977
vn -0.3216 -0.9320 0.1671
vn -0.2620 -0.9306 0.2557
vn 0.0527 -0.9863 0.1564
vn 0.0856 -0.9890 0.1210
vn 0.0459 -0.9784 0.2016
vn 0.2587 -0.9625 0.0820
vn 0.3326 -0.9373 0.1044
vn 0.3775 -0.9147 0.1442
vn 0.6574 -0.7535 0.0106
vn 0.6708 -0.7411 0.0261
vn 0.6534 -0.7514 0.0920
vn 0.8234 -0.5638 -0.0643
vn 0.8184 -0.5746 0.0069
vn 0.8525 -0.4980 0.1590
vn 0.9369 -0.3480 -0.0324
vn 0.9503 -0.2869 0.1207
vn 0.9353 -0.2678 0.2313
vn 0.9904 -0.1097 0.0841
vn 0.9728 -0.1207 0.1975
vn 0.9126 -0.1638 0.3747
vn 0.9836 0.0455 0.1745
vn 0.9278 0.0068 0.3730
vn 0.7831 -0.0702 0.6180
vn 0.7621 -0.2561 0.5946
vn 0.5154 -0.3654 0.7751
vn 0.5224 -0.1650 0.8366
vn 0.1732 -0.2438 0.9542
vn 0.2039 -0.4429 0.8731
vn 0.7581 0.1292 0.6393
vn 0.4839 0.0526 0.8735
vn 0.1260 -0.0100 0.9920
vn -0.2465 -0.0698 0.9666
vn -0.1933 -0.2913 0.9369
vn 0.0698 0.2820 0.9569
vn 0.0091 0.6147 0.7887
vn -0.0584 0.8564 0.5129
vn -0.1042 0.9679 0.2288
vn -0.4967 0.8327 0.2448
vn 0.3122 0.9279 0.2039
vn 0.3138 0.9485 -0.0443
vn -0.1113 0.9933 -0.0324
vn 0.6437 0.7441 0.1787
vn 0.6450 0.7637 -0.0284
vn 0.6266 0.7601 -0.1722
vn 0.2991 0.9264 -0.2287
vn 0.8533 0.4929 0.1701
vn 0.8588 0.5124 -0.0038
vn 0.8459 0.5220 -0.1092
vn 0.8325 0.5059 -0.2259
vn 0.6093 0.7444 -0.2733
vn 0.9654 0.2603 0.0188
vn 0.9633 0.2632 -0.0523
vn 0.9464 0.2710 -0.1759
vn 0.9320 0.2522 -0.2602
vn 0.8259 0.4696 -0.3121
vn 0.9983 0.0517 -0.0275
vn 0.9884 0.0316 -0.1482
vn 0.9762 -0.0215 -0.2157
vn 0.9895 -0.0738 -0.1242
vn 0.9496 0.2632 -0.1702
vn 0.9730 -0.1698 -0.1562
vn 0.9611 -0.2228 -0.1635
vn 0.9637 -0.2442 -0.1078
vn 0.9547 -0.2821 -0.0948
vn 0.9928 -0.0616 -0.1023
vn 0.9153 -0.3792 -0.1359
vn 0.9062 -0.4121 -0.0942
vn 0.8811 -0.4631 -0.0955
vn 0.8467 -0.5167 -0.1272
vn 0.9377 -0.3155 -0.1458
vn 0.8283 -0.5569 -0.0618
vn 0.7714 -0.6296 -0.0925
vn 0.7494 -0.6555 -0.0936
vn 0.7440 -0.6613 -0.0954
vn 0.8284 -0.5354 -0.1647
vn 0.5435 -0.8394 0.0028
vn 0.5909 -0.8067 -0.0019
vn 0.5895 -0.8076 0.0165
vn 0.5403 -0.8405 -0.0404
vn 0.7015 -0.6978 -0.1448
vn 0.3449 -0.9271 0.1466
vn 0.3650 -0.9211 0.1355
vn 0.3037 -0.9444 0.1261
vn 0.3169 -0.9423 0.1075
vn 0.4962 -0.8636 -0.0895
vn -0.0462 -0.9441 0.3263
vn -0.0640 -0.9378 0.3412
vn 0.0206 -0.9180 0.3961
vn 0.1320 -0.9050 0.4043
vn 0.3293 -0.9409 0.0790
vn -0.2746 -0.8496 0.4503
vn -0.1101 -0.8246 0.5550
vn -0.0608 -0.8090 0.5847
vn -0.1135 -0.8282 0.5488
vn 0.0346 -0.9319 0.3611
vn -0.1966 -0.7248 0.6604
vn -0.2285 -0.7235 0.6514
vn -0.2032 -0.6782 0.7062
vn -0.0778 -0.6233 0.7781
vn 0.0838 -0.7966 0.5986
vn -0.4369 -0.4748 0.7640
vn -0.3769 -0.4144 0.8284
vn -0.2808 -0.3439 0.8960
vn -0.2347 -0.3527 0.9058
vn -0.1012 -0.6033 0.7910
vn -0.5017 -0.1403 0.8536
vn -0.4447 -0.0330 0.8951
vn -0.3764 -0.0665 0.9241
vn -0.3892 -0.0150 0.9210
vn -0.2433 -0.3249 0.9139
vn -0.5436 0.2255 0.8085
vn -0.5222 0.2112 0.8262
vn -0.4794 0.2366 0.8451
vn -0.4522 0.2838 0.8456
vn -0.3821 -0.0150 0.9240
vn -0.5976 0.4603 0.6565
vn -0.5357 0.4986 0.6815
vn -0.4840 0.5144 0.7079
vn -0.4372 0.5702 0.6955
vn -0.4141 0.3468 0.8416
vn -0.5239 0.7168 0.4601
vn -0.4926 0.7413 0.4559
vn -0.3944 0.8124 0.4294
vn -0.4768 0.7564 0.4478
vn -0.4802 0.5816 0.6566
vn -0.4320 0.8875 0.1607
vn -0.3336 0.9269 0.1720
vn -0.3513 0.9180 0.1842
vn -0.3243 0.9154 0.2386
vn -0.3429 0.7683 0.5404
vn -0.3912 0.9177 0.0699
vn -0.2421 0.9694 0.0417
vn -0.2659 0.9619 0.0633
vn -0.1530 0.9734 0.1707
vn -0.2273 0.9269 0.2987
vn -0.2316 0.9673 -0.1032
vn -0.1266 0.9904 -0.0554
vn -0.0049 0.9964 0.0846
vn 0.0117 0.9899 0.1414
vn 0.0238 0.9777 0.2088
vn 0.0245 0.9884 -0.1497
vn 0.1232 0.9861 -0.1115
vn 0.0757 0.9713 -0.2254
vn -0.0308 0.9878 -0.1528
vn -0.0608 0.9879 0.1429
vn 0.1666 0.8656 -0.4721
vn 0.1266 0.8639 -0.4875
vn 0.0488 0.8734 -0.4845
vn -0.0765 0.8991 -0.4310
vn -0.1212 0.9845 -0.1265
vn 0.1941 0.7179 -0.6686
vn 0.0645 0.6473 -0.7595
vn -0.0919 0.6698 -0.7369
vn -0.3587 0.6432 -0.6765
vn -0.2621 0.9192 -0.2939
vn 0.0353 0.2538 -0.9666
vn -0.1647 0.1973 -0.9664
vn -0.4075 0.1829 -0.8947
vn -0.5375 0.2273 -0.8121
vn -0.4684 0.6165 -0.6328
vn -0.1905 -0.2951 -0.9363
vn -0.3961 -0.2737 -0.8765
vn -0.5459 -0.1727 -0.8199
vn -0.6237 -0.1738 -0.7621
vn -0.5572 0.1619 -0.8145
vn -0.3674 -0.5965 -0.7136
vn -0.4875 -0.5781 -0.6543
vn -0.5473 -0.5831 -0.6004
vn -0.4941 -0.6436 -0.5846
vn -0.5614 -0.3402 -0.7544
vn -0.3601 -0.8434 -0.3987
vn -0.3919 -0.8351 -0.3860
vn -0.3794 -0.8325 -0.4038
vn -0.3562 -0.8274 -0.4343
vn -0.4284 -0.6545 -0.6230
vn -0.2341 -0.9538 -0.1883
vn -0.2372 -0.9517 -0.1950
vn -0.2704 -0.9254 -0.2656
vn -0.2543 -0.9125 -0.3205
vn -0.3342 -0.7876 -0.5177
vn -0.1361 -0.9898 -0.0427
vn -0.1624 -0.9802 -0.1131
vn -0.1610 -0.9677 -0.1939
vn -0.2086 -0.9585 -0.1944
vn -0.2872 -0.8968 -0.3366
vn -0.0549 -0.9969 0.0565
vn -0.0272 -0.9977 0.0615
vn -0.0128 -0.9942 0.1068
vn -0.1026 -0.9900 0.0967
vn -0.3094 -0.9453 -0.1029
vn 0.0898 -0.9311 0.3535
vn 0.1471 -0.9321 0.3311
vn 0.1280 -0.9568 0.2612
vn 0.1106 -0.9559 0.2722
vn -0.1540 -0.9787 0.1359
vn 0.2544 -0.8454 0.4697
vn 0.3344 -0.8572 0.3917
vn 0.3592 -0.8422 0.4021
vn 0.3884 -0.8208 0.4189
vn 0.0580 -0.9541 0.2939
vn 0.5895 -0.5532 0.5886
vn 0.6368 -0.5874 0.4996
vn 0.5953 -0.5477 0.5879
vn 0.6559 -0.5430 0.5244
vn 0.4493 -0.7438 0.4948
vn 0.7872 -0.3022 0.5376
vn 0.7478 -0.2950 0.5948
vn 0.7701 -0.4384 0.4634
vn 0.7737 -0.5670 0.2827
vn 0.6666 -0.6668 0.3333
vn 0.8891 -0.1366 0.4369
vn 0.8810 -0.2473 0.4033
vn 0.9197 -0.2782 0.2769
vn 0.9096 -0.2156 0.3552
vn 0.7668 -0.5451 0.3390
vn 0.9477 -0.0754 0.3102
vn 0.9550 0.0026 0.2965
vn 0.9567 -0.0632 0.2842
vn 0.9056 0.0471 0.4214
vn 0.9064 -0.1401 0.3984
vn 0.9480 0.2584 0.1857
vn 0.9640 0.1985 0.1769
vn 0.9084 0.2483 0.3364
vn 0.9052 0.2553 0.3399
vn 0.9272 0.0607 0.3697
vn 0.9135 0.3907 0.1134
vn 0.8817 0.4199 0.2150
vn 0.8179 0.5034 0.2786
vn 0.8213 0.4691 0.3247
vn 0.9266 0.2264 0.3004
vn 0.7892 0.6053 0.1037
vn 0.7147 0.6685 0.2055
vn 0.6680 0.6900 0.2787
vn 0.6159 0.7309 0.2941
vn 0.7582 0.5646 0.3261
vn 0.5535 0.8272 0.0966
vn 0.5345 0.8167 0.2176
vn 0.4943 0.8383 0.2303
vn 0.4566 0.8624 0.2186
vn 0.6655 0.6959 0.2699
vn 0.3649 0.9256 0.1004
vn 0.3733 0.9129 0.1651
vn 0.2715 0.9476 0.1685
vn 0.2640 0.9391 0.2199
vn 0.4677 0.8576 0.2140
vn 0.1365 0.9891 0.0558
vn 0.0523 0.9849 0.1652
vn 0.0713 0.9830 0.1692
vn 0.1198 0.9921 0.0372
vn 0.3820 0.9238 0.0270
vn -0.1239 0.9823 0.1408
vn -0.1362 0.9780 0.1580
vn -0.1979 0.9780 0.0659
vn -0.4373 0.8968 0.0678
vn -0.1513 0.9885 -0.0077
vn -0.4763 0.8496 0.2266
vn -0.6491 0.7465 0.1463
vn -0.5322 0.8415 0.0924
vn -0.4590 0.8878 -0.0344
vn -0.3287 0.9443 -0.0161
vn -0.8431 0.5236 0.1226
vn -0.8428 0.5342 0.0659
vn -0.8334 0.5475 0.0755
vn -0.7828 0.6223 0.0029
vn -0.4416 0.8944 0.0709
vn -0.9044 0.3645 0.2220
vn -0.9738 0.1996 0.1093
vn -0.9924 0.0592 0.1076
vn -0.9742 0.1353 0.1806
vn -0.7585 0.6396 0.1246
vn -0.9912 -0.0191 0.1313
vn -0.9829 -0.0319 0.1815
vn -0.9937 -0.0570 0.0964
vn -0.9519 0.0684 0.2988
vn -0.9062 0.3645 0.2145
vn -0.9561 -0.2124 0.2018
vn -0.9665 -0.1959 0.1660
vn -0.9320 -0.0787 0.3539
vn -0.8917 -0.1070 0.4398
vn -0.9250 -0.0051 0.3799
vn -0.8522 -0.4818 0.2043
vn -0.8201 -0.4320 0.3753
vn -0.7806 -0.5245 0.3399
vn -0.7738 -0.4496 0.4461
vn -0.8725 -0.2721 0.4058
vn -0.6503 -0.7114 0.2665
vn -0.6869 -0.6584 0.3076
vn -0.6669 -0.6314 0.3957
vn -0.6201 -0.6870 0.3789
vn -0.7583 -0.4745 0.4469
vn -0.5155 -0.8227 0.2398
vn -0.4573 -0.8530 0.2516
vn -0.4607 -0.8451 0.2710
vn -0.4703 -0.8236 0.3170
vn -0.5789 -0.7008 0.4169
vn -0.2862 -0.9435 0.1670
vn -0.3105 -0.9421 0.1268
vn -0.3171 -0.9450 0.0804
vn -0.2760 -0.9497 0.1477
vn -0.4359 -0.8556 0.2792
vn -0.1819 -0.9831 -0.0206
vn -0.1786 -0.9807 -0.0793
vn -0.0089 -0.9991 -0.0414
vn -0.1194 -0.9928 -0.0022
vn -0.2914 -0.9486 0.1234
vn 0.2120 -0.9245 -0.3169
vn 0.1685 -0.9303 -0.3259
vn 0.0158 -0.9744 -0.2241
vn -0.0668 -0.9787 -0.1942
vn -0.1573 -0.9817 -0.1077
vn 0.3415 -0.8034 -0.4877
vn 0.2260 -0.7798 -0.5838
vn 0.1551 -0.8057 -0.5716
vn 0.2508 -0.8871 -0.3875
vn 0.0025 -0.9821 -0.1885
vn 0.3408 -0.7313 -0.5908
vn 0.2995 -0.6125 -0.7316
vn 0.4688 -0.5294 -0.7071
vn 0.4875 -0.7034 -0.5173
vn 0.3608 -0.8507 -0.3824
vn 0.4550 -0.4854 -0.7466
vn 0.5211 -0.4006 -0.7537
vn 0.6505 -0.2151 -0.7284
vn 0.5704 -0.3368 -0.7492
vn 0.3070 -0.7938 -0.5249
vn 0.6423 0.0256 -0.7661
vn 0.6910 0.0074 -0.7228
vn 0.5721 -0.1733 -0.8017
vn 0.4170 -0.1379 -0.8984
vn 0.1871 -0.5027 -0.8440
vn 0.6519 0.4084 -0.6389
vn 0.5814 0.1814 -0.7931
vn 0.4266 -0.0159 -0.9043
vn 0.3429 0.1904 -0.9199
vn 0.2334 -0.2309 -0.9446
vn 0.5201 0.6227 -0.5845
vn 0.4497 0.5971 -0.6643
vn 0.4174 0.5983 -0.6840
vn 0.3455 0.5460 -0.7632
vn 0.4048 0.2095 -0.8901
vn 0.3852 0.8302 -0.4030
vn 0.3601 0.7457 -0.5605
vn 0.2770 0.8481 -0.4516
vn 0.2013 0.8166 -0.5409
vn 0.2334 0.5550 -0.7984
vn 0.1596 0.9677 -0.1951
vn 0.1401 0.9650 -0.2216
vn 0.1289 0.9610 -0.2447
vn 0.0772 0.9807 -0.1797
vn 0.0834 0.7590 -0.6457
vn -0.1019 0.9946 -0.0185
vn -0.0186 0.9990 0.0397
vn 0.0239 0.9852 0.1699
vn -0.0625 0.9973 0.0390
vn -0.0658 0.9568 -0.2833
vn -0.0512 0.9661 0.2529
vn -0.0082 0.9541 0.2992
vn -0.1165 0.9458 0.3032
vn -0.1668 0.9230 0.3468
vn -0.1901 0.9675 0.1664
vn -0.2788 0.7665 0.5786
vn -0.1560 0.8553 0.4941
vn -0.1824 0.7951 0.5784
vn -0.2957 0.6465 0.7032
vn -0.2281 0.8982 0.3757
vn -0.1622 0.7174 0.6776
vn -0.1701 0.5990 0.7825
vn -0.2733 0.5230 0.8073
vn -0.2888 0.4186 0.8610
vn -0.2730 0.6304 0.7267
vn -0.1408 0.6221 0.7702
vn -0.2567 0.5150 0.8179
vn -0.1555 0.5686 0.8078
vn -0.1739 0.4974 0.8499
vn -0.0993 0.5242 0.8458
vn -0.3283 0.1632 0.9304
vn -0.2319 0.2549 0.9387
vn -0.0781 0.2468 0.9659
vn -0.2309 0.0209 0.9728
vn -0.1102 0.5115 0.8522
vn -0.1969 -0.2549 0.9467
vn -0.1482 -0.2976 0.9431
vn -0.2626 -0.2797 0.9235
vn -0.2240 -0.3776 0.8985
vn -0.2875 0.0009 0.9578
vn -0.0868 -0.3568 0.9301
vn -0.2642 -0.5587 0.7862
vn -0.2260 -0.4604 0.8585
vn -0.1977 -0.4174 0.8870
vn -0.1914 -0.2932 0.9367
vn -0.2049 -0.5872 0.7831
vn -0.2106 -0.7343 0.6453
vn -0.1952 -0.7309 0.6540
vn -0.1430 -0.6430 0.7524
vn -0.0970 -0.4613 0.8819
vn -0.1758 -0.8345 0.5222
vn -0.2073 -0.8161 0.5394
vn -0.1622 -0.8266 0.5389
vn -0.0870 -0.8462 0.5257
vn -0.0975 -0.6299 0.7705
vn -0.1729 -0.9114 0.3735
vn -0.1444 -0.9473 0.2859
vn -0.1239 -0.9654 0.2294
vn -0.0624 -0.9621 0.2656
vn 0.0751 -0.8278 0.5560
vn -0.1065 -0.9885 0.1073
vn -0.1340 -0.9882 0.0737
vn -0.0890 -0.9933 -0.0742
vn -0.0968 -0.9934 0.0610
vn 0.0206 -0.9598 0.2798
vn -0.0687 -0.9868 -0.1465
vn -0.1308 -0.9709 -0.2004
vn -0.1801 -0.9658 -0.1866
vn -0.2983 -0.9428 -0.1491
vn -0.1437 -0.9886 0.0446
vn -0.0781 -0.9052 -0.4178
vn -0.2459 -0.9209 -0.3024
vn -0.3506 -0.9127 -0.2101
vn -0.3371 -0.9191 -0.2039
vn -0.2638 -0.9524 -0.1525
vn -0.2338 -0.8248 -0.5149
vn -0.4315 -0.7532 -0.4965
vn -0.4890 -0.7678 -0.4140
vn -0.5263 -0.7651 -0.3710
vn -0.3498 -0.9231 -0.1594
vn -0.3884 -0.5774 -0.7181
vn -0.5166 -0.4991 -0.6957
vn -0.6411 -0.5573 -0.5276
vn -0.6642 -0.5872 -0.4625
vn -0.4931 -0.7871 -0.3706
vn -0.4459 -0.4994 -0.7428
vn -0.6142 -0.5160 -0.5971
vn -0.6917 -0.4897 -0.5308
vn -0.6571 -0.3539 -0.6656
vn -0.5861 -0.5811 -0.5646
vn -0.5851 -0.3058 -0.7511
vn -0.6860 -0.2980 -0.6638
vn -0.6224 -0.2129 -0.7532
vn -0.6997 -0.1348 -0.7016
vn -0.6983 -0.4127 -0.5849
vn -0.6245 0.1120 -0.7730
vn -0.5867 0.1745 -0.7908
vn -0.6798 0.0800 -0.7290
vn -0.8140 0.0951 -0.5730
vn -0.8563 -0.2389 -0.4579
vn -0.4833 0.5137 -0.7089
vn -0.4923 0.5777 -0.6511
vn -0.7185 0.4119 -0.5604
vn -0.7592 0.4405 -0.4791
vn -0.8718 0.0711 -0.4847
vn -0.3290 0.8366 -0.4380
vn -0.4052 0.8256 -0.3927
vn -0.4349 0.8320 -0.3443
vn -0.4541 0.8248 -0.3369
vn -0.7559 0.4635 -0.4623
vn -0.1739 0.9604 -0.2175
vn -0.1564 0.9717 -0.1771
vn -0.2552 0.9514 -0.1725
vn -0.3614 0.9113 -0.1971
vn -0.5147 0.7874 -0.3393
vn -0.0396 0.9934 -0.1078
vn -0.0808 0.9967 -0.0124
vn 0.0196 0.9873 0.1578
vn 0.0692 0.9881 0.1375
vn -0.3472 0.9136 -0.2116
vn 0.2528 0.9600 0.1207
vn 0.3173 0.8800 0.3535
vn 0.3098 0.9085 0.2804
vn 0.3226 0.9398 0.1127
vn 0.1118 0.9937 -0.0034
vn 0.2306 0.9100 0.3444
vn 0.2249 0.9475 0.2273
vn 0.3385 0.9353 0.1033
vn 0.4316 0.8714 0.2334
vn 0.2277 0.9598 0.1643
vn 0.4951 0.7658 0.4105
vn 0.5547 0.8087 0.1956
vn 0.5310 0.8065 0.2601
vn 0.4797 0.7624 0.4343
vn 0.4467 0.8185 0.3611
vn 0.7302 0.5213 0.4416
vn 0.6374 0.7232 0.2659
vn 0.6642 0.6188 0.4194
vn 0.7309 0.6401 0.2367
vn 0.5431 0.8117 0.2148
vn 0.8246 0.3664 0.4310
vn 0.8474 0.4250 0.3181
vn 0.8888 0.4415 0.1233
vn 0.8853 0.4625 0.0484
vn 0.6413 0.7654 -0.0546
vn 0.9592 0.1013 0.2639
vn 0.9863 0.1395 0.0876
vn 0.9806 0.1489 0.1278
vn 0.9646 0.2631 0.0158
vn 0.8263 0.5628 -0.0215
vn 0.9960 0.0779 0.0434
vn 0.9830 -0.0230 0.1819
vn 0.9973 0.0680 0.0287
vn 0.9734 0.1135 -0.1989
vn 0.9018 0.3963 -0.1722
vn 0.9478 -0.2948 0.1215
vn 0.9570 -0.2879 -0.0349
vn 0.9005 -0.3889 -0.1946
vn 0.8524 -0.5222 -0.0275
vn 0.9935 0.0011 -0.1140
vn 0.7285 -0.6742 -0.1214
vn 0.6683 -0.7330 -0.1265
vn 0.6049 -0.7962 0.0129
vn 0.5333 -0.8301 0.1630
vn 0.8545 -0.5112 0.0922
vn 0.3385 -0.9402 -0.0381
vn 0.2917 -0.9550 0.0530
vn 0.2456 -0.9521 0.1823
vn 0.2096 -0.9436 0.2562
vn 0.5283 -0.8239 0.2052
vn 0.0320 -0.9943 0.1015
vn 0.0050 -0.9810 0.1938
vn -0.0353 -0.9584 0.2831
vn -0.0819 -0.9551 0.2846
vn 0.1374 -0.9544 0.2651
vn -0.2339 -0.9497 0.2083
vn -0.2799 -0.9047 0.3213
vn -0.3100 -0.8949 0.3209
vn -0.3148 -0.8946 0.3170
vn -0.1455 -0.9469 0.2868
vn -0.4353 -0.8415 0.3200
vn -0.4453 -0.8195 0.3608
vn -0.4519 -0.8174 0.3574
vn -0.5184 -0.8019 0.2971
vn -0.3497 -0.8860 0.3044
vn -0.5077 -0.7729 0.3806
vn -0.5701 -0.7445 0.3475
vn -0.6371 -0.7065 0.3081
vn -0.6379 -0.7041 0.3120
vn -0.5582 -0.7701 0.3087
vn -0.7204 -0.6092 0.3315
vn -0.7539 -0.5767 0.3148
vn -0.7288 -0.5787 0.3659
vn -0.6827 -0.6051 0.4096
vn -0.5995 -0.7139 0.3620
vn -0.8581 -0.4027 0.3186
vn -0.8521 -0.3667 0.3734
vn -0.8310 -0.3433 0.4378
vn -0.8725 -0.3492 0.3418
vn -0.7081 -0.5893 0.3891
vn -0.9385 -0.0968 0.3314
vn -0.9201 -0.0694 0.3854
vn -0.9485 -0.0797 0.3066
vn -0.9620 -0.0113 0.2727
vn -0.9057 -0.2940 0.3054
vn -0.9334 0.2176 0.2852
vn -0.9388 0.2292 0.2570
vn -0.9333 0.2877 0.2150
vn -0.9251 0.3035 0.2282
vn -0.9429 0.0004 0.3330
vn -0.8437 0.5126 0.1596
vn -0.8504 0.5092 0.1320
vn -0.8325 0.5388 0.1289
vn -0.8176 0.5650 0.1108
vn -0.9151 0.3172 0.2489
vn -0.6407 0.7675 -0.0198
vn -0.6065 0.7950 -0.0103
vn -0.5443 0.8367 -0.0607
vn -0.5992 0.8005 -0.0121
vn -0.8066 0.5748 0.1378
vn -0.3955 0.9109 -0.1175
vn -0.3963 0.9062 -0.1472
vn -0.3675 0.9199 -0.1367
vn -0.2858 0.9433 -0.1691
vn -0.5841 0.8106 0.0420
vn -0.2949 0.9390 -0.1772
vn -0.2867 0.9309 -0.2265
vn -0.2015 0.9417 -0.2696
vn -0.1772 0.9517 -0.2507
vn -0.2707 0.9417 -0.1998
vn -0.1279 0.9454 -0.2997
vn -0.1091 0.9341 -0.3400
vn -0.0855 0.9392 -0.3326
vn 0.0324 0.9466 -0.3208
vn -0.1545 0.9754 -0.1575
vn 0.1247 0.8627 -0.4902
vn 0.1799 0.8227 -0.5393
vn 0.2766 0.8139 -0.5110
vn 0.2453 0.8332 -0.4957
vn 0.0659 0.9263 -0.3709
vn 0.2920 0.7326 -0.6148
vn 0.3766 0.7233 -0.5788
vn 0.4051 0.7038 -0.5836
vn 0.3437 0.6847 -0.6427
vn 0.1429 0.8540 -0.5003
vn 0.5122 0.5246 -0.6800
vn 0.5787 0.4177 -0.7004
vn 0.5355 0.3305 -0.7772
vn 0.4510 0.3385 -0.8259
vn 0.2430 0.6667 -0.7046
vn 0.6526 0.0999 -0.7511
vn 0.6336 0.0233 -0.7733
vn 0.5369 -0.0356 -0.8429
vn 0.3590 -0.1098 -0.9268
vn 0.2813 0.3000 -0.9115
vn 0.6710 -0.3158 -0.6709
vn 0.5442 -0.3425 -0.7659
vn 0.4062 -0.4192 -0.8120
vn 0.3414 -0.4374 -0.8319
vn 0.2691 -0.0746 -0.9602
vn 0.5145 -0.6909 -0.5078
vn 0.4058 -0.7116 -0.5736
vn 0.3362 -0.7473 -0.5732
vn 0.2940 -0.7414 -0.6032
vn 0.2544 -0.4962 -0.8301
vn 0.3728 -0.8759 -0.3062
vn 0.3417 -0.8715 -0.3517
vn 0.3192 -0.8487 -0.4216
vn 0.2590 -0.8461 -0.4659
vn 0.2336 -0.7387 -0.6322
vn 0.3304 -0.9330 -0.1426
vn 0.3198 -0.9311 -0.1752
vn 0.2759 -0.9399 -0.2011
vn 0.2088 -0.9627 -0.1721
vn 0.1821 -0.8798 -0.4391
vn 0.2917 -0.9547 0.0588
vn 0.2675 -0.9616 0.0615
vn 0.2401 -0.9684 0.0679
vn 0.2357 -0.9695 0.0670
vn 0.1661 -0.9731 -0.1595
vn 0.2423 -0.9211 0.3048
vn 0.2657 -0.9225 0.2800
vn 0.2821 -0.9169 0.2825
vn 0.3101 -0.9031 0.2971
vn 0.2391 -0.9682 0.0740
vn 0.2877 -0.7762 0.5610
vn 0.3201 -0.7783 0.5402
vn 0.3360 -0.7669 0.5468
vn 0.3635 -0.7585 0.5409
vn 0.2902 -0.8880 0.3566
vn 0.3352 -0.5895 0.7349
vn 0.3513 -0.5947 0.7231
vn 0.4154 -0.6005 0.6832
vn 0.4542 -0.5899 0.6676
vn 0.3954 -0.7759 0.4915
vn 0.3632 -0.3501 0.8634
vn 0.4127 -0.3236 0.8515
vn 0.4349 -0.2785 0.8563
vn 0.3753 -0.2454 0.8938
vn 0.3898 -0.5626 0.7291
vn 0.3429 -0.0213 0.9391
vn 0.3542 0.0155 0.9350
vn 0.3375 0.0440 0.9403
vn 0.3709 0.0337 0.9281
vn 0.3888 -0.2305 0.8920
vn 0.2661 0.2918 0.9187
vn 0.2624 0.3287 0.9073
vn 0.2826 0.3598 0.8892
vn 0.2808 0.3580 0.8905
vn 0.3645 0.0093 0.9312
vn 0.1569 0.6005 0.7841
vn 0.1669 0.5976 0.7842
vn 0.1955 0.6047 0.7721
vn 0.2304 0.6431 0.7303
vn 0.3303 0.4048 0.8527
vn 0.0623 0.7830 0.6189
vn 0.1077 0.7932 0.5994
vn 0.1089 0.8194 0.5627
vn 0.2183 0.8144 0.5377
vn 0.3484 0.6309 0.6933
vn 0.0174 0.9262 0.3767
vn 0.0262 0.9109 0.4118
vn 0.0927 0.9272 0.3630
vn 0.1942 0.9357 0.2944
vn 0.3147 0.8500 0.4224
vn -0.0432 0.9723 0.2297
vn -0.0346 0.9776 0.2077
vn 0.0061 0.9910 0.1334
vn 0.0259 0.9983 0.0528
vn 0.2575 0.9439 0.2069
vn -0.1877 0.9811 -0.0462
vn -0.2200 0.9744 -0.0455
vn -0.2254 0.9703 -0.0877
vn -0.2180 0.9640 -0.1523
vn 0.0858 0.9959 0.0286
vn -0.3576 0.9086 -0.2161
vn -0.3984 0.9019 -0.1669
vn -0.4272 0.8797 -0.2088
vn -0.4987 0.8483 -0.1782
vn -0.2754 0.9532 -0.1249
vn -0.5747 0.7780 -0.2539
vn -0.5938 0.7721 -0.2264
vn -0.6088 0.7682 -0.1980
vn -0.6122 0.7805 -0.1265
vn -0.5546 0.8186 -0.1493
vn -0.8038 0.5288 -0.2726
vn -0.8257 0.5133 -0.2339
vn -0.8386 0.5158 -0.1753
vn -0.8288 0.5090 -0.2325
vn -0.5966 0.7828 -0.1769
vn -0.9673 0.1730 -0.1853
vn -0.9644 0.1223 -0.2346
vn -0.9670 0.1495 -0.2064
vn -0.9913 0.1201 -0.0532
vn -0.8691 0.4767 -0.1316
vn -0.9567 -0.1331 -0.2588
vn -0.9876 -0.0994 -0.1219
vn -0.9937 -0.0977 -0.0554
vn -0.9511 -0.1694 -0.2584
vn -0.9675 0.0707 -0.2427
vn -0.9136 -0.4023 -0.0582
vn -0.8980 -0.4287 -0.0996
vn -0.8798 -0.4502 -0.1528
vn -0.8715 -0.4854 -0.0700
vn -0.9725 -0.1771 -0.1509
vn -0.7519 -0.6560 -0.0653
vn -0.7467 -0.6603 -0.0803
vn -0.7658 -0.6394 -0.0689
vn -0.7633 -0.6427 -0.0655
vn -0.8803 -0.4677 -0.0799
vn -0.5645 -0.8239 -0.0500
vn -0.5819 -0.8118 -0.0492
vn -0.5817 -0.8131 -0.0226
vn -0.5747 -0.8181 0.0192
vn -0.7864 -0.6177 0.0011
vn -0.3517 -0.9360 -0.0125
vn -0.3715 -0.9284 0.0033
vn -0.3594 -0.9328 0.0264
vn -0.3842 -0.9218 0.0519
vn -0.5813 -0.8106 0.0703
vn -0.1328 -0.9909 0.0209
vn -0.1160 -0.9930 0.0202
vn -0.1583 -0.9868 0.0327
vn -0.1508 -0.9869 0.0571
vn -0.4091 -0.9093 0.0766
vn 0.1537 -0.9880 0.0173
vn 0.1876 -0.9818 -0.0308
vn 0.1874 -0.9822 0.0079
vn 0.1405 -0.9897 0.0264
vn -0.1762 -0.9818 0.0713
vn 0.4066 -0.9104 -0.0768
vn 0.4368 -0.8995 -0.0099
vn 0.4625 -0.8866 -0.0104
vn 0.4951 -0.8648 -0.0835
vn 0.1264 -0.9919 -0.0099
vn 0.7255 -0.6880 -0.0173
vn 0.7193 -0.6946 -0.0107
vn 0.7430 -0.6644 -0.0807
vn 0.7610 -0.6388 -0.1136
vn 0.5284 -0.8465 -0.0657
vn 0.9307 -0.3644 -0.0325
vn 0.9166 -0.3933 -0.0719
vn 0.9156 -0.3853 -0.1152
vn 0.9136 -0.3711 -0.1663
vn 0.7488 -0.6464 -0.1467
vn 0.9962 0.0642 -0.0584
vn 0.9916 0.0287 -0.1259
vn 0.9884 0.1129 -0.1012
vn 0.9812 0.1509 -0.1202
vn 0.9432 -0.2951 -0.1525
vn 0.9289 0.3601 -0.0864
vn 0.9340 0.3506 -0.0684
vn 0.9331 0.3271 -0.1495
vn 0.9162 0.3031 -0.2621
vn 0.9296 0.1196 -0.3487
vn 0.8275 0.5584 -0.0588
vn 0.8304 0.5451 -0.1149
vn 0.8357 0.5018 -0.2233
vn 0.7808 0.5343 -0.3239
vn 0.8366 0.2988 -0.4591
vn 0.7165 0.6901 -0.1021
vn 0.6995 0.6921 -0.1780
vn 0.6955 0.6675 -0.2659
vn 0.6905 0.6586 -0.2992
vn 0.7602 0.5171 -0.3933
vn 0.6203 0.7682 -0.1583
vn 0.6195 0.7556 -0.2129
vn 0.6106 0.7591 -0.2255
vn 0.5757 0.7916 -0.2049
vn 0.6893 0.6582 -0.3027
vn 0.5390 0.8277 -0.1564
vn 0.5335 0.8329 -0.1474
vn 0.5102 0.8500 -0.1312
vn 0.4732 0.8768 -0.0850
vn 0.5320 0.8210 -0.2073
vn 0.4144 0.9085 -0.0540
vn 0.3987 0.9160 -0.0437
vn 0.3696 0.9276 0.0545
vn 0.3158 0.9477 0.0457
vn 0.4387 0.8877 -0.1394
vn 0.2634 0.9620 0.0722
vn 0.2083 0.9615 0.1793
vn 0.2310 0.9553 0.1847
vn 0.1603 0.9732 0.1648
vn 0.2140 0.9761 0.0384
vn 0.0236 0.9451 0.3260
vn 0.0629 0.9483 0.3110
vn 0.0877 0.9438 0.3186
vn 0.0083 0.9469 0.3214
vn 0.0765 0.9782 0.1931
vn -0.2331 0.8078 0.5413
vn -0.1783 0.7777 0.6028
vn -0.1955 0.8235 0.5325
vn -0.1901 0.8059 0.5607
vn -0.1407 0.9241 0.3552
vn -0.3828 0.5875 0.7130
vn -0.3547 0.6348 0.6865
vn -0.2405 0.5063 0.8281
vn -0.2127 0.4765 0.8531
vn -0.1205 0.6950 0.7089
vn -0.4268 0.1962 0.8828
vn -0.3069 0.1875 0.9331
vn -0.3307 0.2329 0.9145
vn -0.3385 0.0463 0.9398
vn -0.2934 0.5284 0.7967
vn -0.3991 -0.2373 0.8857
vn -0.3128 -0.2470 0.9172
vn -0.3488 -0.2616 0.9000
vn -0.4824 -0.2686 0.8338
vn -0.4935 -0.1496 0.8568
vn -0.3021 -0.4673 0.8309
vn -0.4072 -0.5489 0.7300
vn -0.4019 -0.5943 0.6966
vn -0.2362 -0.5807 0.7791
vn -0.2400 -0.1812 0.9537
vn -0.3490 -0.7119 0.6094
vn -0.2592 -0.6830 0.6829
vn -0.2572 -0.7422 0.6188
vn -0.2805 -0.6775 0.6799
vn -0.3001 -0.6246 0.7210
vn -0.2729 -0.8543 0.4424
vn -0.2622 -0.7943 0.5481
vn -0.2396 -0.7873 0.5681
vn -0.1495 -0.8251 0.5448
vn -0.2151 -0.7492 0.6265
vn -0.1995 -0.9591 0.2006
vn -0.1996 -0.9601 0.1959
vn -0.1730 -0.9672 0.1858
vn -0.2047 -0.9660 0.1578
vn -0.2330 -0.8435 0.4840
vn -0.1744 -0.9847 0.0011
vn -0.1703 -0.9854 0.0024
vn -0.1759 -0.9832 -0.0489
vn -0.2300 -0.9731 -0.0164
vn -0.2327 -0.9600 0.1556
vn -0.0726 -0.9433 -0.3240
vn -0.1529 -0.9482 -0.2784
vn -0.2328 -0.9429 -0.2384
vn -0.3320 -0.9317 -0.1475
vn -0.2966 -0.9549 0.0155
vn -0.0770 -0.8330 -0.5479
vn -0.3332 -0.8456 -0.4171
vn -0.3734 -0.8662 -0.3321
vn -0.4551 -0.8469 -0.2750
vn -0.4296 -0.8934 -0.1315
vn -0.4439 -0.6696 -0.5954
vn -0.4480 -0.7107 -0.5424
vn -0.4801 -0.7155 -0.5075
vn -0.5545 -0.7108 -0.4328
vn -0.4992 -0.8289 -0.2525
vn -0.4408 -0.2864 -0.8507
vn -0.4475 -0.2816 -0.8488
vn -0.5822 -0.3062 -0.7532
vn -0.6499 -0.3339 -0.6828
vn -0.6166 -0.6835 -0.3907
vn -0.3496 0.0310 -0.9364
vn -0.5717 -0.0990 -0.8145
vn -0.6216 -0.1419 -0.7704
vn -0.6853 -0.1346 -0.7157
vn -0.7128 -0.3740 -0.5933
vn -0.5487 0.1624 -0.8201
vn -0.4966 0.1781 -0.8495
vn -0.5768 0.2221 -0.7861
vn -0.5416 0.2512 -0.8022
vn -0.6870 -0.1190 -0.7168
vn -0.2952 0.5739 -0.7639
vn -0.4018 0.5312 -0.7459
vn -0.3788 0.5183 -0.7668
vn -0.2592 0.6078 -0.7506
vn -0.5558 0.2606 -0.7894
vn -0.2569 0.7291 -0.6343
vn -0.2298 0.7003 -0.6759
vn -0.1178 0.7353 -0.6674
vn -0.1801 0.8027 -0.5686
vn -0.3740 0.6904 -0.6193
vn 0.0446 0.9222 -0.3842
vn 0.0156 0.8844 -0.4665
vn -0.0257 0.8917 -0.4519
vn -0.0716 0.8795 -0.4705
vn -0.1618 0.8308 -0.5326
vn 0.0625 0.9509 -0.3033
vn 0.0471 0.9462 -0.3201
vn 0.0355 0.9229 -0.3834
vn 0.0978 0.9302 -0.3537
vn -0.0540 0.8759 -0.4794
vn 0.1317 0.9743 -0.1829
vn 0.1637 0.9509 -0.2625
vn 0.2117 0.9376 -0.2758
vn 0.2759 0.9214 -0.2738
vn 0.0967 0.9290 -0.3572
vn 0.2802 0.9481 -0.1504
vn 0.3165 0.9273 -0.1999
vn 0.4021 0.8850 -0.2347
vn 0.4421 0.8630 -0.2445
vn 0.3270 0.9052 -0.2716
vn 0.4871 0.8696 -0.0808
vn 0.5320 0.8261 -0.1857
vn 0.5769 0.7848 -0.2264
vn 0.6013 0.7840 -0.1540
vn 0.4742 0.8593 -0.1918
vn 0.6728 0.7292 -0.1251
vn 0.6806 0.7017 -0.2108
vn 0.7013 0.7038 -0.1134
vn 0.7565 0.6454 -0.1057
vn 0.6038 0.7902 -0.1050
vn 0.8130 0.5525 -0.1839
vn 0.8701 0.4706 -0.1462
vn 0.9286 0.3494 -0.1251
vn 0.9616 0.2527 -0.1066
vn 0.8308 0.5505 -0.0823
vn 0.9912 0.0716 -0.1110
vn 0.9953 0.0224 -0.0945
vn 0.9903 0.0567 -0.1272
vn 0.9964 -0.0823 -0.0212
vn 0.9855 0.1696 0.0068
vn 0.9332 -0.3563 -0.0479
vn 0.9119 -0.4000 -0.0919
vn 0.8310 -0.5561 -0.0153
vn 0.7665 -0.6126 0.1929
vn 0.9615 -0.2214 0.1626
vn 0.6297 -0.7733 -0.0748
vn 0.5201 -0.8536 0.0314
vn 0.4678 -0.8572 0.2153
vn 0.4338 -0.8846 0.1714
vn 0.6668 -0.7314 0.1431
vn 0.2643 -0.9620 0.0679
vn 0.2540 -0.9439 0.2110
vn 0.1674 -0.9632 0.2103
vn 0.1617 -0.9612 0.2237
vn 0.3866 -0.9061 0.1719
vn 0.0433 -0.9800 0.1942
vn 0.0352 -0.9728 0.2291
vn 0.0348 -0.9665 0.2542
vn -0.0049 -0.9770 0.2131
vn 0.1203 -0.9813 0.1500
vn -0.1687 -0.9519 0.2558
vn -0.1311 -0.9476 0.2914
vn -0.1834 -0.9410 0.2843
vn -0.1758 -0.9431 0.2823
vn -0.0338 -0.9822 0.1850
vn -0.3641 -0.8766 0.3146
vn -0.3570 -0.8656 0.3512
vn -0.3227 -0.8698 0.3732
vn -0.3031 -0.8775 0.3717
vn -0.1770 -0.9508 0.2543
vn -0.5057 -0.7754 0.3781
vn -0.4630 -0.7755 0.4292
vn -0.4601 -0.7520 0.4720
vn -0.4330 -0.7633 0.4795
vn -0.3068 -0.8699 0.3862
vn -0.6060 -0.6554 0.4509
vn -0.5876 -0.6178 0.5226
vn -0.5653 -0.6229 0.5408
vn -0.5634 -0.5897 0.5787
vn -0.4276 -0.7593 0.4906
vn -0.7150 -0.4186 0.5599
vn -0.6900 -0.4370 0.5770
vn -0.6737 -0.3984 0.6224
vn -0.6946 -0.3535 0.6266
vn -0.5509 -0.6036 0.5763
vn -0.7866 -0.1081 0.6079
vn -0.8047 -0.0865 0.5873
vn -0.7719 -0.0700 0.6319
vn -0.7371 -0.0349 0.6749
vn -0.6338 -0.3785 0.6745
vn -0.8403 0.2270 0.4924
vn -0.7918 0.2708 0.5475
vn -0.7339 0.3016 0.6086
vn -0.6955 0.2869 0.6588
vn -0.6807 -0.0265 0.7321
vn -0.7471 0.5230 0.4102
vn -0.6716 0.5688 0.4749
vn -0.5915 0.5911 0.5484
vn -0.4973 0.6101 0.6169
vn -0.5404 0.3070 0.7834
vn -0.5581 0.7824 0.2765
vn -0.4600 0.8213 0.3374
vn -0.3936 0.8400 0.3734
vn -0.2866 0.8571 0.4280
vn -0.3383 0.6540 0.6767
vn -0.3312 0.9343 0.1319
vn -0.2759 0.9528 0.1266
vn -0.1912 0.9653 0.1780
vn -0.1382 0.9678 0.2105
vn -0.1975 0.8599 0.4707
vn -0.1325 0.9863 -0.0983
vn -0.0973 0.9912 -0.0894
vn -0.0569 0.9966 -0.0594
vn 0.0015 1.0000 0.0089
vn -0.0814 0.9655 0.2473
vn -0.0103 0.9478 -0.3186
vn 0.0288 0.9589 -0.2822
vn 0.1089 0.9724 -0.2063
vn 0.1698 0.9776 -0.1241
vn 0.0557 0.9940 0.0943
vn 0.1077 0.8608 -0.4974
vn 0.2178 0.8826 -0.4167
vn 0.2821 0.8904 -0.3572
vn 0.1864 0.9162 -0.3547
vn 0.1183 0.9898 -0.0797
vn 0.3116 0.7005 -0.6420
vn 0.3795 0.7030 -0.6015
vn 0.2530 0.7176 -0.6489
vn -0.0257 0.7379 -0.6744
vn -0.0311 0.9279 -0.3716
vn 0.4432 0.4180 -0.7930
vn 0.2855 0.4092 -0.8666
vn -0.0158 0.4067 -0.9134
vn -0.3881 0.3481 -0.8534
vn -0.3472 0.6871 -0.6383
vn 0.3011 -0.0046 -0.9536
vn -0.0044 -0.0510 -0.9987
vn -0.3812 -0.0985 -0.9192
vn -0.7103 -0.0953 -0.6974
vn -0.6964 0.3094 -0.6476
vn 0.0285 -0.5001 -0.8655
vn -0.3095 -0.4921 -0.8136
vn -0.6173 -0.5144 -0.5953
vn -0.8080 -0.4483 -0.3823
vn -0.8831 -0.1235 -0.4527
vn -0.1859 -0.7990 -0.5718
vn -0.4536 -0.7950 -0.4028
vn -0.6334 -0.7309 -0.2541
vn -0.6714 -0.7048 -0.2290
vn -0.8350 -0.4379 -0.3333
vn -0.2601 -0.9453 -0.1970
vn -0.3933 -0.9146 -0.0934
vn -0.4811 -0.8654 -0.1402
vn -0.4660 -0.8463 -0.2580
vn -0.5882 -0.7279 -0.3524
vn -0.1785 -0.9835 0.0297
vn -0.2368 -0.9683 -0.0799
vn -0.3113 -0.9366 -0.1607
vn -0.2893 -0.9403 -0.1793
vn -0.4034 -0.8592 -0.3149
vn 0.0574 -0.9972 0.0472
vn 0.0076 -0.9997 0.0240
vn -0.0517 -0.9987 -0.0004
vn -0.0052 -0.9958 -0.0913
vn -0.2219 -0.9463 -0.2349
vn 0.2118 -0.9616 0.1743
vn 0.2420 -0.9593 0.1455
vn 0.2610 -0.9600 0.1017
vn 0.3402 -0.9401 -0.0218
vn 0.0495 -0.9821 -0.1818
vn 0.4481 -0.8306 0.3307
vn 0.5085 -0.8330 0.2182
vn 0.5271 -0.8469 0.0704
vn 0.5800 -0.7981 -0.1634
vn 0.3865 -0.8976 -0.2119
vn 0.6891 -0.6539 0.3123
vn 0.7632 -0.6206 0.1798
vn 0.8223 -0.5678 -0.0375
vn 0.8273 -0.5078 -0.2401
vn 0.6054 -0.7375 -0.2993
vn 0.8778 -0.3451 0.3323
vn 0.9583 -0.2702 0.0928
vn 0.9676 -0.2064 -0.1457
vn 0.9309 -0.1289 -0.3419
vn 0.7976 -0.4329 -0.4200
vn 0.9802 0.0377 0.1946
vn 0.9942 0.1038 -0.0292
vn 0.9584 0.2008 -0.2029
vn 0.9046 0.2485 -0.3464
vn 0.8765 -0.0589 -0.4779
vn 0.9080 0.4017 0.1192
vn 0.8760 0.4752 -0.0819
vn 0.8283 0.5278 -0.1880
vn 0.7700 0.5744 -0.2779
vn 0.8174 0.3082 -0.4867
vn 0.7548 0.6555 0.0240
vn 0.7256 0.6860 -0.0539
vn 0.6571 0.7404 -0.1414
vn 0.5896 0.7634 -0.2636
vn 0.6858 0.6108 -0.3958
vn 0.6134 0.7874 0.0610
vn 0.5706 0.8210 -0.0201
vn 0.4947 0.8583 -0.1363
vn 0.3666 0.8962 -0.2499
vn 0.4660 0.7840 -0.4100
vn 0.4137 0.9036 0.1113
vn 0.3761 0.9265 -0.0125
vn 0.3033 0.9444 -0.1268
vn 0.2679 0.9491 -0.1656
vn 0.2979 0.8976 -0.3250
vn 0.1919 0.9774 0.0893
vn 0.2025 0.9793 -0.0009
vn 0.2206 0.9752 -0.0159
vn 0.2374 0.9712 0.0206
vn 0.2525 0.9575 -0.1393
vn 0.0694 0.9916 0.1090
vn 0.1622 0.9764 0.1426
vn 0.2176 0.9539 0.2066
vn 0.2333 0.9283 0.2895
vn 0.2347 0.9682 0.0871
vn 0.0928 0.9437 0.3176
vn 0.2084 0.9020 0.3780
vn 0.2343 0.8434 0.4835
vn 0.2413 0.7897 0.5640
vn 0.2347 0.9103 0.3410
vn 0.1918 0.7728 0.6049
vn 0.2442 0.6952 0.6760
vn 0.2545 0.5456 0.7984
vn 0.3762 0.4872 0.7881
vn 0.3523 0.7552 0.5528
vn 0.2445 0.3454 0.9060
vn 0.2519 0.2116 0.9443
vn 0.3802 0.1450 0.9135
vn 0.6517 0.0362 0.7576
vn 0.5975 0.5213 0.6093
vn 0.2335 -0.0487 0.9711
vn 0.3801 -0.0997 0.9196
vn 0.6962 -0.0737 0.7141
vn 0.8583 -0.0561 0.5101
vn 0.8601 0.0836 0.5033
vn 0.3527 -0.3646 0.8618
vn 0.6686 -0.2843 0.6872
vn 0.8409 -0.2730 0.4673
vn 0.8476 -0.3063 0.4332
vn 0.8895 -0.0794 0.4500
vn 0.4439 -0.7555 0.4819
vn 0.5804 -0.7259 0.3690
vn 0.6469 -0.6796 0.3460
vn 0.7793 -0.5852 0.2240
vn 0.9299 -0.2606 0.2596
vn 0.3648 -0.8643 0.3464
vn 0.4984 -0.8212 0.2778
vn 0.5754 -0.7936 0.1978
vn 0.5540 -0.8236 0.1220
vn 0.8971 -0.4125 0.1584
vn 0.2383 -0.9499 0.2023
vn 0.3190 -0.9458 0.0610
vn 0.2485 -0.9673 -0.0506
vn 0.3684 -0.9198 -0.1349
vn 0.7075 -0.6949 -0.1288
vn -0.1747 -0.9797 -0.0987
vn -0.1049 -0.9807 -0.1648
vn -0.0782 -0.9823 -0.1701
vn 0.2387 -0.8921 -0.3836
vn 0.5941 -0.7645 -0.2502
vn -0.3774 -0.8952 -0.2372
vn -0.3816 -0.8751 -0.2976
vn -0.3113 -0.7844 -0.5365
vn 0.3221 -0.5930 -0.7379
vn -0.5533 -0.7261 -0.4082
vn -0.4590 -0.6459 -0.6100
vn -0.6946 -0.5101 -0.5073
vn -0.5982 -0.4043 -0.6919
vn -0.6454 -0.2512 -0.7214
vn -0.5953 -0.7373 -0.3193
vn -0.3777 -0.9136 -0.1504
vn -0.1890 -0.9820 0.0030
vn 0.2050 -0.9411 0.2688
vn 0.2545 -0.9088 0.3307
vn 0.1558 -0.7487 0.6443
vn 0.1593 -0.4268 0.8902
vn 0.1915 -0.0850 0.9778
vn 0.1183 0.4390 0.8907
vn -0.0865 0.7979 0.5966
vn -0.1524 0.9389 0.3086
vn -0.0006 0.9880 0.1544
vn 0.2028 0.9571 0.2069
vn 0.4297 0.8854 0.1776
vn 0.6230 0.7706 0.1347
vn 0.7789 0.5996 0.1842
vn 0.8958 0.3425 0.2834
vn 0.9142 -0.0429 0.4031
vn 0.7884 -0.4338 0.4361
vn 0.5704 -0.6804 0.4601
vn 0.3540 -0.8647 0.3563
vn 0.2291 -0.9618 0.1498
vn 0.0225 -0.9888 0.1477
vn -0.0987 -0.9951 0.0054
vn -0.0501 -0.9630 -0.2648
vn 0.1034 -0.7570 -0.6452
vn 0.3009 -0.4296 -0.8514
vn 0.4677 0.0557 -0.8821
vn 0.3941 0.4346 -0.8098
vn 0.1803 0.7043 -0.6866
vn 0.0710 0.8503 -0.5215
vn -0.0015 0.9528 -0.3037
vn -0.1667 0.9823 -0.0859
vn -0.3871 0.9196 0.0675
vn -0.6295 0.7322 0.2599
vn -0.7661 0.5070 0.3951
vn -0.7958 0.2055 0.5697
vn -0.8115 -0.1151 0.5729
vn -0.7538 -0.4725 0.4566
vn -0.6738 -0.6435 0.3632
vn -0.5052 -0.7932 0.3399
vn -0.3492 -0.8921 0.2866
vn -0.1203 -0.9632 0.2402
vn 0.0079 -0.9842 0.1769
vn 0.3246 -0.9457 0.0164
vn 0.7102 -0.7014 0.0596
vn 0.9339 -0.3548 -0.0441
vn 0.9773 0.1404 -0.1584
vn 0.8547 0.5143 -0.0710
vn 0.6321 0.7745 0.0244
vn 0.4341 0.8995 0.0491
vn 0.2329 0.9725 -0.0067
vn 0.1075 0.9928 -0.0522
vn 0.1210 0.9600 -0.2526
vn 0.0683 0.9242 -0.3759
vn -0.1050 0.7731 -0.6255
vn -0.3023 0.5328 -0.7904
vn -0.2561 0.2597 -0.9311
vn -0.2927 -0.0827 -0.9526
vn -0.3666 -0.4580 -0.8098
vn 0.0605 -0.6343 -0.7707
vn 0.0923 -0.7954 -0.5991
vn -0.1682 -0.9662 -0.1955
vn -0.1556 -0.9878 -0.0065
vn -0.2161 -0.9338 0.2850
vn -0.2829 -0.8314 0.4783
vn -0.2981 -0.6985 0.6505
vn -0.3673 -0.5001 0.7842
vn -0.3757 -0.1703 0.9110
vn -0.5740 0.2634 0.7753
vn -0.4317 0.4975 0.7524
vn -0.1178 0.8692 0.4802
vn 0.0934 0.9663 0.2397
vn 0.2860 0.9581 0.0177
vn 0.4015 0.9102 -0.1021
vn 0.5358 0.8293 -0.1586
vn 0.6239 0.7751 -0.0998
vn 0.7072 0.7057 -0.0422
vn 0.8436 0.5369 -0.0100
vn 0.9422 0.3339 -0.0283
vn 0.9972 -0.0275 -0.0698
vn 0.9459 -0.3230 -0.0306
vn 0.6791 -0.7287 -0.0884
vn 0.4219 -0.9062 0.0291
vn 0.1433 -0.9880 0.0584
vn -0.1238 -0.9921 0.0222
vn -0.3819 -0.9241 -0.0138
vn -0.5890 -0.8079 -0.0184
vn -0.7790 -0.6257 -0.0406
vn -0.9042 -0.3942 -0.1642
vn -0.9912 -0.0665 -0.1147
vn -0.9336 0.2180 -0.2842
vn -0.7672 0.5232 -0.3710
vn -0.4792 0.7664 -0.4278
vn -0.3079 0.8954 -0.3216
vn -0.1834 0.9819 -0.0476
vn -0.0358 0.9698 0.2414
vn -0.0262 0.9012 0.4327
vn 0.0508 0.7805 0.6231
vn 0.1762 0.5562 0.8121
vn 0.2572 0.2765 0.9260
vn 0.3145 -0.0601 0.9474
vn 0.2802 -0.3836 0.8800
vn 0.2489 -0.6195 0.7445
vn 0.1884 -0.8045 0.5632
vn 0.2169 -0.9283 0.3019
vn 0.2912 -0.9546 0.0634
vn 0.3379 -0.9358 -0.1004
vn 0.4506 -0.8511 -0.2695
vn 0.6216 -0.6316 -0.4634
vn 0.6944 -0.2613 -0.6704
vn 0.6318 0.2291 -0.7405
vn 0.3822 0.5948 -0.7072
vn 0.2240 0.7858 -0.5766
vn 0.0647 0.9102 -0.4092
vn -0.1263 0.9525 -0.2772
vn -0.3369 0.9307 -0.1424
vn -0.4445 0.8862 -0.1307
vn -0.6484 0.7603 0.0383
vn -0.8630 0.4653 0.1966
vn -0.9412 0.1771 0.2877
vn -0.9358 -0.1537 0.3174
vn -0.8324 -0.4309 0.3484
vn -0.6564 -0.6333 0.4099
vn -0.5341 -0.7885 0.3050
vn -0.4322 -0.8573 0.2796
vn -0.2437 -0.9584 0.1484
vn 0.0374 -0.9959 0.0827
vn 0.3781 -0.9237 -0.0623
vn 0.7336 -0.6795 0.0124
vn 0.9522 -0.2989 0.0625
vn 0.9711 -0.0352 0.2359
vn 0.9136 0.1524 0.3769
vn 0.7969 0.2496 0.5501
vn 0.7669 0.3841 0.5142
vn 0.3767 0.7681 0.5177
vn 0.3835 0.9011 0.2024
vn 0.2631 0.9581 0.1131
vn 0.0442 0.9915 -0.1222
vn -0.1973 0.9518 -0.2348
vn -0.3616 0.7148 -0.5986
vn -0.4348 0.5774 -0.6910
vn -0.4929 0.0871 -0.8657
vn -0.4139 -0.2530 -0.8744
vn -0.2140 -0.3957 -0.8931
vn -0.1833 -0.5751 -0.7973
vn -0.0829 -0.7762 -0.6250
vn -0.0213 -0.8871 -0.4611
vn -0.0464 -0.9639 -0.2621
vn -0.1447 -0.9845 0.0989
vn -0.1709 -0.9112 0.3749
vn -0.1389 -0.7912 0.5956
vn -0.1941 -0.6084 0.7695
vn -0.1278 -0.3788 0.9166
vn -0.3446 -0.1885 0.9196
vn -0.0803 0.3894 0.9176
vn -0.2908 0.4571 0.8405
vn -0.4161 0.6545 0.6313
vn -0.0879 0.8389 0.5371
vn -0.0930 0.9924 0.0807
vn 0.0166 0.9998 -0.0086
vn 0.3163 0.9160 -0.2469
vn 0.4555 0.8040 -0.3823
vn 0.6234 0.5825 -0.5216
vn 0.6573 0.2923 -0.6946
vn 0.6638 0.0517 -0.7461
vn 0.5673 -0.4062 -0.7164
vn 0.4195 -0.7122 -0.5628
vn 0.4672 -0.7926 -0.3918
vn 0.1879 -0.9516 -0.2431
vn -0.1136 -0.9918 0.0582
vn -0.2104 -0.9764 0.0486
vn -0.5317 -0.8176 0.2212
vn -0.7114 -0.6521 0.2621
vn -0.8658 -0.4443 0.2303
vn -0.9730 -0.0828 0.2153
vn -0.9292 0.1767 0.3247
vn -0.8166 0.5627 0.1286
vn -0.7935 0.5346 0.2909
vn -0.4433 0.8932 0.0756
vn -0.1196 0.9861 -0.1152
vn 0.1183 0.9878 -0.1008
vn 0.4461 0.8948 -0.0188
vn 0.6578 0.7518 -0.0453
vn 0.8389 0.5443 0.0020
vn 0.9127 0.3989 0.0887
vn 0.9794 0.1405 0.1450
vn 0.9837 -0.0012 0.1799
vn 0.7999 0.0291 0.5995
vn 0.5984 -0.3154 0.7365
vn 0.3635 -0.5279 0.7676
vn 0.1257 -0.8499 0.5118
vn 0.0872 -0.9170 0.3892
vn -0.0127 -0.9942 0.1065
vn -0.1065 -0.9942 -0.0150
vn -0.2218 -0.9615 -0.1622
vn -0.2596 -0.8649 -0.4296
vn -0.1524 -0.6520 -0.7428
vn 0.0169 -0.2383 -0.9710
vn 0.2696 0.2679 -0.9250
vn 0.2890 0.6117 -0.7364
vn 0.2443 0.8813 -0.4046
vn -0.1611 0.9465 -0.2795
vn -0.4208 0.9036 -0.0804
vn -0.4113 0.9049 0.1092
vn -0.4677 0.8696 0.1580
vn -0.5346 0.7318 0.4228
vn -0.5551 0.5475 0.6262
vn -0.5739 0.1703 0.8010
vn -0.5950 -0.1838 0.7824
vn -0.4755 -0.5070 0.7189
vn -0.3697 -0.8093 0.4564
vn -0.3087 -0.8631 0.3997
vn -0.0516 -0.9530 0.2985
vn 0.2521 -0.9595 0.1259
vn 0.5234 -0.8517 0.0249
vn 0.8298 -0.5520 -0.0826
vn 0.8991 -0.4163 -0.1356
vn 0.9883 -0.1485 -0.0341
vn 0.9971 0.0619 0.0442
vn 0.9538 0.2486 0.1688
vn 0.9018 0.2063 0.3797
vn 0.9564 -0.2917 0.0174
vn 0.9933 -0.0499 0.1040
vn 0.9958 -0.0857 0.0320
vn 0.9956 -0.0097 0.0935
vn 0.9989 0.0462 -0.0007
vn 0.9643 -0.0183 0.2642
vn 0.9783 0.1987 0.0594
vn 0.9480 0.1567 0.2771
vn 0.9028 0.1260 0.4111
vn 0.8782 0.4134 0.2407
vn 0.8344 0.4454 0.3246
vn 0.7608 0.4754 0.4419
vn 0.7101 0.6388 0.2961
vn 0.6075 0.7158 0.3444
vn 0.5163 0.7284 0.4505
vn 0.4736 0.8444 0.2503
vn 0.4292 0.8475 0.3123
vn 0.3082 0.8713 0.3820
vn 0.2957 0.9462 0.1315
vn 0.2433 0.9584 0.1491
vn 0.2160 0.9654 0.1458
vn 0.1131 0.9835 -0.1414
vn 0.1864 0.9769 -0.1044
vn 0.2353 0.9613 -0.1437
vn 0.1724 0.9312 -0.3211
vn 0.2325 0.9215 -0.3111
vn 0.2660 0.9166 -0.2985
vn 0.2227 0.8298 -0.5117
vn 0.2490 0.8200 -0.5154
vn 0.3264 0.7845 -0.5273
vn 0.2281 0.6427 -0.7313
vn 0.3180 0.6574 -0.6832
vn 0.5507 0.6428 -0.5325
vn 0.3702 0.4624 -0.8057
vn 0.5787 0.4411 -0.6860
vn 0.7180 0.3795 -0.5834
vn 0.5287 0.0797 -0.8450
vn 0.6365 0.0466 -0.7699
vn 0.7468 -0.0243 -0.6646
vn 0.5101 -0.2502 -0.8230
vn 0.6042 -0.3322 -0.7243
vn 0.7324 -0.3712 -0.5708
vn 0.4145 -0.6165 -0.6694
vn 0.5149 -0.6360 -0.5748
vn 0.5871 -0.6827 -0.4351
vn 0.2628 -0.8206 -0.5075
vn 0.3219 -0.8574 -0.4015
vn 0.3406 -0.8913 -0.2993
vn 0.0901 -0.9327 -0.3491
vn 0.0744 -0.9548 -0.2879
vn 0.0413 -0.9701 -0.2391
vn -0.1410 -0.9457 -0.2928
vn -0.1939 -0.9486 -0.2503
vn -0.1975 -0.9490 -0.2457
vn -0.3224 -0.8930 -0.3141
vn -0.3813 -0.8781 -0.2892
vn -0.3641 -0.8722 -0.3267
vn -0.5422 -0.7628 -0.3523
vn -0.5336 -0.7478 -0.3951
vn -0.5177 -0.7332 -0.4410
vn -0.6665 -0.5523 -0.5007
vn -0.6611 -0.4847 -0.5728
vn -0.7554 -0.4444 -0.4816
vn -0.7310 -0.2164 -0.6471
vn -0.8241 -0.1835 -0.5358
vn -0.9090 -0.1453 -0.3908
vn -0.8207 0.1047 -0.5616
vn -0.8985 0.1648 -0.4068
vn -0.8619 0.2352 -0.4491
vn -0.8080 0.4598 -0.3684
vn -0.7710 0.5251 -0.3603
vn -0.6191 0.6142 -0.4894
vn -0.6312 0.7463 -0.2113
vn -0.5119 0.8139 -0.2748
vn -0.2928 0.8908 -0.3474
vn -0.3845 0.9222 -0.0410
vn -0.2332 0.9704 -0.0635
vn -0.0427 0.9969 -0.0658
vn -0.1647 0.9676 0.1914
vn -0.0453 0.9791 0.1981
vn 0.0494 0.9855 0.1624
vn -0.0421 0.9176 0.3954
vn -0.0179 0.9341 0.3566
vn -0.0328 0.9531 0.3008
vn -0.0654 0.8422 0.5351
vn -0.0815 0.8586 0.5061
vn -0.1298 0.8648 0.4851
vn -0.0943 0.6981 0.7098
vn -0.1365 0.6969 0.7041
vn -0.2154 0.6843 0.6966
vn -0.1162 0.4553 0.8827
vn -0.1958 0.4297 0.8815
vn -0.3427 0.3686 0.8641
vn -0.1510 0.1357 0.9792
vn -0.3055 0.0660 0.9499
vn -0.5199 0.0138 0.8541
vn -0.2447 -0.2414 0.9391
vn -0.4302 -0.2869 0.8559
vn -0.5684 -0.3021 0.7653
vn -0.3022 -0.5166 0.8011
vn -0.4358 -0.5477 0.7142
vn -0.5112 -0.5817 0.6328
vn -0.3157 -0.7314 0.6044
vn -0.3881 -0.7307 0.5616
vn -0.4182 -0.7542 0.5062
vn -0.2430 -0.8572 0.4541
vn -0.2858 -0.8733 0.3944
vn -0.2943 -0.8778 0.3779
vn -0.1377 -0.9531 0.2696
vn -0.1258 -0.9652 0.2292
vn -0.1437 -0.9666 0.2124
vn 0.0129 -0.9921 0.1245
vn -0.0583 -0.9949 0.0826
vn -0.0665 -0.9884 0.1367
vn 0.0398 -0.9960 -0.0796
vn 0.1338 -0.9906 -0.0286
vn 0.1112 -0.9924 0.0521
vn 0.2475 -0.9427 -0.2238
vn 0.2205 -0.9690 -0.1117
vn 0.3099 -0.9485 0.0658
vn 0.3879 -0.8745 -0.2911
vn 0.5966 -0.8015 -0.0401
vn 0.6233 -0.7743 0.1087
vn 0.8773 -0.4425 -0.1857
vn 0.8722 -0.4888 0.0186
vn 0.9203 -0.3527 0.1691
vn 0.9990 -0.0051 -0.0437
vn 0.9889 0.0150 0.1479
vn 0.9833 0.0612 0.1712
vn 0.9345 0.3118 0.1714
vn 0.9110 0.3782 0.1643
vn 0.9082 0.4186 0.0033
vn 0.7388 0.6635 0.1179
vn 0.6578 0.7528 0.0241
vn 0.6005 0.7979 -0.0524
vn 0.5017 0.8647 0.0264
vn 0.5063 0.8581 -0.0856
vn 0.4862 0.8623 -0.1417
vn 0.3452 0.9312 -0.1172
vn 0.3527 0.9215 -0.1625
vn 0.3354 0.9196 -0.2045
vn 0.1490 0.9702 -0.1911
vn 0.1923 0.9530 -0.2341
vn 0.1261 0.9449 -0.3021
vn -0.0560 0.9586 -0.2792
vn -0.0686 0.9364 -0.3441
vn -0.0850 0.9035 -0.4202
vn -0.4076 0.8293 -0.3823
vn -0.2506 0.8243 -0.5076
vn -0.1269 0.8144 -0.5662
vn -0.4617 0.6170 -0.6373
vn -0.3510 0.4959 -0.7943
vn -0.3797 0.6166 -0.6897
vn -0.4585 0.2244 -0.8599
vn -0.5952 0.2161 -0.7740
vn -0.6871 0.2213 -0.6921
vn -0.6420 -0.0108 -0.7666
vn -0.7427 0.0085 -0.6695
vn -0.6742 -0.0411 -0.7374
vn -0.7170 -0.3710 -0.5901
vn -0.7258 -0.2391 -0.6450
vn -0.7333 -0.3117 -0.6042
vn -0.6305 -0.6888 -0.3579
vn -0.6543 -0.6769 -0.3371
vn -0.6543 -0.6507 -0.3853
vn -0.5797 -0.7890 -0.2038
vn -0.5641 -0.8052 -0.1829
vn -0.5370 -0.8205 -0.1961
vn -0.4999 -0.8637 -0.0641
vn -0.4700 -0.8779 -0.0914
vn -0.4520 -0.8818 -0.1345
vn -0.4152 -0.9096 0.0156
vn -0.3855 -0.9223 0.0263
vn -0.3622 -0.9320 0.0153
vn -0.3072 -0.9373 0.1647
vn -0.2751 -0.9459 0.1720
vn -0.2424 -0.9558 0.1666
vn -0.2481 -0.9287 0.2756
vn -0.1835 -0.9201 0.3459
vn -0.1455 -0.8529 0.5014
vn -0.1548 -0.8540 0.4967
vn -0.2285 -0.7920 0.5661
vn -0.1835 -0.7572 0.6269
vn -0.2410 -0.8063 0.5402
vn -0.2447 -0.6943 0.6768
vn -0.2518 -0.6324 0.7326
vn -0.2679 -0.2945 0.9173
vn -0.2227 -0.2191 0.9500
vn -0.2946 -0.2229 0.9293
vn -0.2471 -0.0679 0.9666
vn -0.2458 -0.0202 0.9691
vn -0.2644 0.0368 0.9637
vn -0.1927 0.4011 0.8955
vn -0.2386 0.3712 0.8974
vn -0.4246 0.3888 0.8177
vn -0.1478 0.7165 0.6818
vn -0.3430 0.6432 0.6845
vn -0.2278 0.6144 0.7554
vn -0.1877 0.7918 0.5812
vn -0.1185 0.8032 0.5838
vn -0.1161 0.8779 0.4646
vn 0.0576 0.9810 0.1851
vn -0.0388 0.9729 0.2278
vn -0.0260 0.9817 0.1886
vn 0.1604 0.9863 -0.0380
vn 0.1651 0.9860 -0.0251
vn 0.1672 0.9852 0.0377
vn 0.2541 0.9518 -0.1719
vn 0.3163 0.9294 -0.1902
vn 0.3626 0.9193 -0.1530
vn 0.4103 0.8501 -0.3300
vn 0.4798 0.8249 -0.2987
vn 0.5092 0.8171 -0.2703
vn 0.5829 0.7030 -0.4075
vn 0.5775 0.7106 -0.4019
vn 0.6777 0.6100 -0.4106
vn 0.6655 0.4895 -0.5635
vn 0.6898 0.5400 -0.4823
vn 0.7613 0.5090 -0.4017
vn 0.7630 0.3522 -0.5421
vn 0.8057 0.3404 -0.4847
vn 0.8249 0.3173 -0.4677
vn 0.7800 -0.0883 -0.6195
vn 0.8322 -0.0995 -0.5455
vn 0.8853 0.0119 -0.4649
vn 0.7244 -0.4049 -0.5580
vn 0.8563 -0.3584 -0.3718
vn 0.9170 -0.2967 -0.2666
vn 0.6618 -0.6717 -0.3328
vn 0.7017 -0.6841 -0.1991
vn 0.7432 -0.6542 -0.1405
vn 0.4520 -0.8806 -0.1423
vn 0.4725 -0.8779 -0.0774
vn 0.5321 -0.8444 -0.0620
vn 0.1581 -0.9865 -0.0430
vn 0.1070 -0.9943 0.0012
vn 0.1363 -0.9906 0.0132
vn -0.1207 -0.9927 0.0034
vn -0.1511 -0.9876 0.0421
vn -0.1623 -0.9852 0.0549
vn -0.3529 -0.9355 0.0196
vn -0.3954 -0.9152 0.0774
vn -0.3854 -0.9182 0.0910
vn -0.5518 -0.8290 0.0910
vn -0.5793 -0.8081 0.1067
vn -0.5676 -0.8202 0.0714
vn -0.7243 -0.6869 0.0600
vn -0.7451 -0.6656 0.0416
vn -0.7716 -0.6341 0.0509
vn -0.8565 -0.5161 0.0064
vn -0.8771 -0.4802 0.0051
vn -0.8885 -0.4568 -0.0445
vn -0.9481 -0.3062 -0.0861
vn -0.9571 -0.2749 -0.0913
vn -0.9632 -0.2587 -0.0725
vn -0.9908 0.0444 -0.1276
vn -0.9890 0.0999 -0.1089
vn -0.9569 0.1061 -0.2704
vn -0.8711 0.4699 -0.1429
vn -0.8602 0.4181 -0.2920
vn -0.8921 0.4227 -0.1596
vn -0.7156 0.6430 -0.2729
vn -0.6884 0.7107 -0.1447
vn -0.6178 0.7634 -0.1886
vn -0.5023 0.8547 -0.1311
vn -0.5459 0.8203 -0.1705
vn -0.5852 0.7953 -0.1584
vn -0.2840 0.9560 -0.0742
vn -0.2931 0.9515 -0.0932
vn -0.2765 0.9563 -0.0946
vn 0.1982 0.9800 0.0177
vn 0.1713 0.9844 0.0415
vn 0.1467 0.9885 0.0376
vn 0.3584 0.9299 0.0829
vn 0.3434 0.9315 0.1196
vn 0.3087 0.9372 0.1622
vn 0.5420 0.8247 0.1617
vn 0.5152 0.8251 0.2321
vn 0.4576 0.8151 0.3551
vn 0.7223 0.6143 0.3178
vn 0.6120 0.6580 0.4387
vn 0.4793 0.6586 0.5801
vn 0.7655 0.4003 0.5037
vn 0.6102 0.4424 0.6572
vn 0.4794 0.4039 0.7792
vn 0.7183 0.1111 0.6868
vn 0.6049 0.1206 0.7871
vn 0.4119 0.0934 0.9064
vn 0.6488 -0.1996 0.7344
vn 0.4701 -0.1794 0.8642
vn 0.4035 -0.2118 0.8901
vn 0.4540 -0.4899 0.7443
vn 0.4191 -0.5074 0.7529
vn 0.3774 -0.5335 0.7569
vn 0.3828 -0.7558 0.5312
vn 0.3341 -0.7776 0.5326
vn 0.3631 -0.7835 0.5043
vn 0.2907 -0.8861 0.3609
vn 0.3134 -0.8844 0.3458
vn 0.3131 -0.8939 0.3209
vn 0.2169 -0.9698 0.1117
vn 0.2174 -0.9716 0.0932
vn 0.2027 -0.9755 0.0857
vn 0.1146 -0.9855 -0.1254
vn 0.1197 -0.9860 -0.1165
vn 0.1447 -0.9800 -0.1368
vn 0.0404 -0.9548 -0.2944
vn 0.0589 -0.9452 -0.3212
vn 0.1125 -0.9190 -0.3778
vn -0.0201 -0.8745 -0.4846
vn 0.0966 -0.8293 -0.5504
vn 0.1793 -0.7708 -0.6114
vn 0.0543 -0.6298 -0.7748
vn 0.1703 -0.5900 -0.7892
vn 0.1815 -0.5317 -0.8272
vn 0.1384 -0.3316 -0.9332
vn 0.1369 -0.2210 -0.9656
vn 0.1863 -0.0631 -0.9805
vn 0.1397 0.1127 -0.9838
vn 0.1160 0.2732 -0.9549
vn 0.0936 0.2833 -0.9545
vn 0.0825 0.4780 -0.8745
vn -0.0339 0.5506 -0.8341
vn 0.1164 0.6490 -0.7518
vn -0.1370 0.7624 -0.6324
vn -0.0220 0.8079 -0.5889
vn 0.0771 0.8375 -0.5410
vn -0.1699 0.8880 -0.4272
vn -0.0361 0.9104 -0.4121
vn 0.0245 0.9115 -0.4105
vn -0.2458 0.9580 -0.1478
vn -0.2202 0.9619 -0.1621
vn -0.1708 0.9743 -0.1467
vn -0.4098 0.9114 0.0364
vn -0.3759 0.9265 -0.0168
vn -0.3188 0.9419 -0.1054
vn -0.5161 0.8492 0.1118
vn -0.5367 0.8418 0.0574
vn -0.5795 0.8135 0.0497
vn -0.6964 0.6491 0.3062
vn -0.7271 0.6478 0.2274
vn -0.7799 0.5913 0.2049
vn -0.8197 0.4118 0.3981
vn -0.8758 0.3467 0.3359
vn -0.8949 0.3585 0.2657
vn -0.8981 0.0685 0.4344
vn -0.9135 0.0010 0.4068
vn -0.9353 0.0331 0.3522
vn -0.8472 -0.2352 0.4764
vn -0.8726 -0.2555 0.4163
vn -0.8748 -0.2854 0.3914
vn -0.7584 -0.4745 0.4468
vn -0.7704 -0.4854 0.4133
vn -0.7572 -0.5275 0.3853
vn -0.6252 -0.6715 0.3979
vn -0.5939 -0.6849 0.4221
vn -0.5747 -0.7106 0.4060
vn -0.4406 -0.8069 0.3935
vn -0.5247 -0.7752 0.3520
vn -0.5712 -0.7452 0.3441
vn -0.4153 -0.8769 0.2418
vn -0.4382 -0.8579 0.2682
vn -0.4051 -0.8590 0.3132
vn -0.2863 -0.9376 0.1974
vn -0.2261 -0.9400 0.2554
vn -0.1873 -0.9436 0.2729
vn -0.0339 -0.9843 0.1734
vn 0.0669 -0.9756 0.2092
vn 0.0497 -0.9685 0.2441
vn 0.3488 -0.9302 0.1147
vn 0.4546 -0.8774 0.1533
vn 0.4642 -0.8632 0.1987
vn 0.8164 -0.5713 0.0843
vn 0.7579 -0.6342 0.1529
vn 0.8194 -0.5581 0.1311
vn 0.9504 -0.2858 0.1228
vn 0.9802 -0.1863 0.0666
vn 0.9908 -0.1254 0.0509
vn 0.9857 0.1615 0.0475
vn 0.9743 0.2220 0.0369
vn 0.9355 0.3465 -0.0694
vn 0.8880 0.4527 0.0805
vn 0.8761 0.4820 -0.0100
vn 0.8099 0.5671 -0.1501
vn 0.7614 0.6480 -0.0181
vn 0.7308 0.6809 -0.0492
vn 0.6847 0.7265 0.0583
vn 0.5291 0.8451 0.0764
vn 0.5781 0.8106 0.0936
vn 0.5777 0.8136 -0.0657
vn 0.4650 0.8853 -0.0003
vn 0.4969 0.8654 -0.0643
vn 0.4709 0.8748 0.1140
vn 0.2002 0.9792 -0.0325
vn 0.2449 0.9669 0.0720
vn 0.2300 0.9440 0.2366
vn -0.1188 0.9879 -0.1002
vn -0.0599 0.9971 -0.0463
vn 0.0178 0.9998 -0.0056
vn -0.2447 0.9525 -0.1813
vn -0.2900 0.9422 -0.1681
vn -0.3563 0.9072 -0.2238
vn -0.5552 0.7688 -0.3173
vn -0.5762 0.7316 -0.3643
vn -0.5899 0.7004 -0.4018
vn -0.7147 0.5292 -0.4573
vn -0.7126 0.5074 -0.4846
vn -0.7270 0.4914 -0.4795
vn -0.8425 -0.0030 -0.5387
vn -0.8223 0.0477 -0.5671
vn -0.8630 0.0263 -0.5045
vn -0.7855 -0.3253 -0.5265
vn -0.8087 -0.2791 -0.5178
vn -0.8384 -0.2439 -0.4873
vn -0.7855 -0.4002 -0.4720
vn -0.7651 -0.4521 -0.4585
vn -0.7699 -0.5081 -0.3860
vn -0.6750 -0.6506 -0.3480
vn -0.6889 -0.6494 -0.3219
vn -0.6116 -0.6114 -0.5022
vn -0.5259 -0.8064 -0.2705
vn -0.4960 -0.8106 -0.3112
vn -0.4347 -0.8014 -0.4109
vn -0.3409 -0.9134 -0.2224
vn -0.3102 -0.9087 -0.2792
vn -0.3284 -0.9087 -0.2576
vn -0.2411 -0.9576 -0.1578
vn -0.2540 -0.9543 -0.1572
vn -0.2898 -0.9512 -0.1054
vn -0.0739 -0.9958 0.0534
vn -0.1375 -0.9904 0.0155
vn -0.1329 -0.9909 0.0192
vn 0.0865 -0.9697 0.2286
vn 0.0752 -0.9697 0.2324
vn 0.0748 -0.9599 0.2701
vn 0.4701 -0.7003 0.5372
vn 0.2850 -0.7686 0.5728
vn 0.2513 -0.7391 0.6250
vn 0.4259 -0.4861 0.7631
vn 0.3687 -0.5836 0.7235
vn 0.0976 -0.6738 0.7325
vn 0.4937 -0.1990 0.8466
vn 0.0141 -0.3630 0.9317
vn -0.0650 -0.3883 0.9192
vn 0.0319 -0.2701 0.9623
vn -0.0917 -0.3925 0.9152
vn -0.1088 -0.2471 0.9629
vn -0.0856 -0.0998 0.9913
vn -0.1825 -0.1963 0.9634
vn -0.1167 0.0662 0.9910
vn -0.1026 0.5560 0.8248
vn -0.1148 0.5747 0.8103
vn -0.1847 0.4575 0.8698
vn -0.0528 0.7049 0.7073
vn 0.0026 0.6265 0.7794
vn -0.1905 0.4962 0.8471
vn 0.0648 0.6962 0.7149
vn -0.0903 0.6935 0.7148
vn -0.0609 0.6910 0.7203
vn -0.0168 0.8373 0.5466
vn -0.0955 0.8688 0.4859
vn -0.1906 0.8656 0.4630
vn -0.0456 0.9766 0.2100
vn -0.1715 0.9648 0.1993
vn -0.2112 0.9688 0.1300
vn -0.0764 0.9821 -0.1722
vn -0.1575 0.9647 -0.2110
vn -0.1687 0.9482 -0.2692
vn -0.0447 0.7970 -0.6023
vn -0.0966 0.7626 -0.6396
vn -0.0105 0.7229 -0.6908
vn -0.0341 0.4252 -0.9044
vn 0.0502 0.2886 -0.9561
vn 0.1371 0.4160 -0.8990
vn 0.0641 0.0330 -0.9974
vn 0.1829 -0.0062 -0.9831
vn 0.2777 0.1341 -0.9512
vn 0.0577 -0.5246 -0.8494
vn 0.1571 -0.4793 -0.8634
vn 0.4069 -0.3665 -0.8367
vn -0.0063 -0.6847 -0.7288
vn 0.3137 -0.6258 -0.7141
vn 0.3850 -0.5395 -0.7488
vn 0.1866 -0.7377 -0.6488
vn 0.3989 -0.7420 -0.5387
vn 0.0191 -0.7778 -0.6282
vn 0.0992 -0.8694 -0.4840
vn 0.0286 -0.8869 -0.4610
vn 0.2221 -0.8150 -0.5352
vn -0.0779 -0.9704 -0.2288
vn 0.0220 -0.9579 -0.2863
vn 0.0909 -0.9545 -0.2840
vn -0.1177 -0.9907 -0.0689
vn -0.1027 -0.9910 -0.0863
vn -0.0948 -0.9899 -0.1058
vn -0.1890 -0.9815 0.0301
vn -0.2760 -0.9563 0.0971
vn -0.2866 -0.9561 0.0607
vn -0.4195 -0.8737 0.2464
vn -0.4053 -0.8860 0.2252
vn -0.4362 -0.8465 0.3054
vn -0.5198 -0.7780 0.3530
vn -0.5429 -0.7386 0.3997
vn -0.5397 -0.6874 0.4861
vn -0.6356 -0.5339 0.5576
vn -0.6412 -0.4588 0.6152
vn -0.6978 -0.3658 0.6159
vn -0.6556 0.0993 0.7486
vn -0.7299 0.0611 0.6808
vn -0.7939 -0.1981 0.5749
vn -0.6523 0.1483 0.7433
vn -0.8138 -0.0593 0.5781
vn -0.9327 -0.0923 0.3487
vn -0.7081 0.5162 0.4818
vn -0.8541 0.4138 0.3150
vn -0.8707 0.3889 0.3010
vn -0.4895 0.8436 0.2207
vn -0.6129 0.7265 0.3107
vn -0.8523 0.4898 0.1834
vn -0.6066 0.7435 0.2815
vn -0.5049 0.8627 -0.0277
vn -0.4203 0.9062 -0.0464
vn -0.2225 0.9682 -0.1139
vn -0.2710 0.9616 -0.0427
vn -0.2637 0.9638 0.0397
vn 0.0714 0.9922 -0.1025
vn 0.0119 0.9974 0.0716
vn -0.1704 0.9845 0.0423
vn 0.1941 0.9809 0.0076
vn 0.3691 0.9294 -0.0064
vn 0.4120 0.9057 -0.0997
vn 0.6153 0.7819 -0.1005
vn 0.5323 0.8448 -0.0536
vn 0.5409 0.8399 0.0460
vn 0.6974 0.7160 -0.0331
vn 0.7537 0.6542 0.0627
vn 0.6313 0.7531 0.1850
vn 0.8393 0.5412 0.0516
vn 0.8304 0.5262 0.1832
vn 0.7625 0.5896 0.2663
vn 0.9020 0.3989 0.1651
vn 0.9070 0.2997 0.2960
vn 0.8891 0.3250 0.3223
vn 0.9689 0.0478 0.2428
vn 0.9376 -0.1460 0.3155
vn 0.9425 -0.0203 0.3336
vn 0.9131 -0.2706 0.3049
vn 0.8825 -0.2167 0.4174
vn 0.8950 -0.0819 0.4384
vn 0.7942 -0.3050 0.5255
vn 0.7776 -0.4435 0.4457
vn 0.7751 -0.5136 0.3680
vn 0.5432 -0.6863 0.4837
vn 0.6320 -0.6800 0.3717
vn 0.6562 -0.6954 0.2930
vn 0.4121 -0.8185 0.4004
vn 0.4592 -0.8617 0.2158
vn 0.4090 -0.8099 0.4204
vn -0.0141 -0.9907 0.1350
vn -0.0501 -0.9402 0.3370
vn 0.0328 -0.9296 0.3672
vn -0.2295 -0.9297 0.2880
vn -0.2770 -0.9294 0.2438
vn -0.2216 -0.9509 0.2162
vn -0.4835 -0.8653 0.1320
vn -0.4165 -0.9013 0.1188
vn -0.3928 -0.9195 0.0148
vn -0.5979 -0.8006 -0.0396
vn -0.5299 -0.8430 -0.0922
vn -0.4037 -0.8867 -0.2256
vn -0.6774 -0.7029 -0.2169
vn -0.5656 -0.7290 -0.3856
vn -0.3607 -0.7895 -0.4965
vn -0.5943 -0.5610 -0.5763
vn -0.4437 -0.5817 -0.6817
vn -0.3821 -0.6656 -0.6411
vn -0.4623 -0.4366 -0.7718
vn -0.4502 -0.4050 -0.7958
vn -0.4673 -0.3427 -0.8150
vn -0.4331 0.0181 -0.9012
vn -0.4789 0.1647 -0.8623
vn -0.5516 0.0791 -0.8303
vn -0.4522 0.5276 -0.7191
vn -0.5082 0.5114 -0.6930
vn -0.4196 0.5657 -0.7098
vn -0.3831 0.8128 -0.4388
vn -0.2517 0.8844 -0.3931
vn -0.3602 0.8486 -0.3876
vn -0.1806 0.9622 -0.2040
vn -0.2627 0.9487 -0.1756
vn -0.1756 0.9764 -0.1261
vn -0.2216 0.9751 -0.0101
vn -0.1292 0.9913 -0.0243
vn -0.0396 0.9968 0.0689
vn -0.0818 0.9839 0.1589
vn 0.0383 0.9826 0.1815
vn -0.0406 0.9831 0.1787
vn -0.0563 0.9186 0.3912
vn -0.0300 0.9554 0.2939
vn 0.0039 0.9350 0.3547
vn 0.0203 0.8212 0.5702
vn -0.0904 0.7925 0.6031
vn -0.2544 0.8434 0.4732
vn -0.1217 0.7060 0.6976
vn -0.2027 0.6725 0.7118
vn -0.3398 0.6280 0.7002
vn -0.1290 0.5110 0.8498
vn -0.2773 0.3794 0.8827
vn -0.4175 0.3994 0.8162
vn -0.1737 0.1180 0.9777
vn -0.3118 0.1071 0.9441
vn -0.3679 0.0134 0.9298
vn -0.1589 -0.2173 0.9631
vn -0.2753 -0.2646 0.9242
vn -0.2664 -0.3522 0.8972
vn -0.1162 -0.5053 0.8551
vn -0.1355 -0.5649 0.8140
vn -0.0666 -0.6027 0.7952
vn 0.0409 -0.7611 0.6473
vn 0.0402 -0.7578 0.6513
vn 0.0663 -0.7779 0.6248
vn 0.1265 -0.8872 0.4437
vn 0.1749 -0.8549 0.4884
vn 0.1418 -0.8782 0.4567
vn 0.2959 -0.9457 0.1346
vn 0.3162 -0.9304 0.1853
vn 0.3058 -0.9474 0.0948
vn 0.3878 -0.9075 -0.1614
vn 0.4585 -0.8776 -0.1402
vn 0.4236 -0.8946 -0.1423
vn 0.5350 -0.7777 -0.3301
vn 0.5386 -0.7656 -0.3518
vn 0.5968 -0.7620 -0.2514
vn 0.6026 -0.6126 -0.5115
vn 0.7037 -0.5883 -0.3983
vn 0.7809 -0.5729 -0.2490
vn 0.7411 -0.4376 -0.5092
vn 0.8423 -0.4030 -0.3580
vn 0.8789 -0.4177 -0.2306
vn 0.8631 -0.2153 -0.4568
vn 0.9442 -0.1447 -0.2958
vn 0.9776 -0.1423 -0.1549
vn 0.9219 0.1506 -0.3570
vn 0.9723 0.1703 -0.1602
vn 0.9815 0.1557 -0.1119
vn 0.7834 0.5835 -0.2142
vn 0.8395 0.5342 -0.0996
vn 0.8398 0.5108 -0.1839
vn 0.3955 0.9115 -0.1130
vn 0.6013 0.7660 -0.2273
vn 0.6171 0.6851 -0.3871
vn 0.2431 0.9314 -0.2711
vn 0.2620 0.8554 -0.4469
vn 0.2935 0.9014 -0.3183
vn -0.2321 0.8688 -0.4373
vn -0.1693 0.9156 -0.3648
vn -0.1178 0.9612 -0.2493
vn -0.5426 0.7404 -0.3967
vn -0.4828 0.8450 -0.2299
vn -0.5001 0.8659 0.0131
vn -0.7239 0.6766 -0.1345
vn -0.7495 0.6524 0.1122
vn -0.7550 0.5865 0.2932
vn -0.9112 0.3437 0.2271
vn -0.8788 0.2867 0.3816
vn -0.9543 0.0111 0.2987
vn -0.8862 -0.0039 0.4633
vn -0.7848 -0.0661 0.6162
vn -0.8189 -0.2497 0.5168
vn -0.7072 -0.2775 0.6503
vn -0.5014 -0.3012 0.8111
vn -0.5706 -0.1006 0.8150
vn -0.6097 -0.4327 0.6641
vn -0.4039 -0.4581 0.7918
vn -0.1207 -0.4716 0.8735
vn -0.0476 -0.6180 0.7847
vn 0.2153 -0.6055 0.7661
vn -0.0113 -0.7202 0.6936
vn -0.2710 -0.8144 0.5131
vn -0.4736 -0.6984 0.5366
vn -0.5437 -0.7600 0.3560
vn -0.6211 -0.5701 0.5378
vn -0.6862 -0.6251 0.3720
vn -0.7333 -0.6311 0.2529
vn -0.7999 -0.4645 0.3801
vn -0.8638 -0.4474 0.2318
vn -0.8830 -0.4342 0.1781
vn -0.9479 -0.2727 0.1646
vn -0.9622 -0.2647 0.0648
vn -0.9832 -0.1774 0.0422
vn -0.9984 -0.0176 -0.0543
vn -0.9886 0.0511 -0.1415
vn -0.9813 0.1585 -0.1094
vn -0.9155 0.3078 -0.2591
vn -0.9060 0.3740 -0.1981
vn -0.9025 0.4228 -0.0822
vn -0.7400 0.6176 -0.2664
vn -0.7655 0.6148 -0.1900
vn -0.6993 0.7123 -0.0611
vn -0.6199 0.7445 -0.2479
vn -0.6347 0.7677 -0.0887
vn -0.6056 0.7957 0.0064
vn -0.2772 0.9495 -0.1468
vn -0.2101 0.9712 -0.1126
vn -0.2083 0.9291 -0.3055
vn 0.1608 0.9476 -0.2759
vn 0.1149 0.8979 -0.4249
vn -0.0186 0.8228 -0.5681
vn 0.3732 0.7853 -0.4941
vn 0.2532 0.6778 -0.6902
vn 0.1733 0.6013 -0.7800
vn 0.5554 0.3556 -0.7517
vn 0.3973 0.2877 -0.8714
vn 0.3302 0.2638 -0.9063
vn 0.5461 -0.0206 -0.8375
vn 0.4406 0.0233 -0.8974
vn 0.4308 -0.0193 -0.9022
vn 0.5128 -0.2366 -0.8253
vn 0.4836 -0.2517 -0.8383
vn 0.4669 -0.2653 -0.8436
vn 0.5088 -0.4746 -0.7183
vn 0.4863 -0.4859 -0.7262
vn 0.4852 -0.5130 -0.7081
vn 0.4681 -0.6803 -0.5640
vn 0.4989 -0.7206 -0.4815
vn 0.4480 -0.7439 -0.4959
vn 0.4921 -0.8163 -0.3024
vn 0.4198 -0.8509 -0.3158
vn 0.4451 -0.8533 -0.2715
vn 0.3451 -0.9314 -0.1156
vn 0.3568 -0.9327 -0.0528
vn 0.3919 -0.9198 0.0202
vn 0.2444 -0.9533 0.1772
vn 0.2960 -0.9232 0.2452
vn 0.3071 -0.8953 0.3225
vn 0.1771 -0.8859 0.4288
vn 0.2303 -0.8522 0.4699
vn 0.2329 -0.8259 0.5134
vn 0.1558 -0.7600 0.6309
vn 0.2049 -0.7431 0.6371
vn 0.2280 -0.7198 0.6557
vn 0.1277 -0.4382 0.8898
vn 0.1624 -0.3843 0.9088
vn 0.2152 -0.3728 0.9026
vn 0.0839 -0.0524 0.9951
vn 0.1489 -0.0054 0.9888
vn 0.2025 0.0038 0.9793
vn 0.1012 0.2342 0.9669
vn 0.1473 0.2548 0.9557
vn 0.1601 0.2644 0.9510
vn 0.1076 0.5544 0.8253
vn 0.0726 0.5320 0.8436
vn 0.0683 0.5361 0.8414
vn 0.0252 0.7618 0.6474
vn 0.0282 0.7490 0.6620
vn -0.0263 0.7777 0.6281
vn -0.0331 0.8714 0.4895
vn -0.0618 0.8887 0.4543
vn -0.0744 0.8833 0.4628
vn -0.0662 0.9277 0.3673
vn 0.0070 0.9442 0.3292
vn -0.0361 0.9139 0.4044
vn 0.0150 0.9880 0.1540
vn -0.1048 0.9857 0.1323
vn -0.1549 0.9784 0.1369
vn -0.2018 0.9675 -0.1526
vn -0.1729 0.9797 -0.1014
vn 0.0606 0.9856 -0.1581
vn -0.1475 0.8695 -0.4714
vn -0.1986 0.8452 -0.4962
vn -0.1302 0.8098 -0.5720
vn -0.3343 0.6368 -0.6948
vn -0.2818 0.6273 -0.7260
vn -0.0548 0.4916 -0.8691
vn -0.3638 0.4017 -0.8404
vn -0.3765 0.2792 -0.8833
vn -0.4449 0.0860 -0.8914
vn -0.6266 0.0014 -0.7794
vn -0.6846 -0.1485 -0.7137
vn -0.7237 -0.2668 -0.6365
vn -0.7808 -0.4136 -0.4683
vn -0.8345 -0.3726 -0.4060
vn -0.7837 -0.5159 -0.3459
vn -0.7657 -0.5921 -0.2513
vn -0.7732 -0.6046 -0.1914
vn -0.7761 -0.6180 -0.1257
vn -0.6917 -0.7213 -0.0362
vn -0.7415 -0.6709 0.0114
vn -0.6788 -0.7342 0.0132
vn -0.5991 -0.7978 0.0678
vn -0.5888 -0.8073 0.0395
vn -0.6080 -0.7939 0.0109
vn -0.4165 -0.9054 0.0827
vn -0.4906 -0.8673 0.0844
vn -0.4938 -0.8648 0.0909
vn -0.2716 -0.9444 0.1851
vn -0.2643 -0.9474 0.1804
vn -0.2973 -0.9302 0.2150
vn 0.1986 -0.9201 0.3376
vn 0.0440 -0.9648 0.2593
vn 0.1017 -0.9788 0.1776
vn 0.2856 -0.9095 0.3020
vn 0.3240 -0.9261 0.1933
vn 0.3510 -0.9345 0.0593
vn 0.4639 -0.8606 0.2102
vn 0.5356 -0.8370 0.1123
vn 0.7387 -0.6730 0.0380
vn 0.7323 -0.6732 0.1021
vn 0.6340 -0.7531 0.1761
vn 0.6722 -0.7388 -0.0477
vn 0.9573 -0.2787 -0.0773
vn 0.9193 -0.3930 0.0190
vn 0.9023 -0.3918 -0.1799
vn 0.9745 0.0962 -0.2028
vn 0.9906 0.0107 -0.1361
vn 0.9512 -0.1374 -0.2764
vn 0.9238 0.2815 -0.2595
vn 0.9246 0.2973 -0.2383
vn 0.9309 0.3219 -0.1729
vn 0.8381 0.5007 -0.2165
vn 0.8561 0.4820 -0.1864
vn 0.8240 0.5210 -0.2227
vn 0.7260 0.6661 -0.1709
vn 0.6895 0.7027 -0.1753
vn 0.7294 0.6081 -0.3133
vn 0.4125 0.9058 -0.0965
vn 0.5144 0.8446 -0.1484
vn 0.4717 0.8719 -0.1312
vn 0.3156 0.9466 -0.0656
vn 0.3563 0.9310 -0.0788
vn 0.3640 0.9235 -0.1209
vn 0.1484 0.9880 0.0428
vn 0.1214 0.9926 0.0053
vn 0.0210 0.9997 -0.0080
vn -0.2494 0.9598 0.1286
vn -0.2403 0.9677 0.0764
vn -0.0735 0.9460 0.3158
vn -0.4535 0.8272 0.3318
vn -0.3899 0.7983 0.4589
vn -0.2982 0.8665 0.4004
vn -0.4900 0.6543 0.5760
vn -0.6248 0.5507 0.5534
vn -0.5373 0.4738 0.6977
vn -0.6938 0.2456 0.6770
vn -0.6121 0.2703 0.7432
vn -0.7839 0.3482 0.5140
vn -0.7107 0.2517 0.6569
vn -0.8070 0.0704 0.5864
vn -0.7025 0.0191 0.7114
vn -0.7735 -0.1855 0.6060
vn -0.6453 -0.0325 0.7632
vn -0.7060 -0.1651 0.6886
vn -0.5940 -0.5673 0.5704
vn -0.6183 -0.6147 0.4897
vn -0.6060 -0.4311 0.6685
vn -0.5016 -0.7732 0.3880
vn -0.4698 -0.8168 0.3350
vn -0.4440 -0.8113 0.3804
vn -0.3636 -0.9107 0.1960
vn -0.3794 -0.8848 0.2705
vn -0.3173 -0.9108 0.2640
vn -0.2547 -0.9669 0.0161
vn -0.2315 -0.9676 0.1012
vn -0.2187 -0.9682 0.1213
vn -0.0441 -0.9956 -0.0832
vn -0.1289 -0.9859 -0.1063
vn -0.2109 -0.9452 -0.2493
vn 0.0436 -0.9644 -0.2609
vn -0.2032 -0.9160 -0.3460
vn -0.1489 -0.9406 -0.3051
vn -0.0772 -0.9137 -0.3990
vn -0.1115 -0.8696 -0.4809
vn -0.0452 -0.8611 -0.5064
vn 0.0145 -0.7806 -0.6249
vn -0.0459 -0.7816 -0.6221
vn -0.0070 -0.7967 -0.6043
vn -0.0220 -0.6909 -0.7226
vn 0.0257 -0.6665 -0.7450
vn -0.0019 -0.6542 -0.7563
vn 0.0248 -0.4673 -0.8837
vn 0.0311 -0.4696 -0.8823
vn 0.0022 -0.3911 -0.9203
vn 0.0654 -0.1916 -0.9793
vn 0.1753 0.0900 -0.9804
vn 0.3266 0.1104 -0.9387
vn 0.2038 0.4732 -0.8570
vn 0.3579 0.5726 -0.7376
vn 0.5230 0.4856 -0.7005
vn 0.2885 0.8424 -0.4552
vn 0.4289 0.8251 -0.3677
vn 0.4626 0.8637 -0.2002
vn 0.3007 0.9519 -0.0583
vn 0.3570 0.9332 0.0415
vn 0.4415 0.8970 -0.0220
vn 0.2203 0.9168 0.3330
vn 0.3198 0.9098 0.2645
vn 0.3391 0.9286 0.1508
vn 0.1956 0.8719 0.4490
vn 0.2217 0.9049 0.3634
vn 0.2898 0.9264 0.2404
vn 0.1354 0.8792 0.4568
vn 0.1933 0.9378 0.2884
vn 0.0591 0.9589 0.2774
vn 0.1595 0.8548 0.4938
vn 0.1808 0.7151 0.6752
vn 0.3416 0.7010 0.6260
vn 0.3595 0.5353 0.7643
vn 0.4605 0.5432 0.7021
vn 0.5688 0.4524 0.6869
vn 0.5670 0.3198 0.7591
vn 0.5855 0.4163 0.6956
vn 0.4946 0.5002 0.7108
vn 0.5417 0.1954 0.8175
vn 0.5398 0.1238 0.8327
vn 0.7010 0.0072 0.7131
vn 0.6498 -0.2848 0.7047
vn 0.6827 -0.2324 0.6927
vn 0.7298 -0.0873 0.6781
vn 0.6004 -0.3651 0.7115
vn 0.6472 -0.4194 0.6366
vn 0.6687 -0.4289 0.6074
vn 0.3705 -0.8226 0.4312
vn 0.4902 -0.7969 0.3531
vn 0.5089 -0.7813 0.3614
vn 0.1828 -0.9718 0.1492
vn 0.2922 -0.9370 0.1911
vn 0.3164 -0.9359 0.1547
vn 0.0311 -0.9995 0.0066
vn -0.0231 -0.9994 0.0248
vn -0.0881 -0.9956 0.0314
vn -0.2255 -0.9684 -0.1067
vn -0.3001 -0.9509 -0.0758
vn -0.3105 -0.9457 -0.0967
vn -0.3774 -0.8894 -0.2579
vn -0.5084 -0.8503 -0.1366
vn -0.4916 -0.8524 -0.1783
vn -0.4944 -0.8163 -0.2987
vn -0.6168 -0.7661 -0.1807
vn -0.6315 -0.7517 -0.1899
vn -0.6399 -0.6853 -0.3477
vn -0.7564 -0.5734 -0.3149
vn -0.7747 -0.5233 -0.3551
vn -0.8148 -0.4121 -0.4077
vn -0.8189 -0.4736 -0.3242
vn -0.7875 -0.5607 -0.2560
vn -0.8932 -0.3269 -0.3089
vn -0.8813 -0.3049 -0.3611
vn -0.9328 -0.2546 -0.2552
vn -0.9101 0.1739 -0.3761
vn -0.9593 0.1122 -0.2592
vn -0.9982 -0.0087 -0.0585
vn -0.9179 0.3439 -0.1980
vn -0.9706 0.2333 -0.0585
vn -0.9573 0.2658 0.1133
vn -0.7983 0.6021 -0.0175
vn -0.7633 0.6420 0.0715
vn -0.7548 0.6455 0.1170
vn -0.4948 0.8583 0.1360
vn -0.4847 0.8747 -0.0037
vn -0.4165 0.8972 0.1470
vn -0.0670 0.9956 -0.0653
vn -0.0840 0.9961 -0.0258
vn -0.0948 0.9921 0.0827
vn 0.2309 0.9683 -0.0953
vn 0.1756 0.9752 0.1348
vn 0.1057 0.9848 0.1379
vn 0.3496 0.9338 0.0757
vn 0.3836 0.9222 0.0495
vn 0.3333 0.9410 0.0588
vn 0.4920 0.8704 0.0184
vn 0.5100 0.8550 0.0943
vn 0.4515 0.8899 0.0655
vn 0.6186 0.7796 0.0973
vn 0.6077 0.7895 0.0859
vn 0.5880 0.8084 -0.0278
vn 0.8732 0.4852 0.0458
vn 0.8521 0.5189 -0.0681
vn 0.8431 0.5144 -0.1568
vn 0.9751 0.2078 -0.0778
vn 0.9688 0.1355 -0.2075
vn 0.9346 0.2083 -0.2883
vn 0.9251 -0.3194 -0.2055
vn 0.8689 -0.3991 -0.2927
vn 0.8792 -0.2766 -0.3880
vn 0.6303 -0.7371 -0.2438
vn 0.5270 -0.8179 -0.2309
vn 0.5668 -0.7644 -0.3073
vn 0.1549 -0.9868 -0.0474
vn 0.1688 -0.9812 -0.0934
vn 0.1614 -0.9813 -0.1051
vn -0.1341 -0.9841 0.1166
vn -0.1069 -0.9883 0.1089
vn -0.0590 -0.9950 0.0811
vn -0.2276 -0.9458 0.2315
vn -0.1778 -0.9642 0.1966
vn -0.1011 -0.9715 0.2143
vn -0.2924 -0.9076 0.3013
vn -0.1847 -0.9214 0.3419
vn -0.1181 -0.9326 0.3410
vn -0.3923 -0.7924 0.4671
vn -0.3422 -0.7936 0.5031
vn -0.2386 -0.8049 0.5434
vn -0.5255 -0.6411 0.5593
vn -0.4159 -0.6115 0.6731
vn -0.3839 -0.6121 0.6913
vn -0.6094 -0.3996 0.6848
vn -0.5417 -0.3743 0.7526
vn -0.5148 -0.3686 0.7740
vn -0.6677 -0.1174 0.7351
vn -0.6246 -0.0698 0.7778
vn -0.5057 -0.0518 0.8612
vn -0.6760 0.2164 0.7044
vn -0.6017 0.2704 0.7516
vn -0.5688 0.2964 0.7672
vn -0.6101 0.5106 0.6059
vn -0.5801 0.5754 0.5765
vn -0.5721 0.5566 0.6024
vn -0.5183 0.7714 0.3692
vn -0.5129 0.7792 0.3601
vn -0.4817 0.7686 0.4211
vn -0.4099 0.8951 0.1753
vn -0.4288 0.8938 0.1311
vn -0.3911 0.9089 0.1450
vn -0.3785 0.9212 -0.0901
vn -0.2779 0.9588 -0.0584
vn -0.2041 0.9788 -0.0176
vn -0.1557 0.9493 -0.2730
vn -0.1058 0.9714 -0.2128
vn -0.1076 0.9765 -0.1868
vn 0.0218 0.9006 -0.4342
vn -0.0733 0.8874 -0.4552
vn -0.1598 0.8567 -0.4904
vn 0.0005 0.6264 -0.7795
vn -0.1452 0.6540 -0.7424
vn -0.2584 0.7086 -0.6566
vn -0.0699 0.3035 -0.9503
vn -0.2426 0.3574 -0.9019
vn -0.3930 0.3881 -0.8336
vn -0.2024 -0.1264 -0.9711
vn -0.3543 -0.0731 -0.9323
vn -0.3768 -0.1136 -0.9193
vn -0.2479 -0.5070 -0.8255
vn -0.2767 -0.4566 -0.8456
vn -0.2973 -0.4800 -0.8254
vn -0.1455 -0.7184 -0.6803
vn -0.1912 -0.7438 -0.6405
vn -0.1605 -0.7563 -0.6343
vn -0.0362 -0.8974 -0.4397
vn -0.0406 -0.8931 -0.4481
vn -0.0948 -0.8941 -0.4377
vn 0.0622 -0.9653 -0.2534
vn 0.0213 -0.9718 -0.2349
vn -0.0424 -0.9762 -0.2125
vn 0.1306 -0.9895 -0.0614
vn 0.0906 -0.9949 -0.0436
vn 0.0438 -0.9962 -0.0753
vn 0.2316 -0.9641 0.1298
vn 0.2194 -0.9688 0.1152
vn 0.2419 -0.9619 0.1272
vn 0.4112 -0.8527 0.3221
vn 0.4000 -0.8592 0.3191
vn 0.4716 -0.8502 0.2340
vn 0.5644 -0.6911 0.4515
vn 0.5915 -0.7364 0.3284
vn 0.6753 -0.7298 0.1066
vn 0.7585 -0.5066 0.4099
vn 0.8383 -0.5177 0.1708
vn 0.8513 -0.5138 0.1062
vn 0.9464 -0.1998 0.2537
vn 0.9702 -0.1788 0.1636
vn 0.9757 -0.1700 0.1378
vn 0.9680 0.1565 0.1960
vn 0.9805 0.1328 0.1451
vn 0.9738 0.1528 0.1682
vn 0.9264 0.3522 0.1332
vn 0.9010 0.3937 0.1823
vn 0.8745 0.4583 0.1587
vn 0.7444 0.6465 0.1670
vn 0.7375 0.6555 0.1625
vn 0.7383 0.6563 0.1553
vn 0.5865 0.7994 0.1305
vn 0.5506 0.8274 0.1107
vn 0.5686 0.8096 0.1459
vn 0.3806 0.9233 0.0511
vn 0.3380 0.9373 0.0854
vn 0.3853 0.9167 0.1059
vn 0.0781 0.9967 -0.0238
vn 0.0866 0.9951 0.0482
vn 0.1067 0.9935 0.0402
vn -0.1617 0.9864 -0.0299
vn -0.1417 0.9894 0.0328
vn -0.0805 0.9907 -0.1101
vn -0.4508 0.8902 -0.0654
vn -0.3781 0.9000 -0.2171
vn -0.4940 0.8672 -0.0631
vn -0.7579 0.6195 -0.2045
vn -0.7753 0.6314 -0.0185
vn -0.7540 0.6486 -0.1042
vn -0.9092 0.4089 -0.0782
vn -0.9039 0.4217 -0.0714
vn -0.9067 0.2206 -0.3595
vn -0.9979 0.0602 -0.0245
vn -0.9686 -0.0934 -0.2304
vn -0.9100 -0.2038 -0.3611
vn -0.9291 -0.3333 -0.1603
vn -0.8503 -0.4639 -0.2487
vn -0.7877 -0.5673 -0.2402
vn -0.7103 -0.6991 -0.0819
vn -0.6762 -0.7194 -0.1586
vn -0.6779 -0.7332 -0.0537
vn -0.5892 -0.8016 -0.1012
vn -0.5206 -0.8538 -0.0023
vn -0.5147 -0.8557 0.0538
vn -0.4029 -0.9151 0.0172
vn -0.3583 -0.9334 0.0189
vn -0.3441 -0.9338 0.0982
vn -0.2269 -0.9739 0.0050
vn -0.1933 -0.9809 0.0240
vn -0.1575 -0.9848 0.0739
vn -0.0376 -0.9984 -0.0416
vn -0.0275 -0.9992 -0.0277
vn -0.0350 -0.9993 -0.0157
vn 0.1623 -0.9737 -0.1597
vn 0.0939 -0.9786 -0.1830
vn 0.0687 -0.9725 -0.2225
vn 0.2461 -0.9018 -0.3552
vn 0.3329 -0.8356 -0.4370
vn 0.3657 -0.8180 -0.4441
vn 0.5783 -0.6506 -0.4923
vn 0.5192 -0.6290 -0.5786
vn 0.4141 -0.6555 -0.6316
vn 0.6447 -0.4519 -0.6165
vn 0.5620 -0.4011 -0.7234
vn 0.4026 -0.4247 -0.8109
vn 0.6420 -0.1580 -0.7503
vn 0.6079 -0.0610 -0.7916
vn 0.3425 -0.0781 -0.9363
vn 0.6030 0.0648 -0.7951
vn 0.5035 0.0761 -0.8606
vn 0.2722 0.0535 -0.9608
vn 0.5120 0.5013 -0.6975
vn 0.3334 0.4673 -0.8188
vn 0.4178 0.4832 -0.7694
vn 0.3483 0.6915 -0.6329
vn 0.3203 0.6767 -0.6630
vn 0.4704 0.6892 -0.5511
vn 0.3022 0.8501 -0.4313
vn 0.3377 0.8625 -0.3769
vn 0.3355 0.8574 -0.3902
vn 0.2302 0.9540 -0.1921
vn 0.2472 0.9453 -0.2126
vn 0.2605 0.9362 -0.2358
vn 0.1289 0.9913 0.0265
vn 0.1945 0.9803 -0.0349
vn 0.1979 0.9788 -0.0523
vn 0.0385 0.9674 0.2503
vn 0.1532 0.9662 0.2074
vn 0.1072 0.9822 0.1542
vn -0.0705 0.8086 0.5842
vn -0.0111 0.9110 0.4123
vn -0.0408 0.9048 0.4239
vn -0.1026 0.7092 0.6975
vn -0.1835 0.5808 0.7931
vn 0.2155 0.6939 0.6871
vn -0.2007 0.1486 0.9683
vn 0.1267 0.3971 0.9090
vn 0.3322 0.5102 0.7933
vn 0.0299 -0.0060 0.9995
vn 0.2734 -0.0749 0.9590
vn 0.4242 -0.0380 0.9048
vn 0.0520 -0.6230 0.7805
vn 0.1602 -0.6533 0.7399
vn 0.2417 -0.6381 0.7311
vn -0.0291 -0.8209 0.5704
vn 0.0334 -0.8442 0.5350
vn -0.0592 -0.8493 0.5246
vn -0.1363 -0.9247 0.3554
vn -0.1693 -0.8911 0.4211
vn -0.1911 -0.8848 0.4251
vn -0.2817 -0.9132 0.2945
vn -0.2783 -0.9147 0.2931
vn -0.3335 -0.9132 0.2340
vn -0.3836 -0.9113 0.1493
vn -0.4176 -0.9033 0.0984
vn -0.4303 -0.8959 0.1108
vn -0.4700 -0.8826 0.0053
vn -0.4911 -0.8706 -0.0302
vn -0.4884 -0.8718 -0.0369
vn -0.5258 -0.8401 -0.1334
vn -0.5420 -0.8291 -0.1370
vn -0.5806 -0.8098 -0.0839
vn -0.5934 -0.7394 -0.3182
vn -0.6615 -0.7243 -0.1946
vn -0.7075 -0.6985 -0.1073
vn -0.6895 -0.6443 -0.3309
vn -0.7568 -0.6175 -0.2146
vn -0.7975 -0.6004 -0.0600
vn -0.8324 -0.3015 -0.4651
vn -0.8976 -0.4073 -0.1687
vn -0.9530 -0.2694 -0.1387
vn -0.9725 -0.0268 -0.2314
vn -0.9827 -0.0710 -0.1711
vn -0.9679 0.0178 -0.2509
vn -0.8811 0.3973 -0.2565
vn -0.9139 0.3339 -0.2307
vn -0.9163 0.3623 -0.1709
vn -0.6079 0.7572 -0.2389
vn -0.7606 0.6184 -0.1979
vn -0.7660 0.6118 -0.1973
vn -0.4022 0.9005 -0.1654
vn -0.5072 0.8342 -0.2163
vn -0.4988 0.8533 -0.1520
vn -0.1287 0.9795 -0.1550
vn -0.2493 0.9653 -0.0776
vn -0.3468 0.9378 0.0177
vn 0.0545 0.9985 -0.0036
vn -0.0311 0.9981 0.0536
vn -0.0923 0.9942 0.0556
vn 0.2434 0.9633 0.1134
vn 0.2313 0.9706 0.0671
vn 0.1836 0.9807 -0.0670
vn 0.5301 0.8470 0.0404
vn 0.4571 0.8789 -0.1361
vn 0.3485 0.8856 -0.3070
vn 0.7475 0.6425 -0.1684
vn 0.5777 0.7042 -0.4127
vn 0.4235 0.7154 -0.5558
vn 0.7787 0.4096 -0.4753
vn 0.6069 0.4030 -0.6851
vn 0.4709 0.4005 -0.7861
vn 0.6325 -0.0098 -0.7745
vn 0.5404 0.0428 -0.8403
vn 0.5031 0.0459 -0.8630
vn 0.4567 -0.5450 -0.7031
vn 0.4852 -0.4691 -0.7379
vn 0.5036 -0.3594 -0.7856
vn 0.3781 -0.7840 -0.4923
vn 0.4007 -0.7466 -0.5311
vn 0.4814 -0.6687 -0.5667
vn 0.3036 -0.9017 -0.3077
vn 0.3688 -0.8777 -0.3061
vn 0.3526 -0.8605 -0.3677
vn 0.1890 -0.9753 -0.1141
vn 0.2402 -0.9672 -0.0831
vn 0.2032 -0.9594 -0.1958
vn 0.1211 -0.9850 0.1229
vn 0.1091 -0.9858 0.1280
vn 0.0647 -0.9895 0.1292
vn -0.0325 -0.9380 0.3450
vn 0.0354 -0.9243 0.3801
vn 0.1438 -0.9235 0.3555
vn 0.0213 -0.8387 0.5442
vn 0.1285 -0.8211 0.5561
vn 0.1666 -0.8062 0.5677
vn 0.0534 -0.6459 0.7615
vn 0.1142 -0.6183 0.7776
vn 0.1383 -0.6092 0.7808
vn 0.0681 -0.4171 0.9063
vn 0.1264 -0.3856 0.9140
vn 0.1441 -0.3800 0.9137
vn 0.0584 -0.1149 0.9917
vn 0.0930 -0.0977 0.9909
vn 0.1585 -0.0352 0.9867
vn 0.0198 0.2393 0.9707
vn 0.0885 0.2603 0.9615
vn 0.2000 0.3063 0.9307
vn 0.0236 0.5217 0.8528
vn 0.1258 0.5554 0.8220
vn 0.2654 0.5981 0.7562
vn 0.0459 0.7245 0.6878
vn 0.1610 0.7545 0.6363
vn 0.2711 0.7939 0.5443
vn 0.0397 0.8641 0.5017
vn 0.1100 0.9052 0.4104
vn 0.1814 0.9326 0.3121
vn -0.0741 0.9597 0.2712
vn -0.0177 0.9893 0.1448
vn 0.0187 0.9981 0.0592
vn -0.2498 0.9681 -0.0189
vn -0.1988 0.9680 -0.1532
vn -0.1833 0.9652 -0.1865
vn -0.4048 0.8533 -0.3286
vn -0.3794 0.8375 -0.3933
vn -0.4270 0.8331 -0.3515
vn -0.5509 0.6259 -0.5520
vn -0.6088 0.5997 -0.5193
vn -0.6973 0.6129 -0.3715
vn -0.7267 0.3145 -0.6108
vn -0.8165 0.3126 -0.4853
vn -0.8668 0.3592 -0.3460
vn -0.8531 0.0014 -0.5217
vn -0.9047 -0.0273 -0.4251
vn -0.9710 -0.0692 -0.2289
vn -0.7931 -0.4248 -0.4366
vn -0.7934 -0.5417 -0.2776
vn -0.7408 -0.6601 0.1250
vn -0.5651 -0.7614 -0.3178
vn -0.5088 -0.8589 -0.0582
vn -0.4755 -0.8521 0.2189
vn -0.3193 -0.9313 -0.1751
vn -0.3508 -0.9364 0.0102
vn -0.4214 -0.9014 0.0997
vn -0.2431 -0.9543 -0.1737
vn -0.3096 -0.9461 -0.0947
vn -0.3333 -0.9427 -0.0128
vn -0.1856 -0.9461 -0.2655
vn -0.1698 -0.9551 -0.2429
vn -0.1060 -0.9640 -0.2438
vn -0.0011 -0.8968 -0.4423
vn -0.0211 -0.8968 -0.4419
vn -0.0648 -0.8910 -0.4495
vn 0.0844 -0.7610 -0.6432
vn 0.0044 -0.7531 -0.6578
vn -0.0599 -0.7447 -0.6647
vn 0.1465 -0.4676 -0.8717
vn 0.0676 -0.4606 -0.8850
vn -0.1364 -0.5267 -0.8390
vn 0.0959 -0.2265 -0.9693
vn -0.0776 -0.2409 -0.9674
vn -0.2385 -0.1193 -0.9638
vn 0.0786 0.1485 -0.9858
vn -0.0717 0.1740 -0.9821
vn -0.4974 0.1476 -0.8548
vn 0.0517 0.4282 -0.9022
vn -0.4193 0.4230 -0.8033
vn -0.6068 0.4837 -0.6307
vn -0.1656 0.6714 -0.7223
vn -0.3532 0.7299 -0.5852
vn -0.5003 0.7249 -0.4735
vn -0.2163 0.8231 -0.5251
vn -0.4174 0.8078 -0.4163
vn -0.4683 0.7940 -0.3877
vn -0.1200 0.9567 -0.2652
vn -0.1700 0.9649 -0.2002
vn -0.0387 0.9672 -0.2511
vn 0.1736 0.9848 -0.0104
vn 0.1868 0.9811 -0.0514
vn 0.1929 0.9765 -0.0962
vn 0.3671 0.9270 0.0763
vn 0.4552 0.8897 0.0352
vn 0.6274 0.7545 0.1927
vn 0.7159 0.6832 0.1443
vn 0.7991 0.5500 0.2426
vn 0.8506 0.4995 0.1642
vn 0.9455 0.3034 0.1186
vn 0.9792 0.1679 0.1138
vn 0.5479 0.8020 0.2378
vn 0.3661 0.9231 0.1179
vn 0.3084 0.9454 0.1049
vn 0.1458 0.9887 -0.0354
vn 0.1429 0.9880 -0.0594
vn -0.0923 0.9502 -0.2975
vn 0.0170 0.9510 -0.3087
vn -0.0554 0.8706 -0.4889
vn 0.1518 0.8547 -0.4964
vn 0.0688 0.6643 -0.7443
vn 0.1605 0.6538 -0.7395
vn 0.1212 0.4944 -0.8607
vn 0.1540 0.4835 -0.8617
vn 0.0973 0.1663 -0.9813
vn 0.3029 0.0970 -0.9481
vn 0.2247 -0.1828 -0.9571
vn 0.3833 -0.2227 -0.8964
vn 0.2487 -0.5070 -0.8253
vn 0.3575 -0.5379 -0.7635
vn 0.1235 -0.8007 -0.5862
vn 0.2133 -0.8003 -0.5604
vn 0.0201 -0.8986 -0.4383
vn 0.0629 -0.9085 -0.4132
vn -0.1381 -0.9459 -0.2937
vn -0.1156 -0.9509 -0.2869
vn -0.2185 -0.9459 -0.2397
vn -0.2430 -0.9210 -0.3045
vn -0.3903 -0.8657 -0.3134
vn -0.4714 -0.8001 -0.3710
vn -0.6104 -0.6773 -0.4107
vn -0.6571 -0.6159 -0.4346
vn -0.7920 -0.3474 -0.5020
vn -0.7488 -0.2680 -0.6062
vn -0.7702 0.0149 -0.6376
vn -0.7384 0.0538 -0.6722
vn -0.6801 0.3429 -0.6480
vn -0.7383 0.4137 -0.5327
vn -0.5936 0.6596 -0.4611
vn -0.6581 0.6979 -0.2828
vn -0.4699 0.8666 -0.1681
vn -0.4674 0.8826 -0.0500
vn -0.2741 0.9542 0.1201
vn -0.2423 0.9539 0.1772
vn -0.0974 0.9295 0.3556
vn -0.0878 0.9138 0.3964
vn -0.0191 0.8329 0.5531
vn -0.0424 0.8308 0.5550
vn -0.0215 0.7010 0.7129
vn -0.0722 0.6938 0.7166
vn -0.0403 0.4915 0.8699
vn -0.0711 0.4702 0.8797
vn -0.0169 0.2081 0.9780
vn -0.0621 0.1556 0.9859
vn 0.0088 -0.1589 0.9872
vn -0.0901 -0.1848 0.9786
vn -0.0180 -0.4433 0.8962
vn -0.1553 -0.5001 0.8519
vn -0.0541 -0.6939 0.7180
vn -0.1982 -0.7190 0.6661
vn -0.1130 -0.8418 0.5279
vn -0.2003 -0.8564 0.4758
vn -0.0226 -0.9600 0.2790
vn -0.0758 -0.9579 0.2769
vn 0.0413 -0.9950 0.0908
vn 0.0409 -0.9921 0.1186
vn 0.2100 -0.9720 -0.1052
vn 0.1281 -0.9915 -0.0209
vn 0.2503 -0.9217 -0.2964
vn 0.2611 -0.9071 -0.3301
vn 0.3382 -0.8142 -0.4718
vn 0.3076 -0.8563 -0.4150
vn 0.5340 -0.4906 -0.6886
vn 0.7117 -0.5129 -0.4800
vn 0.8334 -0.0032 -0.5526
vn 0.9687 -0.0079 -0.2482
vn 0.9128 0.3332 -0.2362
vn 0.9425 0.3337 -0.0198
vn 0.7634 0.6458 0.0111
vn 0.7722 0.6123 0.1698
vn 0.5221 0.8398 0.1490
vn 0.5003 0.8590 0.1085
vn 0.2788 0.9581 0.0659
vn 0.3155 0.9482 -0.0377
vn 0.0789 0.9928 -0.0903
vn 0.1326 0.9790 -0.1550
vn -0.1301 0.9760 -0.1746
vn -0.0622 0.9740 -0.2177
vn -0.3830 0.8969 -0.2210
vn -0.3664 0.8734 -0.3208
vn -0.6028 0.7394 -0.2999
vn -0.6272 0.6881 -0.3648
vn -0.8821 0.3967 -0.2538
vn -0.7050 0.3516 -0.6159
vn -0.8379 0.1186 -0.5328
vn -0.6288 0.0738 -0.7741
vn -0.7834 -0.3205 -0.5324
vn -0.7139 -0.4447 -0.5410
vn -0.6855 -0.5932 -0.4222
vn -0.6658 -0.6374 -0.3878
vn -0.6508 -0.7043 -0.2836
vn -0.6143 -0.7542 -0.2322
vn -0.5428 -0.8350 -0.0896
vn -0.5277 -0.8448 -0.0882
vn -0.4481 -0.8931 0.0392
vn -0.4248 -0.9041 0.0461
vn -0.3730 -0.9165 0.1445
vn -0.3243 -0.9325 0.1587
vn -0.2511 -0.9368 0.2436
vn -0.2578 -0.9355 0.2417
vn -0.1283 -0.8964 0.4244
vn -0.1968 -0.8866 0.4185
vn -0.0945 -0.8245 0.5579
vn -0.1834 -0.8254 0.5339
vn -0.0393 -0.5614 0.8266
vn -0.2454 -0.4432 0.8622
vn -0.2806 -0.1674 0.9451
vn -0.2787 -0.1621 0.9466
vn -0.2486 0.1614 0.9551
vn -0.2294 0.2596 0.9381
vn -0.1475 0.7166 0.6817
vn -0.1247 0.6823 0.7204
vn -0.0357 0.8042 0.5933
vn -0.1425 0.8200 0.5543
vn 0.0516 0.9794 0.1952
vn 0.0244 0.9731 0.2292
vn 0.1480 0.9887 -0.0238
vn 0.1459 0.9890 -0.0246
vn 0.2329 0.9510 -0.2034
vn 0.2358 0.9504 -0.2027
vn 0.3650 0.7793 -0.5093
vn 0.3680 0.7719 -0.5184
vn 0.4257 0.6676 -0.6108
vn 0.4784 0.7100 -0.5167
vn 0.5079 0.5898 -0.6278
vn 0.6340 0.5691 -0.5236
vn 0.6652 0.2680 -0.6969
vn 0.7409 0.3227 -0.5890
vn 0.7729 -0.0682 -0.6308
vn 0.8262 0.0046 -0.5633
vn 0.7368 -0.4273 -0.5239
vn 0.6893 -0.4068 -0.5995
vn 0.5008 -0.7299 -0.4652
vn 0.5640 -0.6980 -0.4413
vn 0.3397 -0.9020 -0.2666
vn 0.3758 -0.8977 -0.2299
vn 0.1576 -0.9792 -0.1276
vn 0.1855 -0.9801 -0.0701
vn -0.0539 -0.9983 -0.0244
vn -0.0427 -0.9987 -0.0266
vn -0.2658 -0.9639 0.0145
vn -0.3034 -0.9528 0.0045
vn -0.4749 -0.8800 -0.0114
vn -0.5127 -0.8585 -0.0118
vn -0.6263 -0.7776 -0.0551
vn -0.6692 -0.7382 0.0855
vn -0.7824 -0.6222 -0.0274
vn -0.8401 -0.5424 0.0014
vn -0.9596 -0.2806 -0.0229
vn -0.9564 -0.2920 -0.0085
vn -0.9940 0.0957 -0.0522
vn -0.9890 0.0460 -0.1404
vn -0.9209 0.3645 -0.1378
vn -0.8958 0.4041 -0.1850
vn -0.7075 0.6844 -0.1758
vn -0.7284 0.6741 -0.1227
vn -0.5204 0.8490 -0.0910
vn -0.4791 0.8502 -0.2182
vn -0.1459 0.9843 -0.0992
vn -0.2253 0.9741 -0.0209
vn 0.1181 0.9925 0.0324
vn 0.1471 0.9885 0.0346
vn 0.3836 0.9196 0.0853
vn 0.3618 0.9295 0.0720
vn 0.5551 0.8202 0.1383
vn 0.5575 0.8210 0.1231
vn 0.7634 0.6292 0.1462
vn 0.7439 0.6390 0.1956
vn 0.8883 0.4129 0.2010
vn 0.8348 0.4256 0.3492
vn 0.9424 0.1151 0.3141
vn 0.8445 0.1562 0.5123
vn 0.8604 -0.2051 0.4665
vn 0.7436 -0.2177 0.6322
vn 0.6979 -0.4752 0.5358
vn 0.6063 -0.4863 0.6292
vn 0.5467 -0.6885 0.4766
vn 0.4204 -0.7174 0.5555
vn 0.3750 -0.8576 0.3520
vn 0.3370 -0.8707 0.3583
vn 0.2382 -0.9632 0.1245
vn 0.2083 -0.9711 0.1165
vn 0.1358 -0.9871 -0.0844
vn 0.1246 -0.9854 -0.1157
vn 0.0597 -0.9586 -0.2783
vn 0.0467 -0.9575 -0.2845
vn -0.0337 -0.8868 -0.4609
vn -0.0360 -0.8893 -0.4560
vn -0.1408 -0.7393 -0.6585
vn -0.1423 -0.6756 -0.7234
vn -0.1818 -0.4385 -0.8802
vn -0.0082 -0.3568 -0.9341
vn -0.0319 -0.0809 -0.9962
vn 0.1106 -0.0450 -0.9928
vn 0.0646 0.2983 -0.9523
vn 0.1640 0.3723 -0.9135
vn 0.1281 0.6494 -0.7496
vn 0.0152 0.7270 -0.6865
vn -0.0730 0.9037 -0.4219
vn -0.2497 0.8663 -0.4327
vn -0.3183 0.9047 -0.2831
vn -0.2956 0.9291 -0.2221
vn -0.3564 0.9343 0.0079
vn -0.3559 0.9313 0.0778
vn -0.3992 0.9037 0.1549
vn -0.4614 0.8786 0.1230
vn -0.5536 0.7481 0.3659
vn -0.6208 0.6983 0.3563
vn -0.6738 0.4905 0.5526
vn -0.7495 0.4410 0.4937
vn -0.7452 0.1548 0.6487
vn -0.8171 0.1266 0.5624
vn -0.7456 -0.1359 0.6524
vn -0.8312 -0.1767 0.5271
vn -0.6753 -0.4603 0.5762
vn -0.7261 -0.4559 0.5148
vn -0.5459 -0.6696 0.5036
vn -0.5988 -0.6776 0.4270
vn -0.4551 -0.8052 0.3802
vn -0.4677 -0.8098 0.3543
vn -0.3390 -0.8895 0.3063
vn -0.3381 -0.8900 0.3059
vn -0.2762 -0.9320 0.2347
vn -0.2911 -0.9390 0.1829
vn -0.0963 -0.9910 0.0928
vn -0.0513 -0.9908 0.1251
vn 0.2603 -0.9653 -0.0226
vn 0.3312 -0.9428 0.0385
vn 0.6683 -0.7392 -0.0832
vn 0.7189 -0.6950 -0.0152
vn 0.9574 -0.2695 -0.1037
vn 0.9799 -0.1874 0.0685
vn 0.9966 0.0647 0.0506
vn 0.9920 0.1057 0.0685
vn 0.8580 0.5108 0.0547
vn 0.8471 0.5303 0.0347
vn 0.5998 0.8001 0.0086
vn 0.7118 0.6997 0.0605
vn 0.4593 0.8883 -0.0000
vn 0.4890 0.8709 -0.0481
vn 0.2978 0.9538 -0.0395
vn 0.3521 0.9359 -0.0045
vn 0.3558 0.9338 -0.0377
vn 0.3526 0.9358 -0.0006
vn -0.0420 0.9907 0.1297
vn -0.1425 0.9814 0.1288
vn -0.4704 0.8788 0.0805
vn -0.3113 0.9341 -0.1750
vn -0.6936 0.6876 -0.2147
vn -0.6048 0.7313 -0.3153
vn -0.7630 0.5218 -0.3815
vn -0.7503 0.4638 -0.4711
vn -0.8627 0.1536 -0.4817
vn -0.8892 -0.0120 -0.4574
vn -0.8443 -0.3302 -0.4220
vn -0.7896 -0.3245 -0.5208
vn -0.7868 -0.3369 -0.5172
vn -0.7999 -0.3143 -0.5113
vn -0.5882 -0.6769 -0.4425
vn -0.6581 -0.6580 -0.3659
vn -0.4406 -0.8244 -0.3552
vn -0.5185 -0.8180 -0.2490
vn -0.3683 -0.9001 -0.2329
vn -0.3812 -0.9067 -0.1804
vn -0.2776 -0.9551 -0.1033
vn -0.2713 -0.9490 -0.1609
vn -0.0666 -0.9976 -0.0177
vn -0.1063 -0.9943 -0.0094
vn 0.1780 -0.9540 0.2414
vn 0.0922 -0.9725 0.2140
vn 0.4253 -0.7597 0.4920
vn 0.3178 -0.7973 0.5132
vn 0.6146 -0.4104 0.6737
vn 0.5204 -0.5081 0.6863
vn 0.5457 -0.1786 0.8187
vn 0.5303 -0.2526 0.8093
vn 0.6131 0.3053 0.7286
vn 0.4240 0.1523 0.8928
vn 0.3981 0.2642 0.8785
vn 0.1326 0.1254 0.9832
vn 0.1473 0.4355 0.8881
vn -0.1025 0.3694 0.9236
vn -0.0289 0.7938 0.6075
vn -0.0718 0.7252 0.6848
vn 0.0096 0.7806 0.6249
vn 0.0284 0.6845 0.7285
vn 0.1648 0.8259 0.5392
vn 0.0384 0.8236 0.5659
vn 0.1969 0.9499 0.2429
vn 0.0085 0.9388 0.3444
vn 0.1692 0.9856 0.0003
vn 0.0747 0.9885 -0.1312
vn 0.1725 0.8707 -0.4606
vn 0.0317 0.8575 -0.5136
vn 0.1124 0.4093 -0.9054
vn 0.0276 0.3527 -0.9353
vn 0.0485 -0.0673 -0.9966
vn -0.0376 -0.1926 -0.9806
vn 0.0645 -0.4657 -0.8826
vn 0.0054 -0.3978 -0.9175
vn -0.0044 -0.7112 -0.7030
vn 0.1766 -0.5509 -0.8157
vn -0.0078 -0.7994 -0.6007
vn 0.0761 -0.6827 -0.7268
vn 0.0874 -0.9295 -0.3583
vn 0.0626 -0.8568 -0.5118
vn 0.1481 -0.9358 -0.3198
vn -0.1070 -0.9276 -0.3581
vn -0.2152 -0.9683 -0.1269
vn -0.1705 -0.9787 -0.1141
vn -0.2467 -0.9690 0.0088
vn -0.2435 -0.9688 0.0455
vn -0.3803 -0.8961 0.2287
vn -0.4149 -0.8669 0.2763
vn -0.5684 -0.6669 0.4818
vn -0.5403 -0.7186 0.4378
vn -0.6366 -0.5569 0.5334
vn -0.7412 -0.3749 0.5568
vn -0.7684 -0.2881 0.5715
vn -0.7139 -0.0696 0.6968
vn -0.7068 0.1236 0.6966
vn -0.7035 0.1475 0.6952
vn -0.7089 0.2561 0.6572
vn -0.5203 0.5117 0.6837
vn -0.5270 0.7036 0.4766
vn -0.4074 0.8566 0.3167
vn -0.4396 0.8764 0.1966
vn -0.4030 0.8360 0.3725
vn -0.1674 0.9499 0.2640
vn -0.1439 0.9879 0.0579
vn 0.1729 0.9836 -0.0506
vn 0.0451 0.9909 -0.1271
vn 0.3164 0.9429 -0.1040
vn 0.2553 0.9637 -0.0783
vn 0.5700 0.8106 -0.1344
vn 0.5590 0.8214 -0.1136
vn 0.7001 0.6988 -0.1469
vn 0.7598 0.6375 -0.1276
vn 0.8453 0.5100 -0.1591
vn 0.8859 0.4485 -0.1186
vn 0.9318 0.3232 -0.1650
vn 0.9347 0.3553 0.0007
vn 0.9861 0.1549 -0.0600
vn 1.0000 -0.0030 -0.0057
vn 0.9810 -0.1922 -0.0256
vn 0.9475 -0.3171 -0.0410
vn 0.8227 -0.5679 0.0259
vn 0.8889 -0.4192 0.1844
vn 0.5918 -0.7554 0.2813
vn 0.5141 -0.7461 0.4231
vn 0.3087 -0.8842 0.3506
vn 0.2806 -0.8284 0.4847
vn 0.0306 -0.9632 0.2670
vn -0.0248 -0.9513 0.3073
vn -0.2304 -0.9584 0.1684
vn -0.2554 -0.9575 0.1343
vn -0.4672 -0.8770 0.1118
vn -0.4628 -0.8753 0.1402
vn -0.5814 -0.8105 0.0712
vn -0.6123 -0.7895 0.0424
vn -0.7573 -0.6399 -0.1301
vn -0.6880 -0.7026 -0.1820
vn -0.7460 -0.6006 -0.2876
vn -0.7450 -0.5603 -0.3620
vn -0.7341 -0.3534 -0.5799
vn -0.5689 -0.3973 -0.7200
vn -0.5187 -0.0692 -0.8522
vn -0.4683 -0.0840 -0.8796
vn -0.3771 0.4390 -0.8155
vn -0.3234 0.4564 -0.8289
vn -0.2109 0.6160 -0.7590
vn -0.4065 0.7173 -0.5660
vn -0.2988 0.8591 -0.4156
vn -0.1937 0.9334 -0.3021
vn -0.0392 0.9913 -0.1258
vn -0.1301 0.9910 -0.0323
vn -0.0613 0.9853 0.1596
vn -0.2102 0.9630 0.1685
vn -0.1596 0.9225 0.3513
vn -0.0204 0.9279 0.3722
vn 0.0191 0.8550 0.5183
vn -0.0109 0.8345 0.5509
vn 0.0699 0.7216 0.6888
vn 0.0527 0.6901 0.7218
vn 0.0511 0.4767 0.8776
vn -0.0891 0.5783 0.8109
vn 0.0227 0.2316 0.9725
vn -0.0538 0.1538 0.9866
vn 0.0289 -0.1051 0.9940
vn -0.0620 -0.1286 0.9898
vn 0.0566 -0.4437 0.8944
vn -0.0218 -0.4389 0.8983
vn 0.1211 -0.7603 0.6382
vn 0.0450 -0.7350 0.6765
vn 0.1653 -0.8907 0.4235
vn 0.1686 -0.8855 0.4330
vn 0.2497 -0.9489 0.1930
vn 0.2859 -0.9466 0.1491
vn 0.4377 -0.8872 -0.1459
vn 0.3532 -0.9057 -0.2342
vn 0.4114 -0.8345 -0.3665
vn 0.4199 -0.8361 -0.3530
vn 0.4772 -0.6835 -0.5524
vn 0.5654 -0.6277 -0.5351
vn 0.5538 -0.4328 -0.7113
vn 0.6305 -0.4374 -0.6412
vn 0.6133 -0.2268 -0.7566
vn 0.7477 -0.2410 -0.6187
vn 0.7131 0.0165 -0.7009
vn 0.8502 0.0441 -0.5246
vn 0.7304 0.4069 -0.5486
vn 0.7635 0.5329 -0.3648
vn 0.4204 0.8502 -0.3170
vn 0.4341 0.8722 -0.2253
vn 0.1269 0.9694 -0.2103
vn 0.1625 0.9673 -0.1949
vn -0.1310 0.9554 -0.2647
vn -0.1616 0.9056 -0.3922
vn -0.5826 0.7376 -0.3414
vn -0.5936 0.7069 -0.3846
vn -0.7519 0.5489 -0.3653
vn -0.7078 0.5822 -0.4001
vn -0.9054 0.3290 -0.2685
vn -0.9319 0.3620 0.0232
vn -0.9920 -0.0454 0.1177
vn -0.9018 -0.2470 0.3546
vn -0.7246 -0.4362 0.5335
s 1
f 5//5 6//6 7//7 8//8
f 1//1 9//9 10//10 11//11
f 1//1 11//11 12//12 13//13
f 1//1 13//13 14//14 9//9
f 15//15 16//16 17//17 18//18
f 2//2 19//19 20//20 21//21
f 2//2 22//22 23//23 19//19
f 2//2 21//21 24//24 22//22
f 25//25 26//26 27//27 28//28
f 3//3 29//29 30//30 31//31
f 3//3 32//32 33//33 29//29
f 3//3 31//31 34//34 32//32
f 4//4 35//35 36//36 37//37
f 4//4 37//37 38//38 39//39
f 4//4 39//39 40//40 35//35
f 41//41 42//42 43//43 44//44
f 44//44 45//45 46//46 41//41
f 44//44 43//43 47//47 48//48
f 44//44 48//48 49//49 45//45
f 49//49 50//50 51//51 45//45
f 49//49 48//48 52//52 53//53
f 49//49 53//53 54//54 50//50
f 54//54 55//55 56//56 50//50
f 54//54 53//53 57//57 58//58
f 54//54 58//58 59//59 55//55
f 59//59 60//60 61//61 55//55
f 59//59 58//58 62//62 63//63
f 59//59 63//63 64//64 60//60
f 64//64 65//65 66//66 60//60
f 64//64 63//63 67//67 68//68
f 64//64 68//68 69//69 65//65
f 69//69 70//70 71//71 65//65
f 69//69 68//68 72//72 73//73
f 69//69 73//73 74//74 70//70
f 74//74 75//75 76//76 70//70
f 74//74 73//73 77//77 78//78
f 74//74 78//78 79//79 75//75
f 79//79 80//80 81//81 75//75
f 79//79 78//78 82//82 83//83
f 79//79 83//83 84//84 80//80
f 84//84 85//85 86//86 80//80
f 84//84 83//83 87//87 88//88
f 84//84 88//88 89//89 85//85
f 89//89 90//90 91//91 85//85
f 89//89 88//88 92//92 93//93
f 89//89 93//93 94//94 90//90
f 94//94 95//95 96//96 90//90
f 94//94 93//93 97//97 98//98
f 94//94 98//98 99//99 95//95
f 99//99 100//100 101//101 95//95
f 99//99 98//98 102//102 103//103
f 99//99 103//103 104//104 100//100
f 104//104 105//105 106//106 100//100
f 104//104 103//103 107//107 108//108
f 104//104 108//108 109//109 105//105
f 109//109 110//110 111//111 105//105
f 109//109 108//108 112//112 113//113
f 109//109 113//113 114//114 110//110
f 114//114 115//115 116//116 110//110
f 114//114 113//113 117//117 118//118
f 114//114 118//118 119//119 115//115
f 119//119 120//120 121//121 115//115
f 119//119 118//118 122//122 123//123
f 119//119 123//123 124//124 120//120
f 124//124 125//125 126//126 120//120
f 124//124 123//123 127//127 128//128
f 124//124 128//128 129//129 125//125
f 129//129 130//130 131//131 125//125
f 129//129 128//128 132//132 133//133
f 129//129 133//133 134//134 130//130
f 134//134 135//135 136//136 130//130
f 134//134 133//133 137//137 138//138
f 134//134 138//138 139//139 135//135
f 139//139 140//140 141//141 135//135
f 139//139 138//138 142//142 143//143
f 139//139 143//143 144//144 140//140
f 144//144 145//145 146//146 140//140
f 144//144 143//143 147//147 148//148
f 144//144 148//148 149//149 145//145
f 149//149 150//150 151//151 145//145
f 149//149 148//148 152//152 153//153
f 149//149 153//153 154//154 150//150
f 154//154 155//155 156//156 150//150
f 154//154 153//153 157//157 158//158
f 154//154 158//158 159//159 155//155
f 159//159 160//160 161//161 155//155
f 159//159 158//158 162//162 163//163
f 159//159 163//163 164//164 160//160
f 164//164 165//165 166//166 160//160
f 164//164 163//163 167//167 168//168
f 164//164 168//168 169//169 165//165
f 169//169 170//170 171//171 165//165
f 169//169 168//168 172//172 173//173
f 169//169 173//173 174//174 170//170
f 174//174 175//175 176//176 170//170
f 174//174 173//173 177//177 178//178
f 174//174 178//178 179//179 175//175
f 179//179 180//180 181//181 175//175
f 179//179 178//178 182//182 183//183
f 179//179 183//183 184//184 180//180
f 184//184 185//185 186//186 180//180
f 184//184 183//183 187//187 188//188
f 184//184 188//188 189//189 185//185
f 189//189 190//190 191//191 185//185
f 189//189 188//188 192//192 193//193
f 189//189 193//193 194//194 190//190
f 194//194 195//195 196//196 190//190
f 194//194 193//193 197//197 198//198
f 194//194 198//198 199//199 195//195
f 199//199 200//200 201//201 195//195
f 199//199 198//198 202//202 203//203
f 199//199 203//203 204//204 200//200
f 204//204 205//205 206//206 200//200
f 204//204 203//203 207//207 208//208
f 204//204 208//208 209//209 205//205
f 209//209 210//210 211//211 205//205
f 209//209 208//208 212//212 213//213
f 209//209 213//213 214//214 210//210
f 214//214 215//215 216//216 210//210
f 214//214 213//213 217//217 218//218
f 214//214 218//218 219//219 215//215
f 219//219 220//220 221//221 215//215
f 219//219 218//218 222//222 223//223
f 219//219 223//223 224//224 220//220
f 224//224 225//225 226//226 220//220
f 224//224 223//223 227//227 228//228
f 224//224 228//228 229//229 225//225
f 229//229 230//230 231//231 225//225
f 229//229 228//228 232//232 233//233
f 229//229 233//233 234//234 230//230
f 234//234 235//235 236//236 230//230
f 234//234 233//233 237//237 238//238
f 234//234 238//238 239//239 235//235
f 239//239 240//240 241//241 235//235
f 239//239 238//238 242//242 243//243
f 239//239 243//243 244//244 240//240
f 244//244 245//245 246//246 240//240
f 244//244 243//243 247//247 248//248
f 244//244 248//248 249//249 245//245
f 249//249 250//250 251//251 245//245
f 249//249 248//248 252//252 253//253
f 249//249 253//253 254//254 250//250
f 254//254 255//255 256//256 250//250
f 254//254 253//253 257//257 258//258
f 254//254 258//258 259//259 255//255
f 259//259 260//260 261//261 255//255
f 259//259 258//258 262//262 263//263
f 259//259 263//263 264//264 260//260
f 264//264 265//265 266//266 260//260
f 264//264 263//263 267//267 268//268
f 264//264 268//268 269//269 265//265
f 269//269 270//270 271//271 265//265
f 269//269 268//268 272//272 273//273
f 269//269 273//273 274//274 270//270
f 274//274 275//275 276//276 270//270
f 274//274 273//273 277//277 278//278
f 274//274 278//278 279//279 275//275
f 279//279 280//280 281//281 275//275
f 279//279 278//278 282//282 283//283
f 279//279 283//283 284//284 280//280
f 284//284 285//285 286//286 280//280
f 284//284 283//283 287//287 288//288
f 284//284 288//288 289//289 285//285
f 289//289 290//290 291//291 285//285
f 289//289 288//288 292//292 293//293
f 289//289 293//293 294//294 290//290
f 294//294 295//295 296//296 290//290
f 294//294 293//293 297//297 298//298
f 294//294 298//298 299//299 295//295
f 299//299 300//300 301//301 295//295
f 299//299 298//298 302//302 303//303
f 299//299 303//303 304//304 300//300
f 304//304 305//305 306//306 300//300
f 304//304 303//303 307//307 308//308
f 304//304 308//308 309//309 305//305
f 309//309 310//310 311//311 305//305
f 309//309 308//308 312//312 313//313
f 309//309 313//313 314//314 310//310
f 314//314 315//315 316//316 310//310
f 314//314 313//313 317//317 318//318
f 314//314 318//318 319//319 315//315
f 319//319 320//320 321//321 315//315
f 319//319 318//318 322//322 323//323
f 319//319 323//323 324//324 320//320
f 324//324 325//325 326//326 320//320
f 324//324 323//323 327//327 328//328
f 324//324 328//328 329//329 325//325
f 329//329 330//330 331//331 325//325
f 329//329 328//328 332//332 333//333
f 329//329 333//333 334//334 330//330
f 334//334 335//335 336//336 330//330
f 334//334 333//333 337//337 338//338
f 334//334 338//338 339//339 335//335
f 339//339 340//340 341//341 335//335
f 339//339 338//338 342//342 343//343
f 339//339 343//343 344//344 340//340
f 344//344 345//345 346//346 340//340
f 344//344 343//343 347//347 348//348
f 344//344 348//348 349//349 345//345
f 349//349 350//350 351//351 345//345
f 349//349 348//348 352//352 353//353
f 349//349 353//353 354//354 350//350
f 354//354 355//355 356//356 350//350
f 354//354 353//353 357//357 358//358
f 354//354 358//358 359//359 355//355
f 359//359 360//360 361//361 355//355
f 359//359 358//358 362//362 363//363
f 359//359 363//363 364//364 360//360
f 364//364 365//365 366//366 360//360
f 364//364 363//363 367//367 368//368
f 364//364 368//368 369//369 365//365
f 369//369 370//370 371//371 365//365
f 369//369 368//368 372//372 373//373
f 369//369 373//373 374//374 370//370
f 374//374 375//375 376//376 370//370
f 374//374 373//373 377//377 378//378
f 374//374 378//378 379//379 375//375
f 379//379 380//380 381//381 375//375
f 379//379 378//378 382//382 383//383
f 379//379 383//383 384//384 380//380
f 384//384 385//385 386//386 380//380
f 384//384 383//383 387//387 388//388
f 384//384 388//388 389//389 385//385
f 389//389 390//390 391//391 385//385
f 389//389 388//388 392//392 393//393
f 389//389 393//393 394//394 390//390
f 394//394 395//395 396//396 390//390
f 394//394 393//393 397//397 398//398
f 394//394 398//398 399//399 395//395
f 399//399 400//400 401//401 395//395
f 399//399 398//398 402//402 403//403
f 399//399 403//403 404//404 400//400
f 404//404 405//405 406//406 400//400
f 404//404 403//403 407//407 408//408
f 404//404 408//408 409//409 405//405
f 409//409 410//410 411//411 405//405
f 409//409 408//408 412//412 413//413
f 409//409 413//413 414//414 410//410
f 414//414 415//415 416//416 410//410
f 414//414 413//413 417//417 418//418
f 414//414 418//418 419//419 415//415
f 419//419 420//420 421//421 415//415
f 419//419 418//418 422//422 423//423
f 419//419 423//423 424//424 420//420
f 424//424 425//425 426//426 420//420
f 424//424 423//423 427//427 428//428
f 424//424 428//428 429//429 425//425
f 429//429 430//430 431//431 425//425
f 429//429 428//428 432//432 433//433
f 429//429 433//433 434//434 430//430
f 434//434 435//435 436//436 430//430
f 434//434 433//433 437//437 438//438
f 434//434 438//438 439//439 435//435
f 439//439 440//440 441//441 435//435
f 439//439 438//438 442//442 443//443
f 439//439 443//443 444//444 440//440
f 444//444 445//445 446//446 440//440
f 444//444 443//443 447//447 448//448
f 444//444 448//448 449//449 445//445
f 449//449 450//450 451//451 445//445
f 449//449 448//448 452//452 453//453
f 449//449 453//453 454//454 450//450
f 454//454 455//455 456//456 450//450
f 454//454 453//453 457//457 458//458
f 454//454 458//458 459//459 455//455
f 459//459 460//460 461//461 455//455
f 459//459 458//458 462//462 463//463
f 459//459 463//463 464//464 460//460
f 464//464 465//465 466//466 460//460
f 464//464 463//463 467//467 468//468
f 464//464 468//468 469//469 465//465
f 469//469 470//470 471//471 465//465
f 469//469 468//468 472//472 473//473
f 469//469 473//473 474//474 470//470
f 474//474 475//475 476//476 470//470
f 474//474 473//473 477//477 478//478
f 474//474 478//478 479//479 475//475
f 479//479 480//480 481//481 475//475
f 479//479 478//478 482//482 483//483
f 479//479 483//483 484//484 480//480
f 484//484 485//485 486//486 480//480
f 484//484 483//483 487//487 488//488
f 484//484 488//488 489//489 485//485
f 489//489 490//490 491//491 485//485
f 489//489 488//488 492//492 493//493
f 489//489 493//493 494//494 490//490
f 494//494 495//495 496//496 490//490
f 494//494 493//493 497//497 498//498
f 494//494 498//498 499//499 495//495
f 499//499 500//500 501//501 495//495
f 499//499 498//498 502//502 503//503
f 499//499 503//503 504//504 500//500
f 504//504 505//505 506//506 500//500
f 504//504 503//503 507//507 508//508
f 504//504 508//508 509//509 505//505
f 509//509 510//510 511//511 505//505
f 509//509 508//508 512//512 513//513
f 509//509 513//513 514//514 510//510
f 514//514 515//515 516//516 510//510
f 514//514 513//513 517//517 518//518
f 514//514 518//518 519//519 515//515
f 519//519 520//520 521//521 515//515
f 519//519 518//518 522//522 523//523
f 519//519 523//523 524//524 520//520
f 524//524 525//525 526//526 520//520
f 524//524 523//523 527//527 528//528
f 524//524 528//528 529//529 525//525
f 529//529 530//530 531//531 525//525
f 529//529 528//528 532//532 533//533
f 529//529 533//533 534//534 530//530
f 534//534 535//535 536//536 530//530
f 534//534 533//533 537//537 538//538
f 534//534 538//538 539//539 535//535
f 539//539 540//540 541//541 535//535
f 539//539 538//538 542//542 543//543
f 539//539 543//543 544//544 540//540
f 544//544 545//545 546//546 540//540
f 544//544 543//543 547//547 548//548
f 544//544 548//548 549//549 545//545
f 549//549 550//550 551//551 545//545
f 549//549 548//548 552//552 553//553
f 549//549 553//553 554//554 550//550
f 554//554 555//555 556//556 550//550
f 554//554 553//553 557//557 558//558
f 554//554 558//558 559//559 555//555
f 559//559 560//560 561//561 555//555
f 559//559 558//558 562//562 563//563
f 559//559 563//563 564//564 560//560
f 564//564 565//565 566//566 560//560
f 564//564 563//563 567//567 568//568
f 564//564 568//568 569//569 565//565
f 569//569 570//570 571//571 565//565
f 569//569 568//568 572//572 573//573
f 569//569 573//573 574//574 570//570
f 574//574 575//575 576//576 570//570
f 574//574 573//573 577//577 578//578
f 574//574 578//578 579//579 575//575
f 579//579 580//580 581//581 575//575
f 579//579 578//578 582//582 583//583
f 579//579 583//583 584//584 580//580
f 584//584 585//585 586//586 580//580
f 584//584 583//583 587//587 588//588
f 584//584 588//588 589//589 585//585
f 589//589 590//590 591//591 585//585
f 589//589 588//588 592//592 593//593
f 589//589 593//593 594//594 590//590
f 594//594 595//595 596//596 590//590
f 594//594 593//593 597//597 598//598
f 594//594 598//598 599//599 595//595
f 599//599 600//600 601//601 595//595
f 599//599 598//598 602//602 603//603
f 599//599 603//603 604//604 600//600
f 604//604 605//605 606//606 600//600
f 604//604 603//603 607//607 608//608
f 604//604 608//608 609//609 605//605
f 609//609 610//610 611//611 605//605
f 609//609 608//608 612//612 613//613
f 609//609 613//613 614//614 610//610
f 614//614 615//615 616//616 610//610
f 614//614 613//613 617//617 618//618
f 614//614 618//618 619//619 615//615
f 619//619 620//620 621//621 615//615
f 619//619 618//618 622//622 623//623
f 619//619 623//623 624//624 620//620
f 624//624 625//625 626//626 620//620
f 624//624 623//623 627//627 628//628
f 624//624 628//628 629//629 625//625
f 629//629 630//630 631//631 625//625
f 629//629 628//628 632//632 633//633
f 629//629 633//633 634//634 630//630
f 634//634 635//635 636//636 630//630
f 634//634 633//633 637//637 638//638
f 634//634 638//638 639//639 635//635
f 639//639 640//640 641//641 635//635
f 639//639 638//638 642//642 643//643
f 639//639 643//643 644//644 640//640
f 644//644 645//645 646//646 640//640
f 644//644 643//643 647//647 648//648
f 644//644 648//648 649//649 645//645
f 649//649 650//650 651//651 645//645
f 649//649 648//648 652//652 653//653
f 649//649 653//653 654//654 650//650
f 654//654 655//655 656//656 650//650
f 654//654 653//653 657//657 658//658
f 654//654 658//658 659//659 655//655
f 659//659 660//660 661//661 655//655
f 659//659 658//658 662//662 663//663
f 659//659 663//663 664//664 660//660
f 664//664 665//665 666//666 660//660
f 664//664 663//663 667//667 668//668
f 664//664 668//668 669//669 665//665
f 669//669 670//670 671//671 665//665
f 669//669 668//668 672//672 673//673
f 669//669 673//673 674//674 670//670
f 674//674 675//675 676//676 670//670
f 674//674 673//673 677//677 678//678
f 674//674 678//678 679//679 675//675
f 679//679 680//680 681//681 675//675
f 679//679 678//678 682//682 683//683
f 679//679 683//683 684//684 680//680
f 684//684 685//685 686//686 680//680
f 684//684 683//683 687//687 688//688
f 684//684 688//688 689//689 685//685
f 689//689 690//690 691//691 685//685
f 689//689 688//688 692//692 693//693
f 689//689 693//693 694//694 690//690
f 694//694 695//695 696//696 690//690
f 694//694 693//693 697//697 698//698
f 694//694 698//698 699//699 695//695
f 699//699 700//700 701//701 695//695
f 699//699 698//698 702//702 703//703
f 699//699 703//703 704//704 700//700
f 704//704 705//705 706//706 700//700
f 704//704 703//703 707//707 708//708
f 704//704 708//708 709//709 705//705
f 709//709 710//710 711//711 705//705
f 709//709 708//708 712//712 713//713
f 709//709 713//713 714//714 710//710
f 714//714 715//715 716//716 710//710
f 714//714 713//713 717//717 718//718
f 714//714 718//718 719//719 715//715
f 719//719 720//720 721//721 715//715
f 719//719 718//718 722//722 723//723
f 719//719 723//723 724//724 720//720
f 724//724 725//725 726//726 720//720
f 724//724 723//723 727//727 728//728
f 724//724 728//728 729//729 725//725
f 729//729 730//730 731//731 725//725
f 729//729 728//728 732//732 733//733
f 729//729 733//733 734//734 730//730
f 734//734 735//735 736//736 730//730
f 734//734 733//733 737//737 738//738
f 734//734 738//738 739//739 735//735
f 739//739 740//740 741//741 735//735
f 739//739 738//738 742//742 743//743
f 739//739 743//743 744//744 740//740
f 744//744 745//745 746//746 740//740
f 744//744 743//743 747//747 748//748
f 744//744 748//748 749//749 745//745
f 749//749 750//750 751//751 745//745
f 749//749 748//748 752//752 753//753
f 749//749 753//753 754//754 750//750
f 754//754 755//755 756//756 750//750
f 754//754 753//753 757//757 758//758
f 754//754 758//758 759//759 755//755
f 759//759 760//760 761//761 755//755
f 759//759 758//758 762//762 763//763
f 759//759 763//763 764//764 760//760
f 764//764 765//765 766//766 760//760
f 764//764 763//763 767//767 768//768
f 764//764 768//768 769//769 765//765
f 769//769 770//770 771//771 765//765
f 769//769 768//768 772//772 773//773
f 769//769 773//773 774//774 770//770
f 774//774 775//775 776//776 770//770
f 774//774 773//773 777//777 778//778
f 774//774 778//778 779//779 775//775
f 779//779 780//780 781//781 775//775
f 779//779 778//778 782//782 783//783
f 779//779 783//783 784//784 780//780
f 784//784 785//785 786//786 780//780
f 784//784 783//783 787//787 788//788
f 784//784 788//788 789//789 785//785
f 789//789 790//790 791//791 785//785
f 789//789 788//788 792//792 793//793
f 789//789 793//793 794//794 790//790
f 794//794 795//795 796//796 790//790
f 794//794 793//793 797//797 798//798
f 794//794 798//798 799//799 795//795
f 799//799 800//800 801//801 795//795
f 799//799 798//798 802//802 803//803
f 799//799 803//803 804//804 800//800
f 804//804 805//805 806//806 800//800
f 804//804 803//803 807//807 808//808
f 804//804 808//808 809//809 805//805
f 809//809 810//810 811//811 805//805
f 809//809 808//808 812//812 813//813
f 809//809 813//813 814//814 810//810
f 814//814 815//815 816//816 810//810
f 814//814 813//813 817//817 818//818
f 814//814 818//818 819//819 815//815
f 819//819 820//820 821//821 815//815
f 819//819 818//818 822//822 823//823
f 819//819 823//823 824//824 820//820
f 824//824 825//825 826//826 820//820
f 824//824 823//823 827//827 828//828
f 824//824 828//828 829//829 825//825
f 829//829 830//830 831//831 825//825
f 829//829 828//828 832//832 833//833
f 829//829 833//833 834//834 830//830
f 834//834 835//835 836//836 830//830
f 834//834 833//833 837//837 838//838
f 834//834 838//838 839//839 835//835
f 839//839 840//840 841//841 835//835
f 839//839 838//838 842//842 843//843
f 839//839 843//843 844//844 840//840
f 844//844 845//845 846//846 840//840
f 844//844 843//843 847//847 848//848
f 844//844 848//848 849//849 845//845
f 849//849 850//850 851//851 845//845
f 849//849 848//848 852//852 853//853
f 849//849 853//853 854//854 850//850
f 854//854 855//855 856//856 850//850
f 854//854 853//853 857//857 858//858
f 854//854 858//858 859//859 855//855
f 859//859 860//860 861//861 855//855
f 859//859 858//858 862//862 863//863
f 859//859 863//863 864//864 860//860
f 864//864 865//865 866//866 860//860
f 864//864 863//863 867//867 868//868
f 864//864 868//868 869//869 865//865
f 869//869 870//870 871//871 865//865
f 869//869 868//868 872//872 873//873
f 869//869 873//873 874//874 870//870
f 874//874 875//875 876//876 870//870
f 874//874 873//873 877//877 878//878
f 874//874 878//878 879//879 875//875
f 879//879 880//880 881//881 875//875
f 879//879 878//878 882//882 883//883
f 879//879 883//883 884//884 880//880
f 884//884 885//885 886//886 880//880
f 884//884 883//883 887//887 888//888
f 884//884 888//888 889//889 885//885
f 889//889 890//890 891//891 885//885
f 889//889 888//888 892//892 893//893
f 889//889 893//893 894//894 890//890
f 894//894 895//895 896//896 890//890
f 894//894 893//893 897//897 898//898
f 894//894 898//898 899//899 895//895
f 899//899 900//900 901//901 895//895
f 899//899 898//898 902//902 903//903
f 899//899 903//903 904//904 900//900
f 904//904 905//905 906//906 900//900
f 904//904 903//903 907//907 908//908
f 904//904 908//908 909//909 905//905
f 909//909 910//910 911//911 905//905
f 909//909 908//908 912//912 913//913
f 909//909 913//913 914//914 910//910
f 914//914 915//915 916//916 910//910
f 914//914 913//913 917//917 918//918
f 914//914 918//918 919//919 915//915
f 919//919 920//920 921//921 915//915
f 919//919 918//918 922//922 923//923
f 919//919 923//923 924//924 920//920
f 924//924 925//925 926//926 920//920
f 924//924 923//923 927//927 928//928
f 924//924 928//928 929//929 925//925
f 929//929 930//930 931//931 925//925
f 929//929 928//928 932//932 933//933
f 929//929 933//933 934//934 930//930
f 934//934 935//935 936//936 930//930
f 934//934 933//933 937//937 938//938
f 934//934 938//938 939//939 935//935
f 939//939 940//940 941//941 935//935
f 939//939 938//938 942//942 943//943
f 939//939 943//943 944//944 940//940
f 944//944 945//945 946//946 940//940
f 944//944 943//943 947//947 948//948
f 944//944 948//948 949//949 945//945
f 949//949 950//950 951//951 945//945
f 949//949 948//948 952//952 953//953
f 949//949 953//953 954//954 950//950
f 954//954 955//955 956//956 950//950
f 954//954 953//953 957//957 958//958
f 954//954 958//958 959//959 955//955
f 959//959 960//960 961//961 955//955
f 959//959 958//958 962//962 963//963
f 959//959 963//963 964//964 960//960
f 964//964 965//965 966//966 960//960
f 964//964 963//963 967//967 968//968
f 964//964 968//968 969//969 965//965
f 969//969 970//970 971//971 965//965
f 969//969 968//968 972//972 973//973
f 969//969 973//973 974//974 970//970
f 974//974 975//975 976//976 970//970
f 974//974 973//973 977//977 978//978
f 974//974 978//978 979//979 975//975
f 979//979 980//980 981//981 975//975
f 979//979 978//978 982//982 983//983
f 979//979 983//983 984//984 980//980
f 984//984 985//985 986//986 980//980
f 984//984 983//983 987//987 988//988
f 984//984 988//988 989//989 985//985
f 989//989 990//990 991//991 985//985
f 989//989 988//988 992//992 993//993
f 989//989 993//993 994//994 990//990
f 994//994 995//995 996//996 990//990
f 994//994 993//993 997//997 998//998
f 994//994 998//998 999//999 995//995
f 999//999 1000//1000 1001//1001 995//995
f 999//999 998//998 1002//1002 1003//1003
f 999//999 1003//1003 1004//1004 1000//1000
f 1004//1004 1005//1005 1006//1006 1000//1000
f 1004//1004 1003//1003 1007//1007 1008//1008
f 1004//1004 1008//1008 1009//1009 1005//1005
f 1009//1009 1010//1010 1011//1011 1005//1005
f 1009//1009 1008//1008 1012//1012 1013//1013
f 1009//1009 1013//1013 1014//1014 1010//1010
f 1014//1014 1015//1015 1016//1016 1010//1010
f 1014//1014 1013//1013 1017//1017 1018//1018
f 1014//1014 1018//1018 1019//1019 1015//1015
f 1019//1019 1020//1020 1021//1021 1015//1015
f 1019//1019 1018//1018 1022//1022 1023//1023
f 1019//1019 1023//1023 1024//1024 1020//1020
f 1024//1024 1025//1025 1026//1026 1020//1020
f 1024//1024 1023//1023 1027//1027 1028//1028
f 1024//1024 1028//1028 1029//1029 1025//1025
f 1029//1029 1030//1030 1031//1031 1025//1025
f 1029//1029 1028//1028 1032//1032 1033//1033
f 1029//1029 1033//1033 1034//1034 1030//1030
f 1034//1034 1035//1035 1036//1036 1030//1030
f 1034//1034 1033//1033 1037//1037 1038//1038
f 1034//1034 1038//1038 1039//1039 1035//1035
f 1039//1039 1040//1040 1041//1041 1035//1035
f 1039//1039 1038//1038 1042//1042 1043//1043
f 1039//1039 1043//1043 1044//1044 1040//1040
f 1044//1044 1045//1045 1046//1046 1040//1040
f 1044//1044 1043//1043 1047//1047 1048//1048
f 1044//1044 1048//1048 1049//1049 1045//1045
f 1049//1049 1050//1050 1051//1051 1045//1045
f 1049//1049 1048//1048 1052//1052 1053//1053
f 1049//1049 1053//1053 1054//1054 1050//1050
f 1054//1054 1055//1055 1056//1056 1050//1050
f 1054//1054 1053//1053 1057//1057 1058//1058
f 1054//1054 1058//1058 1059//1059 1055//1055
f 1059//1059 1060//1060 1061//1061 1055//1055
f 1059//1059 1058//1058 1062//1062 1063//1063
f 1059//1059 1063//1063 1064//1064 1060//1060
f 1064//1064 1065//1065 1066//1066 1060//1060
f 1064//1064 1063//1063 1067//1067 1068//1068
f 1064//1064 1068//1068 1069//1069 1065//1065
f 1069//1069 1070//1070 1071//1071 1065//1065
f 1069//1069 1068//1068 1072//1072 1073//1073
f 1069//1069 1073//1073 1074//1074 1070//1070
f 1074//1074 1075//1075 1076//1076 1070//1070
f 1074//1074 1073//1073 1077//1077 1078//1078
f 1074//1074 1078//1078 1079//1079 1075//1075
f 1079//1079 1080//1080 1081//1081 1075//1075
f 1079//1079 1078//1078 1082//1082 1083//1083
f 1079//1079 1083//1083 1084//1084 1080//1080
f 1084//1084 1085//1085 1086//1086 1080//1080
f 1084//1084 1083//1083 1087//1087 1088//1088
f 1084//1084 1088//1088 1089//1089 1085//1085
f 1089//1089 1090//1090 1091//1091 1085//1085
f 1089//1089 1088//1088 1092//1092 1093//1093
f 1089//1089 1093//1093 1094//1094 1090//1090
f 1094//1094 1095//1095 1096//1096 1090//1090
f 1094//1094 1093//1093 1097//1097 1098//1098
f 1094//1094 1098//1098 1099//1099 1095//1095
f 1099//1099 1100//1100 1101//1101 1095//1095
f 1099//1099 1098//1098 1102//1102 1103//1103
f 1099//1099 1103//1103 1104//1104 1100//1100
f 1104//1104 1105//1105 1106//1106 1100//1100
f 1104//1104 1103//1103 1107//1107 1108//1108
f 1104//1104 1108//1108 1109//1109 1105//1105
f 1109//1109 1110//1110 1111//1111 1105//1105
f 1109//1109 1108//1108 1112//1112 1113//1113
f 1109//1109 1113//1113 1114//1114 1110//1110
f 1114//1114 1115//1115 1116//1116 1110//1110
f 1114//1114 1113//1113 1117//1117 1118//1118
f 1114//1114 1118//1118 1119//1119 1115//1115
f 1119//1119 1120//1120 1121//1121 1115//1115
f 1119//1119 1118//1118 1122//1122 1123//1123
f 1119//1119 1123//1123 1124//1124 1120//1120
f 1124//1124 1125//1125 1126//1126 1120//1120
f 1124//1124 1123//1123 1127//1127 1128//1128
f 1124//1124 1128//1128 1129//1129 1125//1125
f 1129//1129 1130//1130 1131//1131 1125//1125
f 1129//1129 1128//1128 1132//1132 1133//1133
f 1129//1129 1133//1133 1134//1134 1130//1130
f 1134//1134 1135//1135 1136//1136 1130//1130
f 1134//1134 1133//1133 1137//1137 1138//1138
f 1134//1134 1138//1138 1139//1139 1135//1135
f 1139//1139 1140//1140 1141//1141 1135//1135
f 1139//1139 1138//1138 1142//1142 1143//1143
f 1139//1139 1143//1143 1144//1144 1140//1140
f 1144//1144 1145//1145 1146//1146 1140//1140
f 1144//1144 1143//1143 1147//1147 1148//1148
f 1144//1144 1148//1148 1149//1149 1145//1145
f 1149//1149 1150//1150 1151//1151 1145//1145
f 1149//1149 1148//1148 1152//1152 1153//1153
f 1149//1149 1153//1153 1154//1154 1150//1150
f 1154//1154 1155//1155 1156//1156 1150//1150
f 1154//1154 1153//1153 1157//1157 1158//1158
f 1154//1154 1158//1158 1159//1159 1155//1155
f 1159//1159 1160//1160 1161//1161 1155//1155
f 1159//1159 1158//1158 1162//1162 1163//1163
f 1159//1159 1163//1163 1164//1164 1160//1160
f 1164//1164 1165//1165 1166//1166 1160//1160
f 1164//1164 1163//1163 1167//1167 8//8
f 1164//1164 8//8 7//7 1165//1165
f 1167//1167 1163//1163 1162//1162 1168//1168
f 1167//1167 1168//1168 1169//1169 1170//1170
f 1167//1167 1170//1170 5//5 8//8
f 1170//1170 1169//1169 1171//1171 1172//1172
f 1170//1170 1172//1172 6//6 5//5
f 1172//1172 1171//1171 1173//1173 1174//1174
f 1172//1172 1174//1174 1175//1175 6//6
f 1175//1175 1176//1176 7//7 6//6
f 1175//1175 1174//1174 1177//1177 1178//1178
f 1175//1175 1178//1178 1179//1179 1176//1176
f 1179//1179 1180//1180 1181//1181 1176//1176
f 1179//1179 1178//1178 1182//1182 10//10
f 1179//1179 10//10 9//9 1180//1180
f 1182//1182 1178//1178 1177//1177 1183//1183
f 1182//1182 1183//1183 1184//1184 1185//1185
f 1182//1182 1185//1185 11//11 10//10
f 1185//1185 1184//1184 1186//1186 1187//1187
f 1185//1185 1187//1187 12//12 11//11
f 1187//1187 1186//1186 1188//1188 1189//1189
f 1187//1187 1189//1189 1190//1190 12//12
f 1190//1190 1191//1191 13//13 12//12
f 1190//1190 1189//1189 1192//1192 1193//1193
f 1190//1190 1193//1193 1194//1194 1191//1191
f 1194//1194 1195//1195 1196//1196 1191//1191
f 1194//1194 1193//1193 1197//1197 1198//1198
f 1194//1194 1198//1198 1199//1199 1195//1195
f 1199//1199 21//21 20//20 1195//1195
f 1199//1199 1198//1198 1200//1200 1201//1201
f 1199//1199 1201//1201 24//24 21//21
f 1201//1201 1200//1200 1202//1202 1203//1203
f 1201//1201 1203//1203 1204//1204 24//24
f 1204//1204 1203//1203 1205//1205 1206//1206
f 1204//1204 1206//1206 1207//1207 1208//1208
f 1204//1204 1208//1208 22//22 24//24
f 1208//1208 1207//1207 1156//1156 1209//1209
f 1208//1208 1209//1209 23//23 22//22
f 1209//1209 1156//1156 1155//1155 1161//1161
f 1209//1209 1161//1161 1210//1210 23//23
f 1210//1210 1211//1211 19//19 23//23
f 1210//1210 1161//1161 1160//1160 1166//1166
f 1210//1210 1166//1166 1212//1212 1211//1211
f 1212//1212 1213//1213 1214//1214 1211//1211
f 1212//1212 1166//1166 1165//1165 1181//1181
f 1212//1212 1181//1181 1180//1180 1213//1213
f 1214//1214 1196//1196 1195//1195 20//20
f 1214//1214 20//20 19//19 1211//1211
f 1214//1214 1213//1213 14//14 1196//1196
f 1213//1213 1180//1180 9//9 14//14
f 1207//1207 1206//1206 1215//1215 1151//1151
f 1207//1207 1151//1151 1150//1150 1156//1156
f 1215//1215 1206//1206 1205//1205 1216//1216
f 1215//1215 1216//1216 1217//1217 1146//1146
f 1215//1215 1146//1146 1145//1145 1151//1151
f 1217//1217 1216//1216 1218//1218 1219//1219
f 1217//1217 1219//1219 1220//1220 1141//1141
f 1217//1217 1141//1141 1140//1140 1146//1146
f 1220//1220 1219//1219 1221//1221 1222//1222
f 1220//1220 1222//1222 1223//1223 1136//1136
f 1220//1220 1136//1136 1135//1135 1141//1141
f 1223//1223 1222//1222 1224//1224 1225//1225
f 1223//1223 1225//1225 1226//1226 1131//1131
f 1223//1223 1131//1131 1130//1130 1136//1136
f 1226//1226 1225//1225 1227//1227 1228//1228
f 1226//1226 1228//1228 1229//1229 1126//1126
f 1226//1226 1126//1126 1125//1125 1131//1131
f 1229//1229 1228//1228 1230//1230 1231//1231
f 1229//1229 1231//1231 1232//1232 1121//1121
f 1229//1229 1121//1121 1120//1120 1126//1126
f 1232//1232 1231//1231 1233//1233 1234//1234
f 1232//1232 1234//1234 1235//1235 1116//1116
f 1232//1232 1116//1116 1115//1115 1121//1121
f 1235//1235 1234//1234 1236//1236 1237//1237
f 1235//1235 1237//1237 1238//1238 1111//1111
f 1235//1235 1111//1111 1110//1110 1116//1116
f 1238//1238 1237//1237 1239//1239 1240//1240
f 1238//1238 1240//1240 1241//1241 1106//1106
f 1238//1238 1106//1106 1105//1105 1111//1111
f 1241//1241 1240//1240 1242//1242 1243//1243
f 1241//1241 1243//1243 1244//1244 1101//1101
f 1241//1241 1101//1101 1100//1100 1106//1106
f 1244//1244 1243//1243 1245//1245 1246//1246
f 1244//1244 1246//1246 1247//1247 1096//1096
f 1244//1244 1096//1096 1095//1095 1101//1101
f 1247//1247 1246//1246 1248//1248 1249//1249
f 1247//1247 1249//1249 1250//1250 1091//1091
f 1247//1247 1091//1091 1090//1090 1096//1096
f 1250//1250 1249//1249 1251//1251 1252//1252
f 1250//1250 1252//1252 1253//1253 1086//1086
f 1250//1250 1086//1086 1085//1085 1091//1091
f 1253//1253 1252//1252 1254//1254 1255//1255
f 1253//1253 1255//1255 1256//1256 1081//1081
f 1253//1253 1081//1081 1080//1080 1086//1086
f 1256//1256 1255//1255 1257//1257 1258//1258
f 1256//1256 1258//1258 1259//1259 1076//1076
f 1256//1256 1076//1076 1075//1075 1081//1081
f 1259//1259 1258//1258 1260//1260 1261//1261
f 1259//1259 1261//1261 1262//1262 1071//1071
f 1259//1259 1071//1071 1070//1070 1076//1076
f 1262//1262 1261//1261 1263//1263 1264//1264
f 1262//1262 1264//1264 1265//1265 1066//1066
f 1262//1262 1066//1066 1065//1065 1071//1071
f 1265//1265 1264//1264 1266//1266 1267//1267
f 1265//1265 1267//1267 1268//1268 1061//1061
f 1265//1265 1061//1061 1060//1060 1066//1066
f 1268//1268 1267//1267 1269//1269 1270//1270
f 1268//1268 1270//1270 1271//1271 1056//1056
f 1268//1268 1056//1056 1055//1055 1061//1061
f 1271//1271 1270//1270 1272//1272 1273//1273
f 1271//1271 1273//1273 1274//1274 1051//1051
f 1271//1271 1051//1051 1050//1050 1056//1056
f 1274//1274 1273//1273 1275//1275 1276//1276
f 1274//1274 1276//1276 1277//1277 1046//1046
f 1274//1274 1046//1046 1045//1045 1051//1051
f 1277//1277 1276//1276 1278//1278 1279//1279
f 1277//1277 1279//1279 1280//1280 1041//1041
f 1277//1277 1041//1041 1040//1040 1046//1046
f 1280//1280 1279//1279 1281//1281 1282//1282
f 1280//1280 1282//1282 1283//1283 1036//1036
f 1280//1280 1036//1036 1035//1035 1041//1041
f 1283//1283 1282//1282 1284//1284 1285//1285
f 1283//1283 1285//1285 1286//1286 1031//1031
f 1283//1283 1031//1031 1030//1030 1036//1036
f 1286//1286 1285//1285 1287//1287 1288//1288
f 1286//1286 1288//1288 1289//1289 1026//1026
f 1286//1286 1026//1026 1025//1025 1031//1031
f 1289//1289 1288//1288 1290//1290 1291//1291
f 1289//1289 1291//1291 1292//1292 1021//1021
f 1289//1289 1021//1021 1020//1020 1026//1026
f 1292//1292 1291//1291 1293//1293 1294//1294
f 1292//1292 1294//1294 1295//1295 1016//1016
f 1292//1292 1016//1016 1015//1015 1021//1021
f 1295//1295 1294//1294 1296//1296 1297//1297
f 1295//1295 1297//1297 1298//1298 1011//1011
f 1295//1295 1011//1011 1010//1010 1016//1016
f 1298//1298 1297//1297 1299//1299 1300//1300
f 1298//1298 1300//1300 1301//1301 1006//1006
f 1298//1298 1006//1006 1005//1005 1011//1011
f 1301//1301 1300//1300 1302//1302 1303//1303
f 1301//1301 1303//1303 1304//1304 1001//1001
f 1301//1301 1001//1001 1000//1000 1006//1006
f 1304//1304 1303//1303 1305//1305 1306//1306
f 1304//1304 1306//1306 1307//1307 996//996
f 1304//1304 996//996 995//995 1001//1001
f 1307//1307 1306//1306 1308//1308 1309//1309
f 1307//1307 1309//1309 1310//1310 991//991
f 1307//1307 991//991 990//990 996//996
f 1310//1310 1309//1309 1311//1311 1312//1312
f 1310//1310 1312//1312 1313//1313 986//986
f 1310//1310 986//986 985//985 991//991
f 1313//1313 1312//1312 1314//1314 1315//1315
f 1313//1313 1315//1315 1316//1316 981//981
f 1313//1313 981//981 980//980 986//986
f 1316//1316 1315//1315 1317//1317 1318//1318
f 1316//1316 1318//1318 1319//1319 976//976
f 1316//1316 976//976 975//975 981//981
f 1319//1319 1318//1318 1320//1320 1321//1321
f 1319//1319 1321//1321 1322//1322 971//971
f 1319//1319 971//971 970//970 976//976
f 1322//1322 1321//1321 1323//1323 1324//1324
f 1322//1322 1324//1324 1325//1325 966//966
f 1322//1322 966//966 965//965 971//971
f 1325//1325 1324//1324 1326//1326 1327//1327
f 1325//1325 1327//1327 1328//1328 961//961
f 1325//1325 961//961 960//960 966//966
f 1328//1328 1327//1327 1329//1329 1330//1330
f 1328//1328 1330//1330 1331//1331 956//956
f 1328//1328 956//956 955//955 961//961
f 1331//1331 1330//1330 1332//1332 1333//1333
f 1331//1331 1333//1333 1334//1334 951//951
f 1331//1331 951//951 950//950 956//956
f 1334//1334 1333//1333 1335//1335 1336//1336
f 1334//1334 1336//1336 1337//1337 946//946
f 1334//1334 946//946 945//945 951//951
f 1337//1337 1336//1336 1338//1338 1339//1339
f 1337//1337 1339//1339 1340//1340 941//941
f 1337//1337 941//941 940//940 946//946
f 1340//1340 1339//1339 1341//1341 1342//1342
f 1340//1340 1342//1342 1343//1343 936//936
f 1340//1340 936//936 935//935 941//941
f 1343//1343 1342//1342 1344//1344 1345//1345
f 1343//1343 1345//1345 1346//1346 931//931
f 1343//1343 931//931 930//930 936//936
f 1346//1346 1345//1345 1347//1347 1348//1348
f 1346//1346 1348//1348 1349//1349 926//926
f 1346//1346 926//926 925//925 931//931
f 1349//1349 1348//1348 1350//1350 1351//1351
f 1349//1349 1351//1351 1352//1352 921//921
f 1349//1349 921//921 920//920 926//926
f 1352//1352 1351//1351 1353//1353 1354//1354
f 1352//1352 1354//1354 1355//1355 916//916
f 1352//1352 916//916 915//915 921//921
f 1355//1355 1354//1354 1356//1356 1357//1357
f 1355//1355 1357//1357 1358//1358 911//911
f 1355//1355 911//911 910//910 916//916
f 1358//1358 1357//1357 1359//1359 1360//1360
f 1358//1358 1360//1360 1361//1361 906//906
f 1358//1358 906//906 905//905 911//911
f 1361//1361 1360//1360 1362//1362 1363//1363
f 1361//1361 1363//1363 1364//1364 901//901
f 1361//1361 901//901 900//900 906//906
f 1364//1364 1363//1363 1365//1365 1366//1366
f 1364//1364 1366//1366 1367//1367 896//896
f 1364//1364 896//896 895//895 901//901
f 1367//1367 1366//1366 1368//1368 1369//1369
f 1367//1367 1369//1369 1370//1370 891//891
f 1367//1367 891//891 890//890 896//896
f 1370//1370 1369//1369 1371//1371 1372//1372
f 1370//1370 1372//1372 1373//1373 886//886
f 1370//1370 886//886 885//885 891//891
f 1373//1373 1372//1372 1374//1374 1375//1375
f 1373//1373 1375//1375 1376//1376 881//881
f 1373//1373 881//881 880//880 886//886
f 1376//1376 1375//1375 1377//1377 1378//1378
f 1376//1376 1378//1378 1379//1379 876//876
f 1376//1376 876//876 875//875 881//881
f 1379//1379 1378//1378 1380//1380 1381//1381
f 1379//1379 1381//1381 1382//1382 871//871
f 1379//1379 871//871 870//870 876//876
f 1382//1382 1381//1381 1383//1383 1384//1384
f 1382//1382 1384//1384 1385//1385 866//866
f 1382//1382 866//866 865//865 871//871
f 1385//1385 1384//1384 1386//1386 1387//1387
f 1385//1385 1387//1387 1388//1388 861//861
f 1385//1385 861//861 860//860 866//866
f 1388//1388 1387//1387 1389//1389 1390//1390
f 1388//1388 1390//1390 1391//1391 856//856
f 1388//1388 856//856 855//855 861//861
f 1391//1391 1390//1390 1392//1392 1393//1393
f 1391//1391 1393//1393 1394//1394 851//851
f 1391//1391 851//851 850//850 856//856
f 1394//1394 1393//1393 1395//1395 1396//1396
f 1394//1394 1396//1396 1397//1397 846//846
f 1394//1394 846//846 845//845 851//851
f 1397//1397 1396//1396 1398//1398 1399//1399
f 1397//1397 1399//1399 1400//1400 841//841
f 1397//1397 841//841 840//840 846//846
f 1400//1400 1399//1399 1401//1401 1402//1402
f 1400//1400 1402//1402 1403//1403 836//836
f 1400//1400 836//836 835//835 841//841
f 1403//1403 1402//1402 1404//1404 1405//1405
f 1403//1403 1405//1405 1406//1406 831//831
f 1403//1403 831//831 830//830 836//836
f 1406//1406 1405//1405 1407//1407 1408//1408
f 1406//1406 1408//1408 1409//1409 826//826
f 1406//1406 826//826 825//825 831//831
f 1409//1409 1408//1408 1410//1410 1411//1411
f 1409//1409 1411//1411 1412//1412 821//821
f 1409//1409 821//821 820//820 826//826
f 1412//1412 1411//1411 1413//1413 1414//1414
f 1412//1412 1414//1414 1415//1415 816//816
f 1412//1412 816//816 815//815 821//821
f 1415//1415 1414//1414 1416//1416 1417//1417
f 1415//1415 1417//1417 1418//1418 811//811
f 1415//1415 811//811 810//810 816//816
f 1418//1418 1417//1417 1419//1419 1420//1420
f 1418//1418 1420//1420 1421//1421 806//806
f 1418//1418 806//806 805//805 811//811
f 1421//1421 1420//1420 1422//1422 1423//1423
f 1421//1421 1423//1423 1424//1424 801//801
f 1421//1421 801//801 800//800 806//806
f 1424//1424 1423//1423 1425//1425 1426//1426
f 1424//1424 1426//1426 1427//1427 796//796
f 1424//1424 796//796 795//795 801//801
f 1427//1427 1426//1426 1428//1428 1429//1429
f 1427//1427 1429//1429 1430//1430 791//791
f 1427//1427 791//791 790//790 796//796
f 1430//1430 1429//1429 1431//1431 1432//1432
f 1430//1430 1432//1432 1433//1433 786//786
f 1430//1430 786//786 785//785 791//791
f 1433//1433 1432//1432 1434//1434 1435//1435
f 1433//1433 1435//1435 1436//1436 781//781
f 1433//1433 781//781 780//780 786//786
f 1436//1436 1435//1435 1437//1437 1438//1438
f 1436//1436 1438//1438 1439//1439 776//776
f 1436//1436 776//776 775//775 781//781
f 1439//1439 1438//1438 1440//1440 1441//1441
f 1439//1439 1441//1441 1442//1442 771//771
f 1439//1439 771//771 770//770 776//776
f 1442//1442 1441//1441 1443//1443 1444//1444
f 1442//1442 1444//1444 1445//1445 766//766
f 1442//1442 766//766 765//765 771//771
f 1445//1445 1444//1444 1446//1446 1447//1447
f 1445//1445 1447//1447 1448//1448 761//761
f 1445//1445 761//761 760//760 766//766
f 1448//1448 1447//1447 1449//1449 1450//1450
f 1448//1448 1450//1450 1451//1451 756//756
f 1448//1448 756//756 755//755 761//761
f 1451//1451 1450//1450 1452//1452 1453//1453
f 1451//1451 1453//1453 1454//1454 751//751
f 1451//1451 751//751 750//750 756//756
f 1454//1454 1453//1453 1455//1455 1456//1456
f 1454//1454 1456//1456 1457//1457 746//746
f 1454//1454 746//746 745//745 751//751
f 1457//1457 1456//1456 1458//1458 1459//1459
f 1457//1457 1459//1459 1460//1460 741//741
f 1457//1457 741//741 740//740 746//746
f 1460//1460 1459//1459 1461//1461 1462//1462
f 1460//1460 1462//1462 1463//1463 736//736
f 1460//1460 736//736 735//735 741//741
f 1463//1463 1462//1462 1464//1464 1465//1465
f 1463//1463 1465//1465 1466//1466 731//731
f 1463//1463 731//731 730//730 736//736
f 1466//1466 1465//1465 1467//1467 1468//1468
f 1466//1466 1468//1468 1469//1469 726//726
f 1466//1466 726//726 725//725 731//731
f 1469//1469 1468//1468 1470//1470 1471//1471
f 1469//1469 1471//1471 1472//1472 721//721
f 1469//1469 721//721 720//720 726//726
f 1472//1472 1471//1471 1473//1473 1474//1474
f 1472//1472 1474//1474 1475//1475 716//716
f 1472//1472 716//716 715//715 721//721
f 1475//1475 1474//1474 1476//1476 1477//1477
f 1475//1475 1477//1477 1478//1478 711//711
f 1475//1475 711//711 710//710 716//716
f 1478//1478 1477//1477 1479//1479 1480//1480
f 1478//1478 1480//1480 1481//1481 706//706
f 1478//1478 706//706 705//705 711//711
f 1481//1481 1480//1480 1482//1482 1483//1483
f 1481//1481 1483//1483 1484//1484 701//701
f 1481//1481 701//701 700//700 706//706
f 1484//1484 1483//1483 1485//1485 1486//1486
f 1484//1484 1486//1486 1487//1487 696//696
f 1484//1484 696//696 695//695 701//701
f 1487//1487 1486//1486 1488//1488 1489//1489
f 1487//1487 1489//1489 1490//1490 691//691
f 1487//1487 691//691 690//690 696//696
f 1490//1490 1489//1489 1491//1491 1492//1492
f 1490//1490 1492//1492 1493//1493 686//686
f 1490//1490 686//686 685//685 691//691
f 1493//1493 1492//1492 1494//1494 1495//1495
f 1493//1493 1495//1495 1496//1496 681//681
f 1493//1493 681//681 680//680 686//686
f 1496//1496 1495//1495 1497//1497 1498//1498
f 1496//1496 1498//1498 1499//1499 676//676
f 1496//1496 676//676 675//675 681//681
f 1499//1499 1498//1498 1500//1500 1501//1501
f 1499//1499 1501//1501 1502//1502 671//671
f 1499//1499 671//671 670//670 676//676
f 1502//1502 1501//1501 1503//1503 1504//1504
f 1502//1502 1504//1504 1505//1505 666//666
f 1502//1502 666//666 665//665 671//671
f 1505//1505 1504//1504 1506//1506 1507//1507
f 1505//1505 1507//1507 1508//1508 661//661
f 1505//1505 661//661 660//660 666//666
f 1508//1508 1507//1507 1509//1509 1510//1510
f 1508//1508 1510//1510 1511//1511 656//656
f 1508//1508 656//656 655//655 661//661
f 1511//1511 1510//1510 1512//1512 1513//1513
f 1511//1511 1513//1513 1514//1514 651//651
f 1511//1511 651//651 650//650 656//656
f 1514//1514 1513//1513 1515//1515 1516//1516
f 1514//1514 1516//1516 1517//1517 646//646
f 1514//1514 646//646 645//645 651//651
f 1517//1517 1516//1516 1518//1518 1519//1519
f 1517//1517 1519//1519 1520//1520 641//641
f 1517//1517 641//641 640//640 646//646
f 1520//1520 1519//1519 1521//1521 1522//1522
f 1520//1520 1522//1522 1523//1523 636//636
f 1520//1520 636//636 635//635 641//641
f 1523//1523 1522//1522 1524//1524 1525//1525
f 1523//1523 1525//1525 1526//1526 631//631
f 1523//1523 631//631 630//630 636//636
f 1526//1526 1525//1525 1527//1527 1528//1528
f 1526//1526 1528//1528 1529//1529 626//626
f 1526//1526 626//626 625//625 631//631
f 1529//1529 1528//1528 1530//1530 1531//1531
f 1529//1529 1531//1531 1532//1532 621//621
f 1529//1529 621//621 620//620 626//626
f 1532//1532 1531//1531 1533//1533 1534//1534
f 1532//1532 1534//1534 1535//1535 616//616
f 1532//1532 616//616 615//615 621//621
f 1535//1535 1534//1534 1536//1536 1537//1537
f 1535//1535 1537//1537 1538//1538 611//611
f 1535//1535 611//611 610//610 616//616
f 1538//1538 1537//1537 1539//1539 1540//1540
f 1538//1538 1540//1540 1541//1541 606//606
f 1538//1538 606//606 605//605 611//611
f 1541//1541 1540//1540 1542//1542 1543//1543
f 1541//1541 1543//1543 1544//1544 601//601
f 1541//1541 601//601 600//600 606//606
f 1544//1544 1543//1543 1545//1545 1546//1546
f 1544//1544 1546//1546 1547//1547 596//596
f 1544//1544 596//596 595//595 601//601
f 1547//1547 1546//1546 1548//1548 1549//1549
f 1547//1547 1549//1549 1550//1550 591//591
f 1547//1547 591//591 590//590 596//596
f 1550//1550 1549//1549 1551//1551 1552//1552
f 1550//1550 1552//1552 1553//1553 586//586
f 1550//1550 586//586 585//585 591//591
f 1553//1553 1552//1552 1554//1554 1555//1555
f 1553//1553 1555//1555 1556//1556 581//581
f 1553//1553 581//581 580//580 586//586
f 1556//1556 1555//1555 1557//1557 1558//1558
f 1556//1556 1558//1558 1559//1559 576//576
f 1556//1556 576//576 575//575 581//581
f 1559//1559 1558//1558 1560//1560 1561//1561
f 1559//1559 1561//1561 1562//1562 571//571
f 1559//1559 571//571 570//570 576//576
f 1562//1562 1561//1561 1563//1563 1564//1564
f 1562//1562 1564//1564 1565//1565 566//566
f 1562//1562 566//566 565//565 571//571
f 1565//1565 1564//1564 1566//1566 1567//1567
f 1565//1565 1567//1567 1568//1568 561//561
f 1565//1565 561//561 560//560 566//566
f 1568//1568 1567//1567 1569//1569 1570//1570
f 1568//1568 1570//1570 1571//1571 556//556
f 1568//1568 556//556 555//555 561//561
f 1571//1571 1570//1570 1572//1572 1573//1573
f 1571//1571 1573//1573 1574//1574 551//551
f 1571//1571 551//551 550//550 556//556
f 1574//1574 1573//1573 1575//1575 1576//1576
f 1574//1574 1576//1576 1577//1577 546//546
f 1574//1574 546//546 545//545 551//551
f 1577//1577 1576//1576 1578//1578 1579//1579
f 1577//1577 1579//1579 1580//1580 541//541
f 1577//1577 541//541 540//540 546//546
f 1580//1580 1579//1579 1581//1581 1582//1582
f 1580//1580 1582//1582 1583//1583 536//536
f 1580//1580 536//536 535//535 541//541
f 1583//1583 1582//1582 1584//1584 1585//1585
f 1583//1583 1585//1585 1586//1586 531//531
f 1583//1583 531//531 530//530 536//536
f 1586//1586 1585//1585 1587//1587 1588//1588
f 1586//1586 1588//1588 1589//1589 526//526
f 1586//1586 526//526 525//525 531//531
f 1589//1589 1588//1588 1590//1590 1591//1591
f 1589//1589 1591//1591 1592//1592 521//521
f 1589//1589 521//521 520//520 526//526
f 1592//1592 1591//1591 1593//1593 1594//1594
f 1592//1592 1594//1594 1595//1595 516//516
f 1592//1592 516//516 515//515 521//521
f 1595//1595 1594//1594 1596//1596 1597//1597
f 1595//1595 1597//1597 1598//1598 511//511
f 1595//1595 511//511 510//510 516//516
f 1598//1598 1597//1597 1599//1599 1600//1600
f 1598//1598 1600//1600 1601//1601 506//506
f 1598//1598 506//506 505//505 511//511
f 1601//1601 1600//1600 1602//1602 1603//1603
f 1601//1601 1603//1603 1604//1604 501//501
f 1601//1601 501//501 500//500 506//506
f 1604//1604 1603//1603 1605//1605 1606//1606
f 1604//1604 1606//1606 1607//1607 496//496
f 1604//1604 496//496 495//495 501//501
f 1607//1607 1606//1606 1608//1608 1609//1609
f 1607//1607 1609//1609 1610//1610 491//491
f 1607//1607 491//491 490//490 496//496
f 1610//1610 1609//1609 1611//1611 1612//1612
f 1610//1610 1612//1612 1613//1613 486//486
f 1610//1610 486//486 485//485 491//491
f 1613//1613 1612//1612 1614//1614 1615//1615
f 1613//1613 1615//1615 1616//1616 481//481
f 1613//1613 481//481 480//480 486//486
f 1616//1616 1615//1615 1617//1617 1618//1618
f 1616//1616 1618//1618 1619//1619 476//476
f 1616//1616 476//476 475//475 481//481
f 1619//1619 1618//1618 1620//1620 1621//1621
f 1619//1619 1621//1621 1622//1622 471//471
f 1619//1619 471//471 470//470 476//476
f 1622//1622 1621//1621 1623//1623 1624//1624
f 1622//1622 1624//1624 1625//1625 466//466
f 1622//1622 466//466 465//465 471//471
f 1625//1625 1624//1624 1626//1626 1627//1627
f 1625//1625 1627//1627 1628//1628 461//461
f 1625//1625 461//461 460//460 466//466
f 1628//1628 1627//1627 1629//1629 1630//1630
f 1628//1628 1630//1630 1631//1631 456//456
f 1628//1628 456//456 455//455 461//461
f 1631//1631 1630//1630 1632//1632 1633//1633
f 1631//1631 1633//1633 1634//1634 451//451
f 1631//1631 451//451 450//450 456//456
f 1634//1634 1633//1633 1635//1635 1636//1636
f 1634//1634 1636//1636 1637//1637 446//446
f 1634//1634 446//446 445//445 451//451
f 1637//1637 1636//1636 1638//1638 1639//1639
f 1637//1637 1639//1639 1640//1640 441//441
f 1637//1637 441//441 440//440 446//446
f 1640//1640 1639//1639 1641//1641 1642//1642
f 1640//1640 1642//1642 1643//1643 436//436
f 1640//1640 436//436 435//435 441//441
f 1643//1643 1642//1642 1644//1644 1645//1645
f 1643//1643 1645//1645 1646//1646 431//431
f 1643//1643 431//431 430//430 436//436
f 1646//1646 1645//1645 1647//1647 1648//1648
f 1646//1646 1648//1648 1649//1649 426//426
f 1646//1646 426//426 425//425 431//431
f 1649//1649 1648//1648 1650//1650 1651//1651
f 1649//1649 1651//1651 1652//1652 421//421
f 1649//1649 421//421 420//420 426//426
f 1652//1652 1651//1651 1653//1653 1654//1654
f 1652//1652 1654//1654 1655//1655 416//416
f 1652//1652 416//416 415//415 421//421
f 1655//1655 1654//1654 1656//1656 1657//1657
f 1655//1655 1657//1657 1658//1658 411//411
f 1655//1655 411//411 410//410 416//416
f 1658//1658 1657//1657 1659//1659 1660//1660
f 1658//1658 1660//1660 1661//1661 406//406
f 1658//1658 406//406 405//405 411//411
f 1661//1661 1660//1660 1662//1662 1663//1663
f 1661//1661 1663//1663 1664//1664 401//401
f 1661//1661 401//401 400//400 406//406
f 1664//1664 1663//1663 1665//1665 1666//1666
f 1664//1664 1666//1666 1667//1667 396//396
f 1664//1664 396//396 395//395 401//401
f 1667//1667 1666//1666 1668//1668 1669//1669
f 1667//1667 1669//1669 1670//1670 391//391
f 1667//1667 391//391 390//390 396//396
f 1670//1670 1669//1669 1671//1671 1672//1672
f 1670//1670 1672//1672 1673//1673 386//386
f 1670//1670 386//386 385//385 391//391
f 1673//1673 1672//1672 1674//1674 1675//1675
f 1673//1673 1675//1675 1676//1676 381//381
f 1673//1673 381//381 380//380 386//386
f 1676//1676 1675//1675 1677//1677 1678//1678
f 1676//1676 1678//1678 1679//1679 376//376
f 1676//1676 376//376 375//375 381//381
f 1679//1679 1678//1678 1680//1680 1681//1681
f 1679//1679 1681//1681 1682//1682 371//371
f 1679//1679 371//371 370//370 376//376
f 1682//1682 1681//1681 1683//1683 1684//1684
f 1682//1682 1684//1684 1685//1685 366//366
f 1682//1682 366//366 365//365 371//371
f 1685//1685 1684//1684 1686//1686 1687//1687
f 1685//1685 1687//1687 1688//1688 361//361
f 1685//1685 361//361 360//360 366//366
f 1688//1688 1687//1687 1689//1689 1690//1690
f 1688//1688 1690//1690 1691//1691 356//356
f 1688//1688 356//356 355//355 361//361
f 1691//1691 1690//1690 1692//1692 1693//1693
f 1691//1691 1693//1693 1694//1694 351//351
f 1691//1691 351//351 350//350 356//356
f 1694//1694 1693//1693 1695//1695 1696//1696
f 1694//1694 1696//1696 1697//1697 346//346
f 1694//1694 346//346 345//345 351//351
f 1697//1697 1696//1696 1698//1698 1699//1699
f 1697//1697 1699//1699 1700//1700 341//341
f 1697//1697 341//341 340//340 346//346
f 1700//1700 1699//1699 1701//1701 1702//1702
f 1700//1700 1702//1702 1703//1703 336//336
f 1700//1700 336//336 335//335 341//341
f 1703//1703 1702//1702 1704//1704 1705//1705
f 1703//1703 1705//1705 1706//1706 331//331
f 1703//1703 331//331 330//330 336//336
f 1706//1706 1705//1705 1707//1707 1708//1708
f 1706//1706 1708//1708 1709//1709 326//326
f 1706//1706 326//326 325//325 331//331
f 1709//1709 1708//1708 1710//1710 1711//1711
f 1709//1709 1711//1711 1712//1712 321//321
f 1709//1709 321//321 320//320 326//326
f 1712//1712 1711//1711 1713//1713 1714//1714
f 1712//1712 1714//1714 1715//1715 316//316
f 1712//1712 316//316 315//315 321//321
f 1715//1715 1714//1714 1716//1716 1717//1717
f 1715//1715 1717//1717 1718//1718 311//311
f 1715//1715 311//311 310//310 316//316
f 1718//1718 1717//1717 1719//1719 1720//1720
f 1718//1718 1720//1720 1721//1721 306//306
f 1718//1718 306//306 305//305 311//311
f 1721//1721 1720//1720 1722//1722 1723//1723
f 1721//1721 1723//1723 1724//1724 301//301
f 1721//1721 301//301 300//300 306//306
f 1724//1724 1723//1723 1725//1725 1726//1726
f 1724//1724 1726//1726 1727//1727 296//296
f 1724//1724 296//296 295//295 301//301
f 1727//1727 1726//1726 1728//1728 1729//1729
f 1727//1727 1729//1729 1730//1730 291//291
f 1727//1727 291//291 290//290 296//296
f 1730//1730 1729//1729 1731//1731 1732//1732
f 1730//1730 1732//1732 1733//1733 286//286
f 1730//1730 286//286 285//285 291//291
f 1733//1733 1732//1732 1734//1734 1735//1735
f 1733//1733 1735//1735 1736//1736 281//281
f 1733//1733 281//281 280//280 286//286
f 1736//1736 1735//1735 1737//1737 1738//1738
f 1736//1736 1738//1738 1739//1739 276//276
f 1736//1736 276//276 275//275 281//281
f 1739//1739 1738//1738 1740//1740 1741//1741
f 1739//1739 1741//1741 1742//1742 271//271
f 1739//1739 271//271 270//270 276//276
f 1742//1742 1741//1741 1743//1743 1744//1744
f 1742//1742 1744//1744 1745//1745 266//266
f 1742//1742 266//266 265//265 271//271
f 1745//1745 1744//1744 1746//1746 1747//1747
f 1745//1745 1747//1747 1748//1748 261//261
f 1745//1745 261//261 260//260 266//266
f 1748//1748 1747//1747 1749//1749 1750//1750
f 1748//1748 1750//1750 1751//1751 256//256
f 1748//1748 256//256 255//255 261//261
f 1751//1751 1750//1750 1752//1752 1753//1753
f 1751//1751 1753//1753 1754//1754 251//251
f 1751//1751 251//251 250//250 256//256
f 1754//1754 1753//1753 1755//1755 1756//1756
f 1754//1754 1756//1756 1757//1757 246//246
f 1754//1754 246//246 245//245 251//251
f 1757//1757 1756//1756 1758//1758 1759//1759
f 1757//1757 1759//1759 1760//1760 241//241
f 1757//1757 241//241 240//240 246//246
f 1760//1760 1759//1759 1761//1761 1762//1762
f 1760//1760 1762//1762 1763//1763 236//236
f 1760//1760 236//236 235//235 241//241
f 1763//1763 1762//1762 1764//1764 1765//1765
f 1763//1763 1765//1765 1766//1766 231//231
f 1763//1763 231//231 230//230 236//236
f 1766//1766 1765//1765 1767//1767 1768//1768
f 1766//1766 1768//1768 1769//1769 226//226
f 1766//1766 226//226 225//225 231//231
f 1769//1769 1768//1768 1770//1770 1771//1771
f 1769//1769 1771//1771 1772//1772 221//221
f 1769//1769 221//221 220//220 226//226
f 1772//1772 1771//1771 1773//1773 1774//1774
f 1772//1772 1774//1774 1775//1775 216//216
f 1772//1772 216//216 215//215 221//221
f 1775//1775 1774//1774 1776//1776 1777//1777
f 1775//1775 1777//1777 1778//1778 211//211
f 1775//1775 211//211 210//210 216//216
f 1778//1778 1777//1777 1779//1779 1780//1780
f 1778//1778 1780//1780 1781//1781 206//206
f 1778//1778 206//206 205//205 211//211
f 1781//1781 1780//1780 1782//1782 1783//1783
f 1781//1781 1783//1783 1784//1784 201//201
f 1781//1781 201//201 200//200 206//206
f 1784//1784 1783//1783 1785//1785 1786//1786
f 1784//1784 1786//1786 1787//1787 196//196
f 1784//1784 196//196 195//195 201//201
f 1787//1787 1786//1786 1788//1788 1789//1789
f 1787//1787 1789//1789 1790//1790 191//191
f 1787//1787 191//191 190//190 196//196
f 1790//1790 1789//1789 1791//1791 1792//1792
f 1790//1790 1792//1792 1793//1793 186//186
f 1790//1790 186//186 185//185 191//191
f 1793//1793 1792//1792 1794//1794 1795//1795
f 1793//1793 1795//1795 1796//1796 181//181
f 1793//1793 181//181 180//180 186//186
f 1796//1796 1795//1795 1797//1797 1798//1798
f 1796//1796 1798//1798 1799//1799 176//176
f 1796//1796 176//176 175//175 181//181
f 1799//1799 1798//1798 1800//1800 1801//1801
f 1799//1799 1801//1801 1802//1802 171//171
f 1799//1799 171//171 170//170 176//176
f 1802//1802 1801//1801 1803//1803 1804//1804
f 1802//1802 1804//1804 1805//1805 166//166
f 1802//1802 166//166 165//165 171//171
f 1805//1805 1804//1804 1806//1806 1807//1807
f 1805//1805 1807//1807 1808//1808 161//161
f 1805//1805 161//161 160//160 166//166
f 1808//1808 1807//1807 1809//1809 1810//1810
f 1808//1808 1810//1810 1811//1811 156//156
f 1808//1808 156//156 155//155 161//161
f 1811//1811 1810//1810 1812//1812 1813//1813
f 1811//1811 1813//1813 1814//1814 151//151
f 1811//1811 151//151 150//150 156//156
f 1814//1814 1813//1813 1815//1815 1816//1816
f 1814//1814 1816//1816 1817//1817 146//146
f 1814//1814 146//146 145//145 151//151
f 1817//1817 1816//1816 1818//1818 1819//1819
f 1817//1817 1819//1819 1820//1820 141//141
f 1817//1817 141//141 140//140 146//146
f 1820//1820 1819//1819 1821//1821 1822//1822
f 1820//1820 1822//1822 1823//1823 136//136
f 1820//1820 136//136 135//135 141//141
f 1823//1823 1822//1822 1824//1824 1825//1825
f 1823//1823 1825//1825 1826//1826 131//131
f 1823//1823 131//131 130//130 136//136
f 1826//1826 1825//1825 1827//1827 1828//1828
f 1826//1826 1828//1828 1829//1829 126//126
f 1826//1826 126//126 125//125 131//131
f 1829//1829 1828//1828 1830//1830 1831//1831
f 1829//1829 1831//1831 1832//1832 121//121
f 1829//1829 121//121 120//120 126//126
f 1832//1832 1831//1831 1833//1833 1834//1834
f 1832//1832 1834//1834 1835//1835 116//116
f 1832//1832 116//116 115//115 121//121
f 1835//1835 1834//1834 1836//1836 1837//1837
f 1835//1835 1837//1837 1838//1838 111//111
f 1835//1835 111//111 110//110 116//116
f 1838//1838 1837//1837 1839//1839 1840//1840
f 1838//1838 1840//1840 1841//1841 106//106
f 1838//1838 106//106 105//105 111//111
f 1841//1841 1840//1840 1842//1842 1843//1843
f 1841//1841 1843//1843 1844//1844 101//101
f 1841//1841 101//101 100//100 106//106
f 1844//1844 1843//1843 1845//1845 1846//1846
f 1844//1844 1846//1846 1847//1847 96//96
f 1844//1844 96//96 95//95 101//101
f 1847//1847 1846//1846 1848//1848 1849//1849
f 1847//1847 1849//1849 1850//1850 91//91
f 1847//1847 91//91 90//90 96//96
f 1850//1850 1849//1849 1851//1851 1852//1852
f 1850//1850 1852//1852 1853//1853 86//86
f 1850//1850 86//86 85//85 91//91
f 1853//1853 1852//1852 1854//1854 1855//1855
f 1853//1853 1855//1855 1856//1856 81//81
f 1853//1853 81//81 80//80 86//86
f 1856//1856 1855//1855 1857//1857 1858//1858
f 1856//1856 1858//1858 1859//1859 76//76
f 1856//1856 76//76 75//75 81//81
f 1859//1859 1858//1858 1860//1860 1861//1861
f 1859//1859 1861//1861 1862//1862 71//71
f 1859//1859 71//71 70//70 76//76
f 1862//1862 1861//1861 1863//1863 1864//1864
f 1862//1862 1864//1864 1865//1865 66//66
f 1862//1862 66//66 65//65 71//71
f 1865//1865 1864//1864 1866//1866 1867//1867
f 1865//1865 1867//1867 1868//1868 61//61
f 1865//1865 61//61 60//60 66//66
f 1868//1868 1867//1867 1869//1869 1870//1870
f 1868//1868 1870//1870 1871//1871 56//56
f 1868//1868 56//56 55//55 61//61
f 1871//1871 1870//1870 1872//1872 1873//1873
f 1871//1871 1873//1873 1874//1874 51//51
f 1871//1871 51//51 50//50 56//56
f 1874//1874 1873//1873 1875//1875 1876//1876
f 1874//1874 1876//1876 1877//1877 46//46
f 1874//1874 46//46 45//45 51//51
f 1877//1877 1876//1876 1878//1878 1879//1879
f 1877//1877 1879//1879 1880//1880 42//42
f 1877//1877 42//42 41//41 46//46
f 1880//1880 1879//1879 1881//1881 1882//1882
f 1880//1880 1882//1882 1883//1883 1884//1884
f 1880//1880 1884//1884 43//43 42//42
f 1884//1884 1885//1885 47//47 43//43
f 1884//1884 1883//1883 1886//1886 1885//1885
f 1886//1886 1887//1887 1888//1888 1885//1885
f 1886//1886 1883//1883 1889//1889 1890//1890
f 1886//1886 1890//1890 1891//1891 1887//1887
f 1891//1891 1892//1892 1893//1893 1887//1887
f 1891//1891 1890//1890 36//36 1894//1894
f 1891//1891 1894//1894 30//30 1892//1892
f 1894//1894 36//36 35//35 1895//1895
f 1894//1894 1895//1895 31//31 30//30
f 1895//1895 1896//1896 34//34 31//31
f 1895//1895 35//35 40//40 1896//1896
f 1896//1896 1897//1897 1898//1898 34//34
f 1896//1896 40//40 1899//1899 1897//1897
f 1899//1899 1900//1900 1901//1901 1897//1897
f 1899//1899 40//40 39//39 1902//1902
f 1899//1899 1902//1902 1903//1903 1900//1900
f 1903//1903 1904//1904 1905//1905 1900//1900
f 1903//1903 1902//1902 1906//1906 1907//1907
f 1903//1903 1907//1907 1908//1908 1904//1904
f 1908//1908 1909//1909 1910//1910 1904//1904
f 1908//1908 1907//1907 1911//1911 1912//1912
f 1908//1908 1912//1912 1913//1913 1909//1909
f 1913//1913 1914//1914 1915//1915 1909//1909
f 1913//1913 1912//1912 1916//1916 1917//1917
f 1913//1913 1917//1917 1918//1918 1914//1914
f 1918//1918 1919//1919 1920//1920 1914//1914
f 1918//1918 1917//1917 1921//1921 1922//1922
f 1918//1918 1922//1922 1923//1923 1919//1919
f 1923//1923 1924//1924 1925//1925 1919//1919
f 1923//1923 1922//1922 1926//1926 1927//1927
f 1923//1923 1927//1927 1928//1928 1924//1924
f 1928//1928 1929//1929 1930//1930 1924//1924
f 1928//1928 1927//1927 1931//1931 1932//1932
f 1928//1928 1932//1932 1933//1933 1929//1929
f 1933//1933 1934//1934 1935//1935 1929//1929
f 1933//1933 1932//1932 1936//1936 1937//1937
f 1933//1933 1937//1937 1938//1938 1934//1934
f 1938//1938 1939//1939 1940//1940 1934//1934
f 1938//1938 1937//1937 1941//1941 1942//1942
f 1938//1938 1942//1942 1943//1943 1939//1939
f 1943//1943 1944//1944 1945//1945 1939//1939
f 1943//1943 1942//1942 1946//1946 1947//1947
f 1943//1943 1947//1947 1948//1948 1944//1944
f 1948//1948 1949//1949 1950//1950 1944//1944
f 1948//1948 1947//1947 1951//1951 1952//1952
f 1948//1948 1952//1952 1953//1953 1949//1949
f 1953//1953 1954//1954 1955//1955 1949//1949
f 1953//1953 1952//1952 1956//1956 1957//1957
f 1953//1953 1957//1957 1958//1958 1954//1954
f 1958//1958 1959//1959 1960//1960 1954//1954
f 1958//1958 1957//1957 1961//1961 1962//1962
f 1958//1958 1962//1962 1963//1963 1959//1959
f 1963//1963 1964//1964 1965//1965 1959//1959
f 1963//1963 1962//1962 1966//1966 1967//1967
f 1963//1963 1967//1967 1968//1968 1964//1964
f 1968//1968 1969//1969 1970//1970 1964//1964
f 1968//1968 1967//1967 1971//1971 1972//1972
f 1968//1968 1972//1972 1973//1973 1969//1969
f 1973//1973 1974//1974 1975//1975 1969//1969
f 1973//1973 1972//1972 1976//1976 1977//1977
f 1973//1973 1977//1977 1978//1978 1974//1974
f 1978//1978 1979//1979 1980//1980 1974//1974
f 1978//1978 1977//1977 1981//1981 1982//1982
f 1978//1978 1982//1982 1983//1983 1979//1979
f 1983//1983 1984//1984 1985//1985 1979//1979
f 1983//1983 1982//1982 1986//1986 1987//1987
f 1983//1983 1987//1987 1988//1988 1984//1984
f 1988//1988 1989//1989 1990//1990 1984//1984
f 1988//1988 1987//1987 1991//1991 1992//1992
f 1988//1988 1992//1992 1993//1993 1989//1989
f 1993//1993 1994//1994 1995//1995 1989//1989
f 1993//1993 1992//1992 1996//1996 1997//1997
f 1993//1993 1997//1997 1998//1998 1994//1994
f 1998//1998 1999//1999 2000//2000 1994//1994
f 1998//1998 1997//1997 2001//2001 2002//2002
f 1998//1998 2002//2002 2003//2003 1999//1999
f 2003//2003 2004//2004 2005//2005 1999//1999
f 2003//2003 2002//2002 2006//2006 2007//2007
f 2003//2003 2007//2007 2008//2008 2004//2004
f 2008//2008 2009//2009 2010//2010 2004//2004
f 2008//2008 2007//2007 2011//2011 2012//2012
f 2008//2008 2012//2012 2013//2013 2009//2009
f 2013//2013 2014//2014 2015//2015 2009//2009
f 2013//2013 2012//2012 2016//2016 2017//2017
f 2013//2013 2017//2017 2018//2018 2014//2014
f 2018//2018 2019//2019 2020//2020 2014//2014
f 2018//2018 2017//2017 2021//2021 2022//2022
f 2018//2018 2022//2022 2023//2023 2019//2019
f 2023//2023 2024//2024 2025//2025 2019//2019
f 2023//2023 2022//2022 2026//2026 2027//2027
f 2023//2023 2027//2027 2028//2028 2024//2024
f 2028//2028 2029//2029 2030//2030 2024//2024
f 2028//2028 2027//2027 2031//2031 2032//2032
f 2028//2028 2032//2032 2033//2033 2029//2029
f 2033//2033 2034//2034 2035//2035 2029//2029
f 2033//2033 2032//2032 2036//2036 2037//2037
f 2033//2033 2037//2037 2038//2038 2034//2034
f 2038//2038 2039//2039 2040//2040 2034//2034
f 2038//2038 2037//2037 2041//2041 2042//2042
f 2038//2038 2042//2042 2043//2043 2039//2039
f 2043//2043 2044//2044 2045//2045 2039//2039
f 2043//2043 2042//2042 2046//2046 2047//2047
f 2043//2043 2047//2047 2048//2048 2044//2044
f 2048//2048 2049//2049 2050//2050 2044//2044
f 2048//2048 2047//2047 2051//2051 2052//2052
f 2048//2048 2052//2052 2053//2053 2049//2049
f 2053//2053 2054//2054 2055//2055 2049//2049
f 2053//2053 2052//2052 2056//2056 2057//2057
f 2053//2053 2057//2057 2058//2058 2054//2054
f 2058//2058 2059//2059 2060//2060 2054//2054
f 2058//2058 2057//2057 2061//2061 2062//2062
f 2058//2058 2062//2062 2063//2063 2059//2059
f 2063//2063 2064//2064 2065//2065 2059//2059
f 2063//2063 2062//2062 2066//2066 2067//2067
f 2063//2063 2067//2067 2068//2068 2064//2064
f 2068//2068 2069//2069 2070//2070 2064//2064
f 2068//2068 2067//2067 2071//2071 2072//2072
f 2068//2068 2072//2072 2073//2073 2069//2069
f 2073//2073 2074//2074 2075//2075 2069//2069
f 2073//2073 2072//2072 2076//2076 2077//2077
f 2073//2073 2077//2077 2078//2078 2074//2074
f 2078//2078 2079//2079 2080//2080 2074//2074
f 2078//2078 2077//2077 2081//2081 2082//2082
f 2078//2078 2082//2082 2083//2083 2079//2079
f 2083//2083 2084//2084 2085//2085 2079//2079
f 2083//2083 2082//2082 2086//2086 2087//2087
f 2083//2083 2087//2087 2088//2088 2084//2084
f 2088//2088 2089//2089 2090//2090 2084//2084
f 2088//2088 2087//2087 2091//2091 2092//2092
f 2088//2088 2092//2092 2093//2093 2089//2089
f 2093//2093 2094//2094 2095//2095 2089//2089
f 2093//2093 2092//2092 2096//2096 2097//2097
f 2093//2093 2097//2097 2098//2098 2094//2094
f 2098//2098 2099//2099 2100//2100 2094//2094
f 2098//2098 2097//2097 2101//2101 2102//2102
f 2098//2098 2102//2102 2103//2103 2099//2099
f 2103//2103 2104//2104 2105//2105 2099//2099
f 2103//2103 2102//2102 2106//2106 2107//2107
f 2103//2103 2107//2107 2108//2108 2104//2104
f 2108//2108 2109//2109 2110//2110 2104//2104
f 2108//2108 2107//2107 2111//2111 2112//2112
f 2108//2108 2112//2112 2113//2113 2109//2109
f 2113//2113 2114//2114 2115//2115 2109//2109
f 2113//2113 2112//2112 2116//2116 2117//2117
f 2113//2113 2117//2117 2118//2118 2114//2114
f 2118//2118 2119//2119 2120//2120 2114//2114
f 2118//2118 2117//2117 2121//2121 2122//2122
f 2118//2118 2122//2122 2123//2123 2119//2119
f 2123//2123 2124//2124 2125//2125 2119//2119
f 2123//2123 2122//2122 2126//2126 2127//2127
f 2123//2123 2127//2127 2128//2128 2124//2124
f 2128//2128 2129//2129 2130//2130 2124//2124
f 2128//2128 2127//2127 2131//2131 2132//2132
f 2128//2128 2132//2132 2133//2133 2129//2129
f 2133//2133 2134//2134 2135//2135 2129//2129
f 2133//2133 2132//2132 2136//2136 2137//2137
f 2133//2133 2137//2137 2138//2138 2134//2134
f 2138//2138 2139//2139 2140//2140 2134//2134
f 2138//2138 2137//2137 2141//2141 2142//2142
f 2138//2138 2142//2142 2143//2143 2139//2139
f 2143//2143 2144//2144 2145//2145 2139//2139
f 2143//2143 2142//2142 2146//2146 2147//2147
f 2143//2143 2147//2147 2148//2148 2144//2144
f 2148//2148 2149//2149 2150//2150 2144//2144
f 2148//2148 2147//2147 2151//2151 2152//2152
f 2148//2148 2152//2152 2153//2153 2149//2149
f 2153//2153 2154//2154 2155//2155 2149//2149
f 2153//2153 2152//2152 2156//2156 2157//2157
f 2153//2153 2157//2157 2158//2158 2154//2154
f 2158//2158 2159//2159 2160//2160 2154//2154
f 2158//2158 2157//2157 2161//2161 2162//2162
f 2158//2158 2162//2162 2163//2163 2159//2159
f 2163//2163 2164//2164 2165//2165 2159//2159
f 2163//2163 2162//2162 2166//2166 2167//2167
f 2163//2163 2167//2167 2168//2168 2164//2164
f 2168//2168 2169//2169 2170//2170 2164//2164
f 2168//2168 2167//2167 2171//2171 2172//2172
f 2168//2168 2172//2172 2173//2173 2169//2169
f 2173//2173 2174//2174 2175//2175 2169//2169
f 2173//2173 2172//2172 2176//2176 2177//2177
f 2173//2173 2177//2177 2178//2178 2174//2174
f 2178//2178 2179//2179 2180//2180 2174//2174
f 2178//2178 2177//2177 2181//2181 2182//2182
f 2178//2178 2182//2182 2183//2183 2179//2179
f 2183//2183 2184//2184 2185//2185 2179//2179
f 2183//2183 2182//2182 2186//2186 2187//2187
f 2183//2183 2187//2187 2188//2188 2184//2184
f 2188//2188 2189//2189 2190//2190 2184//2184
f 2188//2188 2187//2187 2191//2191 2192//2192
f 2188//2188 2192//2192 2193//2193 2189//2189
f 2193//2193 2194//2194 2195//2195 2189//2189
f 2193//2193 2192//2192 2196//2196 2197//2197
f 2193//2193 2197//2197 2198//2198 2194//2194
f 2198//2198 2199//2199 2200//2200 2194//2194
f 2198//2198 2197//2197 2201//2201 2202//2202
f 2198//2198 2202//2202 2203//2203 2199//2199
f 2203//2203 2204//2204 2205//2205 2199//2199
f 2203//2203 2202//2202 2206//2206 2207//2207
f 2203//2203 2207//2207 2208//2208 2204//2204
f 2208//2208 2209//2209 2210//2210 2204//2204
f 2208//2208 2207//2207 2211//2211 2212//2212
f 2208//2208 2212//2212 2213//2213 2209//2209
f 2213//2213 2214//2214 2215//2215 2209//2209
f 2213//2213 2212//2212 2216//2216 2217//2217
f 2213//2213 2217//2217 2218//2218 2214//2214
f 2218//2218 2219//2219 2220//2220 2214//2214
f 2218//2218 2217//2217 2221//2221 2222//2222
f 2218//2218 2222//2222 2223//2223 2219//2219
f 2223//2223 2224//2224 2225//2225 2219//2219
f 2223//2223 2222//2222 2226//2226 2227//2227
f 2223//2223 2227//2227 2228//2228 2224//2224
f 2228//2228 2229//2229 2230//2230 2224//2224
f 2228//2228 2227//2227 2231//2231 2232//2232
f 2228//2228 2232//2232 2233//2233 2229//2229
f 2233//2233 2234//2234 2235//2235 2229//2229
f 2233//2233 2232//2232 2236//2236 2237//2237
f 2233//2233 2237//2237 2238//2238 2234//2234
f 2238//2238 2239//2239 2240//2240 2234//2234
f 2238//2238 2237//2237 2241//2241 2242//2242
f 2238//2238 2242//2242 2243//2243 2239//2239
f 2243//2243 2244//2244 2245//2245 2239//2239
f 2243//2243 2242//2242 2246//2246 2247//2247
f 2243//2243 2247//2247 2248//2248 2244//2244
f 2248//2248 2249//2249 2250//2250 2244//2244
f 2248//2248 2247//2247 2251//2251 2252//2252
f 2248//2248 2252//2252 2253//2253 2249//2249
f 2253//2253 2254//2254 2255//2255 2249//2249
f 2253//2253 2252//2252 2256//2256 2257//2257
f 2253//2253 2257//2257 2258//2258 2254//2254
f 2258//2258 2259//2259 2260//2260 2254//2254
f 2258//2258 2257//2257 2261//2261 2262//2262
f 2258//2258 2262//2262 2263//2263 2259//2259
f 2263//2263 2264//2264 2265//2265 2259//2259
f 2263//2263 2262//2262 2266//2266 2267//2267
f 2263//2263 2267//2267 2268//2268 2264//2264
f 2268//2268 2269//2269 2270//2270 2264//2264
f 2268//2268 2267//2267 2271//2271 2272//2272
f 2268//2268 2272//2272 2273//2273 2269//2269
f 2273//2273 2274//2274 2275//2275 2269//2269
f 2273//2273 2272//2272 2276//2276 2277//2277
f 2273//2273 2277//2277 2278//2278 2274//2274
f 2278//2278 2279//2279 2280//2280 2274//2274
f 2278//2278 2277//2277 2281//2281 2282//2282
f 2278//2278 2282//2282 2283//2283 2279//2279
f 2283//2283 2284//2284 2285//2285 2279//2279
f 2283//2283 2282//2282 2286//2286 2287//2287
f 2283//2283 2287//2287 2288//2288 2284//2284
f 2288//2288 2289//2289 2290//2290 2284//2284
f 2288//2288 2287//2287 2291//2291 2292//2292
f 2288//2288 2292//2292 2293//2293 2289//2289
f 2293//2293 2294//2294 2295//2295 2289//2289
f 2293//2293 2292//2292 2296//2296 2297//2297
f 2293//2293 2297//2297 2298//2298 2294//2294
f 2298//2298 2299//2299 2300//2300 2294//2294
f 2298//2298 2297//2297 2301//2301 2302//2302
f 2298//2298 2302//2302 2303//2303 2299//2299
f 2303//2303 2304//2304 2305//2305 2299//2299
f 2303//2303 2302//2302 2306//2306 2307//2307
f 2303//2303 2307//2307 2308//2308 2304//2304
f 2308//2308 2309//2309 2310//2310 2304//2304
f 2308//2308 2307//2307 2311//2311 2312//2312
f 2308//2308 2312//2312 2313//2313 2309//2309
f 2313//2313 2314//2314 2315//2315 2309//2309
f 2313//2313 2312//2312 2316//2316 2317//2317
f 2313//2313 2317//2317 2318//2318 2314//2314
f 2318//2318 2319//2319 2320//2320 2314//2314
f 2318//2318 2317//2317 2321//2321 2322//2322
f 2318//2318 2322//2322 2323//2323 2319//2319
f 2323//2323 2324//2324 2325//2325 2319//2319
f 2323//2323 2322//2322 2326//2326 2327//2327
f 2323//2323 2327//2327 2328//2328 2324//2324
f 2328//2328 2329//2329 2330//2330 2324//2324
f 2328//2328 2327//2327 2331//2331 2332//2332
f 2328//2328 2332//2332 2333//2333 2329//2329
f 2333//2333 2334//2334 2335//2335 2329//2329
f 2333//2333 2332//2332 2336//2336 2337//2337
f 2333//2333 2337//2337 2338//2338 2334//2334
f 2338//2338 2339//2339 2340//2340 2334//2334
f 2338//2338 2337//2337 2341//2341 2342//2342
f 2338//2338 2342//2342 2343//2343 2339//2339
f 2343//2343 2344//2344 2345//2345 2339//2339
f 2343//2343 2342//2342 2346//2346 2347//2347
f 2343//2343 2347//2347 2348//2348 2344//2344
f 2348//2348 2349//2349 2350//2350 2344//2344
f 2348//2348 2347//2347 2351//2351 2352//2352
f 2348//2348 2352//2352 2353//2353 2349//2349
f 2353//2353 2354//2354 2355//2355 2349//2349
f 2353//2353 2352//2352 2356//2356 2357//2357
f 2353//2353 2357//2357 2358//2358 2354//2354
f 2358//2358 2359//2359 2360//2360 2354//2354
f 2358//2358 2357//2357 2361//2361 2362//2362
f 2358//2358 2362//2362 2363//2363 2359//2359
f 2363//2363 2364//2364 2365//2365 2359//2359
f 2363//2363 2362//2362 2366//2366 2367//2367
f 2363//2363 2367//2367 2368//2368 2364//2364
f 2368//2368 2369//2369 2370//2370 2364//2364
f 2368//2368 2367//2367 2371//2371 2372//2372
f 2368//2368 2372//2372 2373//2373 2369//2369
f 2373//2373 2374//2374 2375//2375 2369//2369
f 2373//2373 2372//2372 2376//2376 2377//2377
f 2373//2373 2377//2377 2378//2378 2374//2374
f 2378//2378 2379//2379 2380//2380 2374//2374
f 2378//2378 2377//2377 2381//2381 2382//2382
f 2378//2378 2382//2382 2383//2383 2379//2379
f 2383//2383 2384//2384 2385//2385 2379//2379
f 2383//2383 2382//2382 2386//2386 2387//2387
f 2383//2383 2387//2387 2388//2388 2384//2384
f 2388//2388 2389//2389 2390//2390 2384//2384
f 2388//2388 2387//2387 2391//2391 2392//2392
f 2388//2388 2392//2392 2393//2393 2389//2389
f 2393//2393 2394//2394 2395//2395 2389//2389
f 2393//2393 2392//2392 2396//2396 2397//2397
f 2393//2393 2397//2397 2398//2398 2394//2394
f 2398//2398 2399//2399 2400//2400 2394//2394
f 2398//2398 2397//2397 2401//2401 2402//2402
f 2398//2398 2402//2402 2403//2403 2399//2399
f 2403//2403 2404//2404 2405//2405 2399//2399
f 2403//2403 2402//2402 2406//2406 2407//2407
f 2403//2403 2407//2407 2408//2408 2404//2404
f 2408//2408 2409//2409 2410//2410 2404//2404
f 2408//2408 2407//2407 2411//2411 2412//2412
f 2408//2408 2412//2412 2413//2413 2409//2409
f 2413//2413 2414//2414 2415//2415 2409//2409
f 2413//2413 2412//2412 2416//2416 2417//2417
f 2413//2413 2417//2417 2418//2418 2414//2414
f 2418//2418 2419//2419 2420//2420 2414//2414
f 2418//2418 2417//2417 2421//2421 2422//2422
f 2418//2418 2422//2422 2423//2423 2419//2419
f 2423//2423 2424//2424 2425//2425 2419//2419
f 2423//2423 2422//2422 2426//2426 2427//2427
f 2423//2423 2427//2427 2428//2428 2424//2424
f 2428//2428 2429//2429 2430//2430 2424//2424
f 2428//2428 2427//2427 2431//2431 2432//2432
f 2428//2428 2432//2432 2433//2433 2429//2429
f 2433//2433 2434//2434 2435//2435 2429//2429
f 2433//2433 2432//2432 2436//2436 2437//2437
f 2433//2433 2437//2437 2438//2438 2434//2434
f 2438//2438 2439//2439 2440//2440 2434//2434
f 2438//2438 2437//2437 2441//2441 2442//2442
f 2438//2438 2442//2442 2443//2443 2439//2439
f 2443//2443 2444//2444 2445//2445 2439//2439
f 2443//2443 2442//2442 2446//2446 2447//2447
f 2443//2443 2447//2447 2448//2448 2444//2444
f 2448//2448 2449//2449 2450//2450 2444//2444
f 2448//2448 2447//2447 2451//2451 2452//2452
f 2448//2448 2452//2452 2453//2453 2449//2449
f 2453//2453 2454//2454 2455//2455 2449//2449
f 2453//2453 2452//2452 2456//2456 2457//2457
f 2453//2453 2457//2457 2458//2458 2454//2454
f 2458//2458 2459//2459 2460//2460 2454//2454
f 2458//2458 2457//2457 2461//2461 2462//2462
f 2458//2458 2462//2462 2463//2463 2459//2459
f 2463//2463 2464//2464 2465//2465 2459//2459
f 2463//2463 2462//2462 2466//2466 2467//2467
f 2463//2463 2467//2467 2468//2468 2464//2464
f 2468//2468 2469//2469 2470//2470 2464//2464
f 2468//2468 2467//2467 2471//2471 2472//2472
f 2468//2468 2472//2472 2473//2473 2469//2469
f 2473//2473 2474//2474 2475//2475 2469//2469
f 2473//2473 2472//2472 2476//2476 2477//2477
f 2473//2473 2477//2477 2478//2478 2474//2474
f 2478//2478 2479//2479 2480//2480 2474//2474
f 2478//2478 2477//2477 2481//2481 2482//2482
f 2478//2478 2482//2482 2483//2483 2479//2479
f 2483//2483 2484//2484 2485//2485 2479//2479
f 2483//2483 2482//2482 2486//2486 2487//2487
f 2483//2483 2487//2487 2488//2488 2484//2484
f 2488//2488 2489//2489 2490//2490 2484//2484
f 2488//2488 2487//2487 2491//2491 2492//2492
f 2488//2488 2492//2492 2493//2493 2489//2489
f 2493//2493 2494//2494 2495//2495 2489//2489
f 2493//2493 2492//2492 2496//2496 2497//2497
f 2493//2493 2497//2497 2498//2498 2494//2494
f 2498//2498 2499//2499 2500//2500 2494//2494
f 2498//2498 2497//2497 2501//2501 2502//2502
f 2498//2498 2502//2502 2503//2503 2499//2499
f 2503//2503 2504//2504 2505//2505 2499//2499
f 2503//2503 2502//2502 2506//2506 2507//2507
f 2503//2503 2507//2507 2508//2508 2504//2504
f 2508//2508 2509//2509 2510//2510 2504//2504
f 2508//2508 2507//2507 2511//2511 2512//2512
f 2508//2508 2512//2512 2513//2513 2509//2509
f 2513//2513 2514//2514 2515//2515 2509//2509
f 2513//2513 2512//2512 2516//2516 2517//2517
f 2513//2513 2517//2517 2518//2518 2514//2514
f 2518//2518 2519//2519 2520//2520 2514//2514
f 2518//2518 2517//2517 2521//2521 2522//2522
f 2518//2518 2522//2522 2523//2523 2519//2519
f 2523//2523 2524//2524 2525//2525 2519//2519
f 2523//2523 2522//2522 2526//2526 2527//2527
f 2523//2523 2527//2527 2528//2528 2524//2524
f 2528//2528 2529//2529 2530//2530 2524//2524
f 2528//2528 2527//2527 2531//2531 2532//2532
f 2528//2528 2532//2532 2533//2533 2529//2529
f 2533//2533 2534//2534 2535//2535 2529//2529
f 2533//2533 2532//2532 2536//2536 2537//2537
f 2533//2533 2537//2537 2538//2538 2534//2534
f 2538//2538 2539//2539 2540//2540 2534//2534
f 2538//2538 2537//2537 2541//2541 2542//2542
f 2538//2538 2542//2542 2543//2543 2539//2539
f 2543//2543 2544//2544 2545//2545 2539//2539
f 2543//2543 2542//2542 2546//2546 2547//2547
f 2543//2543 2547//2547 2548//2548 2544//2544
f 2548//2548 2549//2549 2550//2550 2544//2544
f 2548//2548 2547//2547 2551//2551 2552//2552
f 2548//2548 2552//2552 2553//2553 2549//2549
f 2553//2553 2554//2554 2555//2555 2549//2549
f 2553//2553 2552//2552 2556//2556 2557//2557
f 2553//2553 2557//2557 2558//2558 2554//2554
f 2558//2558 2559//2559 2560//2560 2554//2554
f 2558//2558 2557//2557 2561//2561 2562//2562
f 2558//2558 2562//2562 2563//2563 2559//2559
f 2563//2563 2564//2564 2565//2565 2559//2559
f 2563//2563 2562//2562 2566//2566 2567//2567
f 2563//2563 2567//2567 2568//2568 2564//2564
f 2568//2568 2569//2569 2570//2570 2564//2564
f 2568//2568 2567//2567 2571//2571 2572//2572
f 2568//2568 2572//2572 2573//2573 2569//2569
f 2573//2573 2574//2574 2575//2575 2569//2569
f 2573//2573 2572//2572 2576//2576 2577//2577
f 2573//2573 2577//2577 2578//2578 2574//2574
f 2578//2578 2579//2579 2580//2580 2574//2574
f 2578//2578 2577//2577 2581//2581 2582//2582
f 2578//2578 2582//2582 2583//2583 2579//2579
f 2583//2583 2584//2584 2585//2585 2579//2579
f 2583//2583 2582//2582 2586//2586 2587//2587
f 2583//2583 2587//2587 2588//2588 2584//2584
f 2588//2588 2589//2589 2590//2590 2584//2584
f 2588//2588 2587//2587 2591//2591 2592//2592
f 2588//2588 2592//2592 2593//2593 2589//2589
f 2593//2593 2594//2594 2595//2595 2589//2589
f 2593//2593 2592//2592 2596//2596 2597//2597
f 2593//2593 2597//2597 2598//2598 2594//2594
f 2598//2598 2599//2599 2600//2600 2594//2594
f 2598//2598 2597//2597 2601//2601 2602//2602
f 2598//2598 2602//2602 2603//2603 2599//2599
f 2603//2603 2604//2604 2605//2605 2599//2599
f 2603//2603 2602//2602 2606//2606 2607//2607
f 2603//2603 2607//2607 2608//2608 2604//2604
f 2608//2608 2609//2609 2610//2610 2604//2604
f 2608//2608 2607//2607 2611//2611 2612//2612
f 2608//2608 2612//2612 2613//2613 2609//2609
f 2613//2613 2614//2614 2615//2615 2609//2609
f 2613//2613 2612//2612 2616//2616 2617//2617
f 2613//2613 2617//2617 2618//2618 2614//2614
f 2618//2618 2619//2619 2620//2620 2614//2614
f 2618//2618 2617//2617 2621//2621 2622//2622
f 2618//2618 2622//2622 2623//2623 2619//2619
f 2623//2623 2624//2624 2625//2625 2619//2619
f 2623//2623 2622//2622 2626//2626 2627//2627
f 2623//2623 2627//2627 2628//2628 2624//2624
f 2628//2628 2629//2629 2630//2630 2624//2624
f 2628//2628 2627//2627 2631//2631 2632//2632
f 2628//2628 2632//2632 2633//2633 2629//2629
f 2633//2633 2634//2634 2635//2635 2629//2629
f 2633//2633 2632//2632 2636//2636 2637//2637
f 2633//2633 2637//2637 2638//2638 2634//2634
f 2638//2638 2639//2639 2640//2640 2634//2634
f 2638//2638 2637//2637 2641//2641 2642//2642
f 2638//2638 2642//2642 2643//2643 2639//2639
f 2643//2643 2644//2644 2645//2645 2639//2639
f 2643//2643 2642//2642 2646//2646 2647//2647
f 2643//2643 2647//2647 2648//2648 2644//2644
f 2648//2648 2649//2649 2650//2650 2644//2644
f 2648//2648 2647//2647 2651//2651 2652//2652
f 2648//2648 2652//2652 2653//2653 2649//2649
f 2653//2653 2654//2654 2655//2655 2649//2649
f 2653//2653 2652//2652 2656//2656 2657//2657
f 2653//2653 2657//2657 2658//2658 2654//2654
f 2658//2658 2659//2659 2660//2660 2654//2654
f 2658//2658 2657//2657 2661//2661 2662//2662
f 2658//2658 2662//2662 2663//2663 2659//2659
f 2663//2663 2664//2664 2665//2665 2659//2659
f 2663//2663 2662//2662 2666//2666 2667//2667
f 2663//2663 2667//2667 2668//2668 2664//2664
f 2668//2668 2669//2669 2670//2670 2664//2664
f 2668//2668 2667//2667 2671//2671 2672//2672
f 2668//2668 2672//2672 2673//2673 2669//2669
f 2673//2673 2674//2674 2675//2675 2669//2669
f 2673//2673 2672//2672 2676//2676 2677//2677
f 2673//2673 2677//2677 2678//2678 2674//2674
f 2678//2678 2679//2679 2680//2680 2674//2674
f 2678//2678 2677//2677 2681//2681 2682//2682
f 2678//2678 2682//2682 2683//2683 2679//2679
f 2683//2683 2684//2684 2685//2685 2679//2679
f 2683//2683 2682//2682 2686//2686 2687//2687
f 2683//2683 2687//2687 2688//2688 2684//2684
f 2688//2688 2689//2689 2690//2690 2684//2684
f 2688//2688 2687//2687 2691//2691 2692//2692
f 2688//2688 2692//2692 2693//2693 2689//2689
f 2693//2693 2694//2694 2695//2695 2689//2689
f 2693//2693 2692//2692 2696//2696 2697//2697
f 2693//2693 2697//2697 2698//2698 2694//2694
f 2698//2698 2699//2699 2700//2700 2694//2694
f 2698//2698 2697//2697 2701//2701 2702//2702
f 2698//2698 2702//2702 2703//2703 2699//2699
f 2703//2703 2704//2704 2705//2705 2699//2699
f 2703//2703 2702//2702 2706//2706 2707//2707
f 2703//2703 2707//2707 2708//2708 2704//2704
f 2708//2708 2709//2709 2710//2710 2704//2704
f 2708//2708 2707//2707 2711//2711 2712//2712
f 2708//2708 2712//2712 2713//2713 2709//2709
f 2713//2713 2714//2714 2715//2715 2709//2709
f 2713//2713 2712//2712 2716//2716 2717//2717
f 2713//2713 2717//2717 2718//2718 2714//2714
f 2718//2718 2719//2719 2720//2720 2714//2714
f 2718//2718 2717//2717 2721//2721 2722//2722
f 2718//2718 2722//2722 2723//2723 2719//2719
f 2723//2723 2724//2724 2725//2725 2719//2719
f 2723//2723 2722//2722 2726//2726 2727//2727
f 2723//2723 2727//2727 2728//2728 2724//2724
f 2728//2728 2729//2729 2730//2730 2724//2724
f 2728//2728 2727//2727 2731//2731 2732//2732
f 2728//2728 2732//2732 2733//2733 2729//2729
f 2733//2733 2734//2734 2735//2735 2729//2729
f 2733//2733 2732//2732 2736//2736 2737//2737
f 2733//2733 2737//2737 2738//2738 2734//2734
f 2738//2738 2739//2739 2740//2740 2734//2734
f 2738//2738 2737//2737 2741//2741 2742//2742
f 2738//2738 2742//2742 2743//2743 2739//2739
f 2743//2743 2744//2744 2745//2745 2739//2739
f 2743//2743 2742//2742 2746//2746 2747//2747
f 2743//2743 2747//2747 2748//2748 2744//2744
f 2748//2748 2749//2749 2750//2750 2744//2744
f 2748//2748 2747//2747 2751//2751 2752//2752
f 2748//2748 2752//2752 2753//2753 2749//2749
f 2753//2753 2754//2754 2755//2755 2749//2749
f 2753//2753 2752//2752 2756//2756 2757//2757
f 2753//2753 2757//2757 2758//2758 2754//2754
f 2758//2758 2759//2759 2760//2760 2754//2754
f 2758//2758 2757//2757 2761//2761 2762//2762
f 2758//2758 2762//2762 2763//2763 2759//2759
f 2763//2763 2764//2764 2765//2765 2759//2759
f 2763//2763 2762//2762 2766//2766 2767//2767
f 2763//2763 2767//2767 2768//2768 2764//2764
f 2768//2768 2769//2769 2770//2770 2764//2764
f 2768//2768 2767//2767 2771//2771 2772//2772
f 2768//2768 2772//2772 2773//2773 2769//2769
f 2773//2773 2774//2774 2775//2775 2769//2769
f 2773//2773 2772//2772 2776//2776 2777//2777
f 2773//2773 2777//2777 2778//2778 2774//2774
f 2778//2778 2779//2779 2780//2780 2774//2774
f 2778//2778 2777//2777 2781//2781 2782//2782
f 2778//2778 2782//2782 2783//2783 2779//2779
f 2783//2783 2784//2784 2785//2785 2779//2779
f 2783//2783 2782//2782 2786//2786 2787//2787
f 2783//2783 2787//2787 2788//2788 2784//2784
f 2788//2788 2789//2789 2790//2790 2784//2784
f 2788//2788 2787//2787 2791//2791 2792//2792
f 2788//2788 2792//2792 2793//2793 2789//2789
f 2793//2793 2794//2794 2795//2795 2789//2789
f 2793//2793 2792//2792 2796//2796 2797//2797
f 2793//2793 2797//2797 2798//2798 2794//2794
f 2798//2798 2799//2799 2800//2800 2794//2794
f 2798//2798 2797//2797 2801//2801 2802//2802
f 2798//2798 2802//2802 2803//2803 2799//2799
f 2803//2803 2804//2804 2805//2805 2799//2799
f 2803//2803 2802//2802 2806//2806 2807//2807
f 2803//2803 2807//2807 2808//2808 2804//2804
f 2808//2808 2809//2809 2810//2810 2804//2804
f 2808//2808 2807//2807 2811//2811 2812//2812
f 2808//2808 2812//2812 2813//2813 2809//2809
f 2813//2813 2814//2814 2815//2815 2809//2809
f 2813//2813 2812//2812 2816//2816 2817//2817
f 2813//2813 2817//2817 2818//2818 2814//2814
f 2818//2818 2819//2819 2820//2820 2814//2814
f 2818//2818 2817//2817 2821//2821 2822//2822
f 2818//2818 2822//2822 2823//2823 2819//2819
f 2823//2823 2824//2824 2825//2825 2819//2819
f 2823//2823 2822//2822 2826//2826 2827//2827
f 2823//2823 2827//2827 2828//2828 2824//2824
f 2828//2828 2829//2829 2830//2830 2824//2824
f 2828//2828 2827//2827 2831//2831 2832//2832
f 2828//2828 2832//2832 2833//2833 2829//2829
f 2833//2833 2834//2834 2835//2835 2829//2829
f 2833//2833 2832//2832 2836//2836 2837//2837
f 2833//2833 2837//2837 2838//2838 2834//2834
f 2838//2838 2839//2839 2840//2840 2834//2834
f 2838//2838 2837//2837 2841//2841 2842//2842
f 2838//2838 2842//2842 2843//2843 2839//2839
f 2843//2843 2844//2844 2845//2845 2839//2839
f 2843//2843 2842//2842 2846//2846 2847//2847
f 2843//2843 2847//2847 2848//2848 2844//2844
f 2848//2848 2849//2849 2850//2850 2844//2844
f 2848//2848 2847//2847 2851//2851 2852//2852
f 2848//2848 2852//2852 2853//2853 2849//2849
f 2853//2853 2854//2854 2855//2855 2849//2849
f 2853//2853 2852//2852 2856//2856 2857//2857
f 2853//2853 2857//2857 2858//2858 2854//2854
f 2858//2858 2859//2859 2860//2860 2854//2854
f 2858//2858 2857//2857 2861//2861 2862//2862
f 2858//2858 2862//2862 2863//2863 2859//2859
f 2863//2863 2864//2864 2865//2865 2859//2859
f 2863//2863 2862//2862 2866//2866 2867//2867
f 2863//2863 2867//2867 2868//2868 2864//2864
f 2868//2868 2869//2869 2870//2870 2864//2864
f 2868//2868 2867//2867 2871//2871 2872//2872
f 2868//2868 2872//2872 2873//2873 2869//2869
f 2873//2873 2874//2874 2875//2875 2869//2869
f 2873//2873 2872//2872 2876//2876 2877//2877
f 2873//2873 2877//2877 2878//2878 2874//2874
f 2878//2878 2879//2879 2880//2880 2874//2874
f 2878//2878 2877//2877 2881//2881 2882//2882
f 2878//2878 2882//2882 2883//2883 2879//2879
f 2883//2883 2884//2884 2885//2885 2879//2879
f 2883//2883 2882//2882 2886//2886 2887//2887
f 2883//2883 2887//2887 2888//2888 2884//2884
f 2888//2888 2889//2889 2890//2890 2884//2884
f 2888//2888 2887//2887 2891//2891 2892//2892
f 2888//2888 2892//2892 2893//2893 2889//2889
f 2893//2893 2894//2894 2895//2895 2889//2889
f 2893//2893 2892//2892 2896//2896 2897//2897
f 2893//2893 2897//2897 2898//2898 2894//2894
f 2898//2898 2899//2899 2900//2900 2894//2894
f 2898//2898 2897//2897 2901//2901 2902//2902
f 2898//2898 2902//2902 2903//2903 2899//2899
f 2903//2903 2904//2904 2905//2905 2899//2899
f 2903//2903 2902//2902 2906//2906 2907//2907
f 2903//2903 2907//2907 2908//2908 2904//2904
f 2908//2908 2909//2909 2910//2910 2904//2904
f 2908//2908 2907//2907 2911//2911 2912//2912
f 2908//2908 2912//2912 2913//2913 2909//2909
f 2913//2913 2914//2914 2915//2915 2909//2909
f 2913//2913 2912//2912 2916//2916 2917//2917
f 2913//2913 2917//2917 2918//2918 2914//2914
f 2918//2918 2919//2919 2920//2920 2914//2914
f 2918//2918 2917//2917 2921//2921 2922//2922
f 2918//2918 2922//2922 2923//2923 2919//2919
f 2923//2923 2924//2924 2925//2925 2919//2919
f 2923//2923 2922//2922 2926//2926 2927//2927
f 2923//2923 2927//2927 2928//2928 2924//2924
f 2928//2928 2929//2929 2930//2930 2924//2924
f 2928//2928 2927//2927 2931//2931 2932//2932
f 2928//2928 2932//2932 2933//2933 2929//2929
f 2933//2933 2934//2934 2935//2935 2929//2929
f 2933//2933 2932//2932 2936//2936 2937//2937
f 2933//2933 2937//2937 2938//2938 2934//2934
f 2938//2938 2939//2939 2940//2940 2934//2934
f 2938//2938 2937//2937 2941//2941 2942//2942
f 2938//2938 2942//2942 2943//2943 2939//2939
f 2943//2943 2944//2944 2945//2945 2939//2939
f 2943//2943 2942//2942 2946//2946 2947//2947
f 2943//2943 2947//2947 2948//2948 2944//2944
f 2948//2948 2949//2949 2950//2950 2944//2944
f 2948//2948 2947//2947 2951//2951 2952//2952
f 2948//2948 2952//2952 2953//2953 2949//2949
f 2953//2953 2954//2954 2955//2955 2949//2949
f 2953//2953 2952//2952 2956//2956 2957//2957
f 2953//2953 2957//2957 2958//2958 2954//2954
f 2958//2958 2959//2959 2960//2960 2954//2954
f 2958//2958 2957//2957 2961//2961 2962//2962
f 2958//2958 2962//2962 2963//2963 2959//2959
f 2963//2963 2964//2964 2965//2965 2959//2959
f 2963//2963 2962//2962 2966//2966 2967//2967
f 2963//2963 2967//2967 2968//2968 2964//2964
f 2968//2968 2969//2969 2970//2970 2964//2964
f 2968//2968 2967//2967 2971//2971 2972//2972
f 2968//2968 2972//2972 2973//2973 2969//2969
f 2973//2973 2974//2974 2975//2975 2969//2969
f 2973//2973 2972//2972 2976//2976 2977//2977
f 2973//2973 2977//2977 2978//2978 2974//2974
f 2978//2978 2979//2979 2980//2980 2974//2974
f 2978//2978 2977//2977 2981//2981 2982//2982
f 2978//2978 2982//2982 2983//2983 2979//2979
f 2983//2983 2984//2984 2985//2985 2979//2979
f 2983//2983 2982//2982 2986//2986 2987//2987
f 2983//2983 2987//2987 2988//2988 2984//2984
f 2988//2988 2989//2989 2990//2990 2984//2984
f 2988//2988 2987//2987 2991//2991 2992//2992
f 2988//2988 2992//2992 2993//2993 2989//2989
f 2993//2993 2994//2994 2995//2995 2989//2989
f 2993//2993 2992//2992 2996//2996 2997//2997
f 2993//2993 2997//2997 2998//2998 2994//2994
f 2998//2998 2999//2999 3000//3000 2994//2994
f 2998//2998 2997//2997 3001//3001 3002//3002
f 2998//2998 3002//3002 3003//3003 2999//2999
f 3003//3003 3004//3004 3005//3005 2999//2999
f 3003//3003 3002//3002 3006//3006 3007//3007
f 3003//3003 3007//3007 3008//3008 3004//3004
f 3008//3008 18//18 3009//3009 3004//3004
f 3008//3008 3007//3007 3010//3010 3011//3011
f 3008//3008 3011//3011 15//15 18//18
f 3011//3011 3010//3010 3012//3012 3013//3013
f 3011//3011 3013//3013 16//16 15//15
f 3013//3013 3012//3012 1218//1218 3014//3014
f 3013//3013 3014//3014 1202//1202 16//16
f 3014//3014 1218//1218 1216//1216 1205//1205
f 3014//3014 1205//1205 1203//1203 1202//1202
f 3012//3012 3010//3010 3015//3015 1221//1221
f 3012//3012 1221//1221 1219//1219 1218//1218
f 3015//3015 3010//3010 3007//3007 3006//3006
f 3015//3015 3006//3006 3016//3016 1224//1224
f 3015//3015 1224//1224 1222//1222 1221//1221
f 3016//3016 3006//3006 3002//3002 3001//3001
f 3016//3016 3001//3001 3017//3017 1227//1227
f 3016//3016 1227//1227 1225//1225 1224//1224
f 3017//3017 3001//3001 2997//2997 2996//2996
f 3017//3017 2996//2996 3018//3018 1230//1230
f 3017//3017 1230//1230 1228//1228 1227//1227
f 3018//3018 2996//2996 2992//2992 2991//2991
f 3018//3018 2991//2991 3019//3019 1233//1233
f 3018//3018 1233//1233 1231//1231 1230//1230
f 3019//3019 2991//2991 2987//2987 2986//2986
f 3019//3019 2986//2986 3020//3020 1236//1236
f 3019//3019 1236//1236 1234//1234 1233//1233
f 3020//3020 2986//2986 2982//2982 2981//2981
f 3020//3020 2981//2981 3021//3021 1239//1239
f 3020//3020 1239//1239 1237//1237 1236//1236
f 3021//3021 2981//2981 2977//2977 2976//2976
f 3021//3021 2976//2976 3022//3022 1242//1242
f 3021//3021 1242//1242 1240//1240 1239//1239
f 3022//3022 2976//2976 2972//2972 2971//2971
f 3022//3022 2971//2971 3023//3023 1245//1245
f 3022//3022 1245//1245 1243//1243 1242//1242
f 3023//3023 2971//2971 2967//2967 2966//2966
f 3023//3023 2966//2966 3024//3024 1248//1248
f 3023//3023 1248//1248 1246//1246 1245//1245
f 3024//3024 2966//2966 2962//2962 2961//2961
f 3024//3024 2961//2961 3025//3025 1251//1251
f 3024//3024 1251//1251 1249//1249 1248//1248
f 3025//3025 2961//2961 2957//2957 2956//2956
f 3025//3025 2956//2956 3026//3026 1254//1254
f 3025//3025 1254//1254 1252//1252 1251//1251
f 3026//3026 2956//2956 2952//2952 2951//2951
f 3026//3026 2951//2951 3027//3027 1257//1257
f 3026//3026 1257//1257 1255//1255 1254//1254
f 3027//3027 2951//2951 2947//2947 2946//2946
f 3027//3027 2946//2946 3028//3028 1260//1260
f 3027//3027 1260//1260 1258//1258 1257//1257
f 3028//3028 2946//2946 2942//2942 2941//2941
f 3028//3028 2941//2941 3029//3029 1263//1263
f 3028//3028 1263//1263 1261//1261 1260//1260
f 3029//3029 2941//2941 2937//2937 2936//2936
f 3029//3029 2936//2936 3030//3030 1266//1266
f 3029//3029 1266//1266 1264//1264 1263//1263
f 3030//3030 2936//2936 2932//2932 2931//2931
f 3030//3030 2931//2931 3031//3031 1269//1269
f 3030//3030 1269//1269 1267//1267 1266//1266
f 3031//3031 2931//2931 2927//2927 2926//2926
f 3031//3031 2926//2926 3032//3032 1272//1272
f 3031//3031 1272//1272 1270//1270 1269//1269
f 3032//3032 2926//2926 2922//2922 2921//2921
f 3032//3032 2921//2921 3033//3033 1275//1275
f 3032//3032 1275//1275 1273//1273 1272//1272
f 3033//3033 2921//2921 2917//2917 2916//2916
f 3033//3033 2916//2916 3034//3034 1278//1278
f 3033//3033 1278//1278 1276//1276 1275//1275
f 3034//3034 2916//2916 2912//2912 2911//2911
f 3034//3034 2911//2911 3035//3035 1281//1281
f 3034//3034 1281//1281 1279//1279 1278//1278
f 3035//3035 2911//2911 2907//2907 2906//2906
f 3035//3035 2906//2906 3036//3036 1284//1284
f 3035//3035 1284//1284 1282//1282 1281//1281
f 3036//3036 2906//2906 2902//2902 2901//2901
f 3036//3036 2901//2901 3037//3037 1287//1287
f 3036//3036 1287//1287 1285//1285 1284//1284
f 3037//3037 2901//2901 2897//2897 2896//2896
f 3037//3037 2896//2896 3038//3038 1290//1290
f 3037//3037 1290//1290 1288//1288 1287//1287
f 3038//3038 2896//2896 2892//2892 2891//2891
f 3038//3038 2891//2891 3039//3039 1293//1293
f 3038//3038 1293//1293 1291//1291 1290//1290
f 3039//3039 2891//2891 2887//2887 2886//2886
f 3039//3039 2886//2886 3040//3040 1296//1296
f 3039//3039 1296//1296 1294//1294 1293//1293
f 3040//3040 2886//2886 2882//2882 2881//2881
f 3040//3040 2881//2881 3041//3041 1299//1299
f 3040//3040 1299//1299 1297//1297 1296//1296
f 3041//3041 2881//2881 2877//2877 2876//2876
f 3041//3041 2876//2876 3042//3042 1302//1302
f 3041//3041 1302//1302 1300//1300 1299//1299
f 3042//3042 2876//2876 2872//2872 2871//2871
f 3042//3042 2871//2871 3043//3043 1305//1305
f 3042//3042 1305//1305 1303//1303 1302//1302
f 3043//3043 2871//2871 2867//2867 2866//2866
f 3043//3043 2866//2866 3044//3044 1308//1308
f 3043//3043 1308//1308 1306//1306 1305//1305
f 3044//3044 2866//2866 2862//2862 2861//2861
f 3044//3044 2861//2861 3045//3045 1311//1311
f 3044//3044 1311//1311 1309//1309 1308//1308
f 3045//3045 2861//2861 2857//2857 2856//2856
f 3045//3045 2856//2856 3046//3046 1314//1314
f 3045//3045 1314//1314 1312//1312 1311//1311
f 3046//3046 2856//2856 2852//2852 2851//2851
f 3046//3046 2851//2851 3047//3047 1317//1317
f 3046//3046 1317//1317 1315//1315 1314//1314
f 3047//3047 2851//2851 2847//2847 2846//2846
f 3047//3047 2846//2846 3048//3048 1320//1320
f 3047//3047 1320//1320 1318//1318 1317//1317
f 3048//3048 2846//2846 2842//2842 2841//2841
f 3048//3048 2841//2841 3049//3049 1323//1323
f 3048//3048 1323//1323 1321//1321 1320//1320
f 3049//3049 2841//2841 2837//2837 2836//2836
f 3049//3049 2836//2836 3050//3050 1326//1326
f 3049//3049 1326//1326 1324//1324 1323//1323
f 3050//3050 2836//2836 2832//2832 2831//2831
f 3050//3050 2831//2831 3051//3051 1329//1329
f 3050//3050 1329//1329 1327//1327 1326//1326
f 3051//3051 2831//2831 2827//2827 2826//2826
f 3051//3051 2826//2826 3052//3052 1332//1332
f 3051//3051 1332//1332 1330//1330 1329//1329
f 3052//3052 2826//2826 2822//2822 2821//2821
f 3052//3052 2821//2821 3053//3053 1335//1335
f 3052//3052 1335//1335 1333//1333 1332//1332
f 3053//3053 2821//2821 2817//2817 2816//2816
f 3053//3053 2816//2816 3054//3054 1338//1338
f 3053//3053 1338//1338 1336//1336 1335//1335
f 3054//3054 2816//2816 2812//2812 2811//2811
f 3054//3054 2811//2811 3055//3055 1341//1341
f 3054//3054 1341//1341 1339//1339 1338//1338
f 3055//3055 2811//2811 2807//2807 2806//2806
f 3055//3055 2806//2806 3056//3056 1344//1344
f 3055//3055 1344//1344 1342//1342 1341//1341
f 3056//3056 2806//2806 2802//2802 2801//2801
f 3056//3056 2801//2801 3057//3057 1347//1347
f 3056//3056 1347//1347 1345//1345 1344//1344
f 3057//3057 2801//2801 2797//2797 2796//2796
f 3057//3057 2796//2796 3058//3058 1350//1350
f 3057//3057 1350//1350 1348//1348 1347//1347
f 3058//3058 2796//2796 2792//2792 2791//2791
f 3058//3058 2791//2791 3059//3059 1353//1353
f 3058//3058 1353//1353 1351//1351 1350//1350
f 3059//3059 2791//2791 2787//2787 2786//2786
f 3059//3059 2786//2786 3060//3060 1356//1356
f 3059//3059 1356//1356 1354//1354 1353//1353
f 3060//3060 2786//2786 2782//2782 2781//2781
f 3060//3060 2781//2781 3061//3061 1359//1359
f 3060//3060 1359//1359 1357//1357 1356//1356
f 3061//3061 2781//2781 2777//2777 2776//2776
f 3061//3061 2776//2776 3062//3062 1362//1362
f 3061//3061 1362//1362 1360//1360 1359//1359
f 3062//3062 2776//2776 2772//2772 2771//2771
f 3062//3062 2771//2771 3063//3063 1365//1365
f 3062//3062 1365//1365 1363//1363 1362//1362
f 3063//3063 2771//2771 2767//2767 2766//2766
f 3063//3063 2766//2766 3064//3064 1368//1368
f 3063//3063 1368//1368 1366//1366 1365//1365
f 3064//3064 2766//2766 2762//2762 2761//2761
f 3064//3064 2761//2761 3065//3065 1371//1371
f 3064//3064 1371//1371 1369//1369 1368//1368
f 3065//3065 2761//2761 2757//2757 2756//2756
f 3065//3065 2756//2756 3066//3066 1374//1374
f 3065//3065 1374//1374 1372//1372 1371//1371
f 3066//3066 2756//2756 2752//2752 2751//2751
f 3066//3066 2751//2751 3067//3067 1377//1377
f 3066//3066 1377//1377 1375//1375 1374//1374
f 3067//3067 2751//2751 2747//2747 2746//2746
f 3067//3067 2746//2746 3068//3068 1380//1380
f 3067//3067 1380//1380 1378//1378 1377//1377
f 3068//3068 2746//2746 2742//2742 2741//2741
f 3068//3068 2741//2741 3069//3069 1383//1383
f 3068//3068 1383//1383 1381//1381 1380//1380
f 3069//3069 2741//2741 2737//2737 2736//2736
f 3069//3069 2736//2736 3070//3070 1386//1386
f 3069//3069 1386//1386 1384//1384 1383//1383
f 3070//3070 2736//2736 2732//2732 2731//2731
f 3070//3070 2731//2731 3071//3071 1389//1389
f 3070//3070 1389//1389 1387//1387 1386//1386
f 3071//3071 2731//2731 2727//2727 2726//2726
f 3071//3071 2726//2726 3072//3072 1392//1392
f 3071//3071 1392//1392 1390//1390 1389//1389
f 3072//3072 2726//2726 2722//2722 2721//2721
f 3072//3072 2721//2721 3073//3073 1395//1395
f 3072//3072 1395//1395 1393//1393 1392//1392
f 3073//3073 2721//2721 2717//2717 2716//2716
f 3073//3073 2716//2716 3074//3074 1398//1398
f 3073//3073 1398//1398 1396//1396 1395//1395
f 3074//3074 2716//2716 2712//2712 2711//2711
f 3074//3074 2711//2711 3075//3075 1401//1401
f 3074//3074 1401//1401 1399//1399 1398//1398
f 3075//3075 2711//2711 2707//2707 2706//2706
f 3075//3075 2706//2706 3076//3076 1404//1404
f 3075//3075 1404//1404 1402//1402 1401//1401
f 3076//3076 2706//2706 2702//2702 2701//2701
f 3076//3076 2701//2701 3077//3077 1407//1407
f 3076//3076 1407//1407 1405//1405 1404//1404
f 3077//3077 2701//2701 2697//2697 2696//2696
f 3077//3077 2696//2696 3078//3078 1410//1410
f 3077//3077 1410//1410 1408//1408 1407//1407
f 3078//3078 2696//2696 2692//2692 2691//2691
f 3078//3078 2691//2691 3079//3079 1413//1413
f 3078//3078 1413//1413 1411//1411 1410//1410
f 3079//3079 2691//2691 2687//2687 2686//2686
f 3079//3079 2686//2686 3080//3080 1416//1416
f 3079//3079 1416//1416 1414//1414 1413//1413
f 3080//3080 2686//2686 2682//2682 2681//2681
f 3080//3080 2681//2681 3081//3081 1419//1419
f 3080//3080 1419//1419 1417//1417 1416//1416
f 3081//3081 2681//2681 2677//2677 2676//2676
f 3081//3081 2676//2676 3082//3082 1422//1422
f 3081//3081 1422//1422 1420//1420 1419//1419
f 3082//3082 2676//2676 2672//2672 2671//2671
f 3082//3082 2671//2671 3083//3083 1425//1425
f 3082//3082 1425//1425 1423//1423 1422//1422
f 3083//3083 2671//2671 2667//2667 2666//2666
f 3083//3083 2666//2666 3084//3084 1428//1428
f 3083//3083 1428//1428 1426//1426 1425//1425
f 3084//3084 2666//2666 2662//2662 2661//2661
f 3084//3084 2661//2661 3085//3085 1431//1431
f 3084//3084 1431//1431 1429//1429 1428//1428
f 3085//3085 2661//2661 2657//2657 2656//2656
f 3085//3085 2656//2656 3086//3086 1434//1434
f 3085//3085 1434//1434 1432//1432 1431//1431
f 3086//3086 2656//2656 2652//2652 2651//2651
f 3086//3086 2651//2651 3087//3087 1437//1437
f 3086//3086 1437//1437 1435//1435 1434//1434
f 3087//3087 2651//2651 2647//2647 2646//2646
f 3087//3087 2646//2646 3088//3088 1440//1440
f 3087//3087 1440//1440 1438//1438 1437//1437
f 3088//3088 2646//2646 2642//2642 2641//2641
f 3088//3088 2641//2641 3089//3089 1443//1443
f 3088//3088 1443//1443 1441//1441 1440//1440
f 3089//3089 2641//2641 2637//2637 2636//2636
f 3089//3089 2636//2636 3090//3090 1446//1446
f 3089//3089 1446//1446 1444//1444 1443//1443
f 3090//3090 2636//2636 2632//2632 2631//2631
f 3090//3090 2631//2631 3091//3091 1449//1449
f 3090//3090 1449//1449 1447//1447 1446//1446
f 3091//3091 2631//2631 2627//2627 2626//2626
f 3091//3091 2626//2626 3092//3092 1452//1452
f 3091//3091 1452//1452 1450//1450 1449//1449
f 3092//3092 2626//2626 2622//2622 2621//2621
f 3092//3092 2621//2621 3093//3093 1455//1455
f 3092//3092 1455//1455 1453//1453 1452//1452
f 3093//3093 2621//2621 2617//2617 2616//2616
f 3093//3093 2616//2616 3094//3094 1458//1458
f 3093//3093 1458//1458 1456//1456 1455//1455
f 3094//3094 2616//2616 2612//2612 2611//2611
f 3094//3094 2611//2611 3095//3095 1461//1461
f 3094//3094 1461//1461 1459//1459 1458//1458
f 3095//3095 2611//2611 2607//2607 2606//2606
f 3095//3095 2606//2606 3096//3096 1464//1464
f 3095//3095 1464//1464 1462//1462 1461//1461
f 3096//3096 2606//2606 2602//2602 2601//2601
f 3096//3096 2601//2601 3097//3097 1467//1467
f 3096//3096 1467//1467 1465//1465 1464//1464
f 3097//3097 2601//2601 2597//2597 2596//2596
f 3097//3097 2596//2596 3098//3098 1470//1470
f 3097//3097 1470//1470 1468//1468 1467//1467
f 3098//3098 2596//2596 2592//2592 2591//2591
f 3098//3098 2591//2591 3099//3099 1473//1473
f 3098//3098 1473//1473 1471//1471 1470//1470
f 3099//3099 2591//2591 2587//2587 2586//2586
f 3099//3099 2586//2586 3100//3100 1476//1476
f 3099//3099 1476//1476 1474//1474 1473//1473
f 3100//3100 2586//2586 2582//2582 2581//2581
f 3100//3100 2581//2581 3101//3101 1479//1479
f 3100//3100 1479//1479 1477//1477 1476//1476
f 3101//3101 2581//2581 2577//2577 2576//2576
f 3101//3101 2576//2576 3102//3102 1482//1482
f 3101//3101 1482//1482 1480//1480 1479//1479
f 3102//3102 2576//2576 2572//2572 2571//2571
f 3102//3102 2571//2571 3103//3103 1485//1485
f 3102//3102 1485//1485 1483//1483 1482//1482
f 3103//3103 2571//2571 2567//2567 2566//2566
f 3103//3103 2566//2566 3104//3104 1488//1488
f 3103//3103 1488//1488 1486//1486 1485//1485
f 3104//3104 2566//2566 2562//2562 2561//2561
f 3104//3104 2561//2561 3105//3105 1491//1491
f 3104//3104 1491//1491 1489//1489 1488//1488
f 3105//3105 2561//2561 2557//2557 2556//2556
f 3105//3105 2556//2556 3106//3106 1494//1494
f 3105//3105 1494//1494 1492//1492 1491//1491
f 3106//3106 2556//2556 2552//2552 2551//2551
f 3106//3106 2551//2551 3107//3107 1497//1497
f 3106//3106 1497//1497 1495//1495 1494//1494
f 3107//3107 2551//2551 2547//2547 2546//2546
f 3107//3107 2546//2546 3108//3108 1500//1500
f 3107//3107 1500//1500 1498//1498 1497//1497
f 3108//3108 2546//2546 2542//2542 2541//2541
f 3108//3108 2541//2541 3109//3109 1503//1503
f 3108//3108 1503//1503 1501//1501 1500//1500
f 3109//3109 2541//2541 2537//2537 2536//2536
f 3109//3109 2536//2536 3110//3110 1506//1506
f 3109//3109 1506//1506 1504//1504 1503//1503
f 3110//3110 2536//2536 2532//2532 2531//2531
f 3110//3110 2531//2531 3111//3111 1509//1509
f 3110//3110 1509//1509 1507//1507 1506//1506
f 3111//3111 2531//2531 2527//2527 2526//2526
f 3111//3111 2526//2526 3112//3112 1512//1512
f 3111//3111 1512//1512 1510//1510 1509//1509
f 3112//3112 2526//2526 2522//2522 2521//2521
f 3112//3112 2521//2521 3113//3113 1515//1515
f 3112//3112 1515//1515 1513//1513 1512//1512
f 3113//3113 2521//2521 2517//2517 2516//2516
f 3113//3113 2516//2516 3114//3114 1518//1518
f 3113//3113 1518//1518 1516//1516 1515//1515
f 3114//3114 2516//2516 2512//2512 2511//2511
f 3114//3114 2511//2511 3115//3115 1521//1521
f 3114//3114 1521//1521 1519//1519 1518//1518
f 3115//3115 2511//2511 2507//2507 2506//2506
f 3115//3115 2506//2506 3116//3116 1524//1524
f 3115//3115 1524//1524 1522//1522 1521//1521
f 3116//3116 2506//2506 2502//2502 2501//2501
f 3116//3116 2501//2501 3117//3117 1527//1527
f 3116//3116 1527//1527 1525//1525 1524//1524
f 3117//3117 2501//2501 2497//2497 2496//2496
f 3117//3117 2496//2496 3118//3118 1530//1530
f 3117//3117 1530//1530 1528//1528 1527//1527
f 3118//3118 2496//2496 2492//2492 2491//2491
f 3118//3118 2491//2491 3119//3119 1533//1533
f 3118//3118 1533//1533 1531//1531 1530//1530
f 3119//3119 2491//2491 2487//2487 2486//2486
f 3119//3119 2486//2486 3120//3120 1536//1536
f 3119//3119 1536//1536 1534//1534 1533//1533
f 3120//3120 2486//2486 2482//2482 2481//2481
f 3120//3120 2481//2481 3121//3121 1539//1539
f 3120//3120 1539//1539 1537//1537 1536//1536
f 3121//3121 2481//2481 2477//2477 2476//2476
f 3121//3121 2476//2476 3122//3122 1542//1542
f 3121//3121 1542//1542 1540//1540 1539//1539
f 3122//3122 2476//2476 2472//2472 2471//2471
f 3122//3122 2471//2471 3123//3123 1545//1545
f 3122//3122 1545//1545 1543//1543 1542//1542
f 3123//3123 2471//2471 2467//2467 2466//2466
f 3123//3123 2466//2466 3124//3124 1548//1548
f 3123//3123 1548//1548 1546//1546 1545//1545
f 3124//3124 2466//2466 2462//2462 2461//2461
f 3124//3124 2461//2461 3125//3125 1551//1551
f 3124//3124 1551//1551 1549//1549 1548//1548
f 3125//3125 2461//2461 2457//2457 2456//2456
f 3125//3125 2456//2456 3126//3126 1554//1554
f 3125//3125 1554//1554 1552//1552 1551//1551
f 3126//3126 2456//2456 2452//2452 2451//2451
f 3126//3126 2451//2451 3127//3127 1557//1557
f 3126//3126 1557//1557 1555//1555 1554//1554
f 3127//3127 2451//2451 2447//2447 2446//2446
f 3127//3127 2446//2446 3128//3128 1560//1560
f 3127//3127 1560//1560 1558//1558 1557//1557
f 3128//3128 2446//2446 2442//2442 2441//2441
f 3128//3128 2441//2441 3129//3129 1563//1563
f 3128//3128 1563//1563 1561//1561 1560//1560
f 3129//3129 2441//2441 2437//2437 2436//2436
f 3129//3129 2436//2436 3130//3130 1566//1566
f 3129//3129 1566//1566 1564//1564 1563//1563
f 3130//3130 2436//2436 2432//2432 2431//2431
f 3130//3130 2431//2431 3131//3131 1569//1569
f 3130//3130 1569//1569 1567//1567 1566//1566
f 3131//3131 2431//2431 2427//2427 2426//2426
f 3131//3131 2426//2426 3132//3132 1572//1572
f 3131//3131 1572//1572 1570//1570 1569//1569
f 3132//3132 2426//2426 2422//2422 2421//2421
f 3132//3132 2421//2421 3133//3133 1575//1575
f 3132//3132 1575//1575 1573//1573 1572//1572
f 3133//3133 2421//2421 2417//2417 2416//2416
f 3133//3133 2416//2416 3134//3134 1578//1578
f 3133//3133 1578//1578 1576//1576 1575//1575
f 3134//3134 2416//2416 2412//2412 2411//2411
f 3134//3134 2411//2411 3135//3135 1581//1581
f 3134//3134 1581//1581 1579//1579 1578//1578
f 3135//3135 2411//2411 2407//2407 2406//2406
f 3135//3135 2406//2406 3136//3136 1584//1584
f 3135//3135 1584//1584 1582//1582 1581//1581
f 3136//3136 2406//2406 2402//2402 2401//2401
f 3136//3136 2401//2401 3137//3137 1587//1587
f 3136//3136 1587//1587 1585//1585 1584//1584
f 3137//3137 2401//2401 2397//2397 2396//2396
f 3137//3137 2396//2396 3138//3138 1590//1590
f 3137//3137 1590//1590 1588//1588 1587//1587
f 3138//3138 2396//2396 2392//2392 2391//2391
f 3138//3138 2391//2391 3139//3139 1593//1593
f 3138//3138 1593//1593 1591//1591 1590//1590
f 3139//3139 2391//2391 2387//2387 2386//2386
f 3139//3139 2386//2386 3140//3140 1596//1596
f 3139//3139 1596//1596 1594//1594 1593//1593
f 3140//3140 2386//2386 2382//2382 2381//2381
f 3140//3140 2381//2381 3141//3141 1599//1599
f 3140//3140 1599//1599 1597//1597 1596//1596
f 3141//3141 2381//2381 2377//2377 2376//2376
f 3141//3141 2376//2376 3142//3142 1602//1602
f 3141//3141 1602//1602 1600//1600 1599//1599
f 3142//3142 2376//2376 2372//2372 2371//2371
f 3142//3142 2371//2371 3143//3143 1605//1605
f 3142//3142 1605//1605 1603//1603 1602//1602
f 3143//3143 2371//2371 2367//2367 2366//2366
f 3143//3143 2366//2366 3144//3144 1608//1608
f 3143//3143 1608//1608 1606//1606 1605//1605
f 3144//3144 2366//2366 2362//2362 2361//2361
f 3144//3144 2361//2361 3145//3145 1611//1611
f 3144//3144 1611//1611 1609//1609 1608//1608
f 3145//3145 2361//2361 2357//2357 2356//2356
f 3145//3145 2356//2356 3146//3146 1614//1614
f 3145//3145 1614//1614 1612//1612 1611//1611
f 3146//3146 2356//2356 2352//2352 2351//2351
f 3146//3146 2351//2351 3147//3147 1617//1617
f 3146//3146 1617//1617 1615//1615 1614//1614
f 3147//3147 2351//2351 2347//2347 2346//2346
f 3147//3147 2346//2346 3148//3148 1620//1620
f 3147//3147 1620//1620 1618//1618 1617//1617
f 3148//3148 2346//2346 2342//2342 2341//2341
f 3148//3148 2341//2341 3149//3149 1623//1623
f 3148//3148 1623//1623 1621//1621 1620//1620
f 3149//3149 2341//2341 2337//2337 2336//2336
f 3149//3149 2336//2336 3150//3150 1626//1626
f 3149//3149 1626//1626 1624//1624 1623//1623
f 3150//3150 2336//2336 2332//2332 2331//2331
f 3150//3150 2331//2331 3151//3151 1629//1629
f 3150//3150 1629//1629 1627//1627 1626//1626
f 3151//3151 2331//2331 2327//2327 2326//2326
f 3151//3151 2326//2326 3152//3152 1632//1632
f 3151//3151 1632//1632 1630//1630 1629//1629
f 3152//3152 2326//2326 2322//2322 2321//2321
f 3152//3152 2321//2321 3153//3153 1635//1635
f 3152//3152 1635//1635 1633//1633 1632//1632
f 3153//3153 2321//2321 2317//2317 2316//2316
f 3153//3153 2316//2316 3154//3154 1638//1638
f 3153//3153 1638//1638 1636//1636 1635//1635
f 3154//3154 2316//2316 2312//2312 2311//2311
f 3154//3154 2311//2311 3155//3155 1641//1641
f 3154//3154 1641//1641 1639//1639 1638//1638
f 3155//3155 2311//2311 2307//2307 2306//2306
f 3155//3155 2306//2306 3156//3156 1644//1644
f 3155//3155 1644//1644 1642//1642 1641//1641
f 3156//3156 2306//2306 2302//2302 2301//2301
f 3156//3156 2301//2301 3157//3157 1647//1647
f 3156//3156 1647//1647 1645//1645 1644//1644
f 3157//3157 2301//2301 2297//2297 2296//2296
f 3157//3157 2296//2296 3158//3158 1650//1650
f 3157//3157 1650//1650 1648//1648 1647//1647
f 3158//3158 2296//2296 2292//2292 2291//2291
f 3158//3158 2291//2291 3159//3159 1653//1653
f 3158//3158 1653//1653 1651//1651 1650//1650
f 3159//3159 2291//2291 2287//2287 2286//2286
f 3159//3159 2286//2286 3160//3160 1656//1656
f 3159//3159 1656//1656 1654//1654 1653//1653
f 3160//3160 2286//2286 2282//2282 2281//2281
f 3160//3160 2281//2281 3161//3161 1659//1659
f 3160//3160 1659//1659 1657//1657 1656//1656
f 3161//3161 2281//2281 2277//2277 2276//2276
f 3161//3161 2276//2276 3162//3162 1662//1662
f 3161//3161 1662//1662 1660//1660 1659//1659
f 3162//3162 2276//2276 2272//2272 2271//2271
f 3162//3162 2271//2271 3163//3163 1665//1665
f 3162//3162 1665//1665 1663//1663 1662//1662
f 3163//3163 2271//2271 2267//2267 2266//2266
f 3163//3163 2266//2266 3164//3164 1668//1668
f 3163//3163 1668//1668 1666//1666 1665//1665
f 3164//3164 2266//2266 2262//2262 2261//2261
f 3164//3164 2261//2261 3165//3165 1671//1671
f 3164//3164 1671//1671 1669//1669 1668//1668
f 3165//3165 2261//2261 2257//2257 2256//2256
f 3165//3165 2256//2256 3166//3166 1674//1674
f 3165//3165 1674//1674 1672//1672 1671//1671
f 3166//3166 2256//2256 2252//2252 2251//2251
f 3166//3166 2251//2251 3167//3167 1677//1677
f 3166//3166 1677//1677 1675//1675 1674//1674
f 3167//3167 2251//2251 2247//2247 2246//2246
f 3167//3167 2246//2246 3168//3168 1680//1680
f 3167//3167 1680//1680 1678//1678 1677//1677
f 3168//3168 2246//2246 2242//2242 2241//2241
f 3168//3168 2241//2241 3169//3169 1683//1683
f 3168//3168 1683//1683 1681//1681 1680//1680
f 3169//3169 2241//2241 2237//2237 2236//2236
f 3169//3169 2236//2236 3170//3170 1686//1686
f 3169//3169 1686//1686 1684//1684 1683//1683
f 3170//3170 2236//2236 2232//2232 2231//2231
f 3170//3170 2231//2231 3171//3171 1689//1689
f 3170//3170 1689//1689 1687//1687 1686//1686
f 3171//3171 2231//2231 2227//2227 2226//2226
f 3171//3171 2226//2226 3172//3172 1692//1692
f 3171//3171 1692//1692 1690//1690 1689//1689
f 3172//3172 2226//2226 2222//2222 2221//2221
f 3172//3172 2221//2221 3173//3173 1695//1695
f 3172//3172 1695//1695 1693//1693 1692//1692
f 3173//3173 2221//2221 2217//2217 2216//2216
f 3173//3173 2216//2216 3174//3174 1698//1698
f 3173//3173 1698//1698 1696//1696 1695//1695
f 3174//3174 2216//2216 2212//2212 2211//2211
f 3174//3174 2211//2211 3175//3175 1701//1701
f 3174//3174 1701//1701 1699//1699 1698//1698
f 3175//3175 2211//2211 2207//2207 2206//2206
f 3175//3175 2206//2206 3176//3176 1704//1704
f 3175//3175 1704//1704 1702//1702 1701//1701
f 3176//3176 2206//2206 2202//2202 2201//2201
f 3176//3176 2201//2201 3177//3177 1707//1707
f 3176//3176 1707//1707 1705//1705 1704//1704
f 3177//3177 2201//2201 2197//2197 2196//2196
f 3177//3177 2196//2196 3178//3178 1710//1710
f 3177//3177 1710//1710 1708//1708 1707//1707
f 3178//3178 2196//2196 2192//2192 2191//2191
f 3178//3178 2191//2191 3179//3179 1713//1713
f 3178//3178 1713//1713 1711//1711 1710//1710
f 3179//3179 2191//2191 2187//2187 2186//2186
f 3179//3179 2186//2186 3180//3180 1716//1716
f 3179//3179 1716//1716 1714//1714 1713//1713
f 3180//3180 2186//2186 2182//2182 2181//2181
f 3180//3180 2181//2181 3181//3181 1719//1719
f 3180//3180 1719//1719 1717//1717 1716//1716
f 3181//3181 2181//2181 2177//2177 2176//2176
f 3181//3181 2176//2176 3182//3182 1722//1722
f 3181//3181 1722//1722 1720//1720 1719//1719
f 3182//3182 2176//2176 2172//2172 2171//2171
f 3182//3182 2171//2171 3183//3183 1725//1725
f 3182//3182 1725//1725 1723//1723 1722//1722
f 3183//3183 2171//2171 2167//2167 2166//2166
f 3183//3183 2166//2166 3184//3184 1728//1728
f 3183//3183 1728//1728 1726//1726 1725//1725
f 3184//3184 2166//2166 2162//2162 2161//2161
f 3184//3184 2161//2161 3185//3185 1731//1731
f 3184//3184 1731//1731 1729//1729 1728//1728
f 3185//3185 2161//2161 2157//2157 2156//2156
f 3185//3185 2156//2156 3186//3186 1734//1734
f 3185//3185 1734//1734 1732//1732 1731//1731
f 3186//3186 2156//2156 2152//2152 2151//2151
f 3186//3186 2151//2151 3187//3187 1737//1737
f 3186//3186 1737//1737 1735//1735 1734//1734
f 3187//3187 2151//2151 2147//2147 2146//2146
f 3187//3187 2146//2146 3188//3188 1740//1740
f 3187//3187 1740//1740 1738//1738 1737//1737
f 3188//3188 2146//2146 2142//2142 2141//2141
f 3188//3188 2141//2141 3189//3189 1743//1743
f 3188//3188 1743//1743 1741//1741 1740//1740
f 3189//3189 2141//2141 2137//2137 2136//2136
f 3189//3189 2136//2136 3190//3190 1746//1746
f 3189//3189 1746//1746 1744//1744 1743//1743
f 3190//3190 2136//2136 2132//2132 2131//2131
f 3190//3190 2131//2131 3191//3191 1749//1749
f 3190//3190 1749//1749 1747//1747 1746//1746
f 3191//3191 2131//2131 2127//2127 2126//2126
f 3191//3191 2126//2126 3192//3192 1752//1752
f 3191//3191 1752//1752 1750//1750 1749//1749
f 3192//3192 2126//2126 2122//2122 2121//2121
f 3192//3192 2121//2121 3193//3193 1755//1755
f 3192//3192 1755//1755 1753//1753 1752//1752
f 3193//3193 2121//2121 2117//2117 2116//2116
f 3193//3193 2116//2116 3194//3194 1758//1758
f 3193//3193 1758//1758 1756//1756 1755//1755
f 3194//3194 2116//2116 2112//2112 2111//2111
f 3194//3194 2111//2111 3195//3195 1761//1761
f 3194//3194 1761//1761 1759//1759 1758//1758
f 3195//3195 2111//2111 2107//2107 2106//2106
f 3195//3195 2106//2106 3196//3196 1764//1764
f 3195//3195 1764//1764 1762//1762 1761//1761
f 3196//3196 2106//2106 2102//2102 2101//2101
f 3196//3196 2101//2101 3197//3197 1767//1767
f 3196//3196 1767//1767 1765//1765 1764//1764
f 3197//3197 2101//2101 2097//2097 2096//2096
f 3197//3197 2096//2096 3198//3198 1770//1770
f 3197//3197 1770//1770 1768//1768 1767//1767
f 3198//3198 2096//2096 2092//2092 2091//2091
f 3198//3198 2091//2091 3199//3199 1773//1773
f 3198//3198 1773//1773 1771//1771 1770//1770
f 3199//3199 2091//2091 2087//2087 2086//2086
f 3199//3199 2086//2086 3200//3200 1776//1776
f 3199//3199 1776//1776 1774//1774 1773//1773
f 3200//3200 2086//2086 2082//2082 2081//2081
f 3200//3200 2081//2081 3201//3201 1779//1779
f 3200//3200 1779//1779 1777//1777 1776//1776
f 3201//3201 2081//2081 2077//2077 2076//2076
f 3201//3201 2076//2076 3202//3202 1782//1782
f 3201//3201 1782//1782 1780//1780 1779//1779
f 3202//3202 2076//2076 2072//2072 2071//2071
f 3202//3202 2071//2071 3203//3203 1785//1785
f 3202//3202 1785//1785 1783//1783 1782//1782
f 3203//3203 2071//2071 2067//2067 2066//2066
f 3203//3203 2066//2066 3204//3204 1788//1788
f 3203//3203 1788//1788 1786//1786 1785//1785
f 3204//3204 2066//2066 2062//2062 2061//2061
f 3204//3204 2061//2061 3205//3205 1791//1791
f 3204//3204 1791//1791 1789//1789 1788//1788
f 3205//3205 2061//2061 2057//2057 2056//2056
f 3205//3205 2056//2056 3206//3206 1794//1794
f 3205//3205 1794//1794 1792//1792 1791//1791
f 3206//3206 2056//2056 2052//2052 2051//2051
f 3206//3206 2051//2051 3207//3207 1797//1797
f 3206//3206 1797//1797 1795//1795 1794//1794
f 3207//3207 2051//2051 2047//2047 2046//2046
f 3207//3207 2046//2046 3208//3208 1800//1800
f 3207//3207 1800//1800 1798//1798 1797//1797
f 3208//3208 2046//2046 2042//2042 2041//2041
f 3208//3208 2041//2041 3209//3209 1803//1803
f 3208//3208 1803//1803 1801//1801 1800//1800
f 3209//3209 2041//2041 2037//2037 2036//2036
f 3209//3209 2036//2036 3210//3210 1806//1806
f 3209//3209 1806//1806 1804//1804 1803//1803
f 3210//3210 2036//2036 2032//2032 2031//2031
f 3210//3210 2031//2031 3211//3211 1809//1809
f 3210//3210 1809//1809 1807//1807 1806//1806
f 3211//3211 2031//2031 2027//2027 2026//2026
f 3211//3211 2026//2026 3212//3212 1812//1812
f 3211//3211 1812//1812 1810//1810 1809//1809
f 3212//3212 2026//2026 2022//2022 2021//2021
f 3212//3212 2021//2021 3213//3213 1815//1815
f 3212//3212 1815//1815 1813//1813 1812//1812
f 3213//3213 2021//2021 2017//2017 2016//2016
f 3213//3213 2016//2016 3214//3214 1818//1818
f 3213//3213 1818//1818 1816//1816 1815//1815
f 3214//3214 2016//2016 2012//2012 2011//2011
f 3214//3214 2011//2011 3215//3215 1821//1821
f 3214//3214 1821//1821 1819//1819 1818//1818
f 3215//3215 2011//2011 2007//2007 2006//2006
f 3215//3215 2006//2006 3216//3216 1824//1824
f 3215//3215 1824//1824 1822//1822 1821//1821
f 3216//3216 2006//2006 2002//2002 2001//2001
f 3216//3216 2001//2001 3217//3217 1827//1827
f 3216//3216 1827//1827 1825//1825 1824//1824
f 3217//3217 2001//2001 1997//1997 1996//1996
f 3217//3217 1996//1996 3218//3218 1830//1830
f 3217//3217 1830//1830 1828//1828 1827//1827
f 3218//3218 1996//1996 1992//1992 1991//1991
f 3218//3218 1991//1991 3219//3219 1833//1833
f 3218//3218 1833//1833 1831//1831 1830//1830
f 3219//3219 1991//1991 1987//1987 1986//1986
f 3219//3219 1986//1986 3220//3220 1836//1836
f 3219//3219 1836//1836 1834//1834 1833//1833
f 3220//3220 1986//1986 1982//1982 1981//1981
f 3220//3220 1981//1981 3221//3221 1839//1839
f 3220//3220 1839//1839 1837//1837 1836//1836
f 3221//3221 1981//1981 1977//1977 1976//1976
f 3221//3221 1976//1976 3222//3222 1842//1842
f 3221//3221 1842//1842 1840//1840 1839//1839
f 3222//3222 1976//1976 1972//1972 1971//1971
f 3222//3222 1971//1971 3223//3223 1845//1845
f 3222//3222 1845//1845 1843//1843 1842//1842
f 3223//3223 1971//1971 1967//1967 1966//1966
f 3223//3223 1966//1966 3224//3224 1848//1848
f 3223//3223 1848//1848 1846//1846 1845//1845
f 3224//3224 1966//1966 1962//1962 1961//1961
f 3224//3224 1961//1961 3225//3225 1851//1851
f 3224//3224 1851//1851 1849//1849 1848//1848
f 3225//3225 1961//1961 1957//1957 1956//1956
f 3225//3225 1956//1956 3226//3226 1854//1854
f 3225//3225 1854//1854 1852//1852 1851//1851
f 3226//3226 1956//1956 1952//1952 1951//1951
f 3226//3226 1951//1951 3227//3227 1857//1857
f 3226//3226 1857//1857 1855//1855 1854//1854
f 3227//3227 1951//1951 1947//1947 1946//1946
f 3227//3227 1946//1946 3228//3228 1860//1860
f 3227//3227 1860//1860 1858//1858 1857//1857
f 3228//3228 1946//1946 1942//1942 1941//1941
f 3228//3228 1941//1941 3229//3229 1863//1863
f 3228//3228 1863//1863 1861//1861 1860//1860
f 3229//3229 1941//1941 1937//1937 1936//1936
f 3229//3229 1936//1936 3230//3230 1866//1866
f 3229//3229 1866//1866 1864//1864 1863//1863
f 3230//3230 1936//1936 1932//1932 1931//1931
f 3230//3230 1931//1931 3231//3231 1869//1869
f 3230//3230 1869//1869 1867//1867 1866//1866
f 3231//3231 1931//1931 1927//1927 1926//1926
f 3231//3231 1926//1926 3232//3232 1872//1872
f 3231//3231 1872//1872 1870//1870 1869//1869
f 3232//3232 1926//1926 1922//1922 1921//1921
f 3232//3232 1921//1921 3233//3233 1875//1875
f 3232//3232 1875//1875 1873//1873 1872//1872
f 3233//3233 1921//1921 1917//1917 1916//1916
f 3233//3233 1916//1916 3234//3234 1878//1878
f 3233//3233 1878//1878 1876//1876 1875//1875
f 3234//3234 1916//1916 1912//1912 1911//1911
f 3234//3234 1911//1911 3235//3235 1881//1881
f 3234//3234 1881//1881 1879//1879 1878//1878
f 3235//3235 1911//1911 1907//1907 1906//1906
f 3235//3235 1906//1906 38//38 3236//3236
f 3235//3235 3236//3236 1882//1882 1881//1881
f 3236//3236 38//38 37//37 1889//1889
f 3236//3236 1889//1889 1883//1883 1882//1882
f 3009//3009 1197//1197 1193//1193 1192//1192
f 3009//3009 1192//1192 3005//3005 3004//3004
f 3009//3009 18//18 17//17 1197//1197
f 3005//3005 1192//1192 1189//1189 1188//1188
f 3005//3005 1188//1188 3000//3000 2999//2999
f 3000//3000 1188//1188 1186//1186 3237//3237
f 3000//3000 3237//3237 2995//2995 2994//2994
f 3237//3237 1186//1186 1184//1184 3238//3238
f 3237//3237 3238//3238 3239//3239 2995//2995
f 3239//3239 3238//3238 3240//3240 3241//3241
f 3239//3239 3241//3241 3242//3242 2990//2990
f 3239//3239 2990//2990 2989//2989 2995//2995
f 3242//3242 3241//3241 3243//3243 3244//3244
f 3242//3242 3244//3244 3245//3245 2985//2985
f 3242//3242 2985//2985 2984//2984 2990//2990
f 3245//3245 3244//3244 3246//3246 3247//3247
f 3245//3245 3247//3247 3248//3248 2980//2980
f 3245//3245 2980//2980 2979//2979 2985//2985
f 3248//3248 3247//3247 3249//3249 3250//3250
f 3248//3248 3250//3250 3251//3251 2975//2975
f 3248//3248 2975//2975 2974//2974 2980//2980
f 3251//3251 3250//3250 3252//3252 3253//3253
f 3251//3251 3253//3253 3254//3254 2970//2970
f 3251//3251 2970//2970 2969//2969 2975//2975
f 3254//3254 3253//3253 3255//3255 3256//3256
f 3254//3254 3256//3256 3257//3257 2965//2965
f 3254//3254 2965//2965 2964//2964 2970//2970
f 3257//3257 3256//3256 3258//3258 3259//3259
f 3257//3257 3259//3259 3260//3260 2960//2960
f 3257//3257 2960//2960 2959//2959 2965//2965
f 3260//3260 3259//3259 3261//3261 3262//3262
f 3260//3260 3262//3262 3263//3263 2955//2955
f 3260//3260 2955//2955 2954//2954 2960//2960
f 3263//3263 3262//3262 3264//3264 3265//3265
f 3263//3263 3265//3265 3266//3266 2950//2950
f 3263//3263 2950//2950 2949//2949 2955//2955
f 3266//3266 3265//3265 3267//3267 3268//3268
f 3266//3266 3268//3268 3269//3269 2945//2945
f 3266//3266 2945//2945 2944//2944 2950//2950
f 3269//3269 3268//3268 3270//3270 3271//3271
f 3269//3269 3271//3271 3272//3272 2940//2940
f 3269//3269 2940//2940 2939//2939 2945//2945
f 3272//3272 3271//3271 3273//3273 3274//3274
f 3272//3272 3274//3274 3275//3275 2935//2935
f 3272//3272 2935//2935 2934//2934 2940//2940
f 3275//3275 3274//3274 3276//3276 3277//3277
f 3275//3275 3277//3277 3278//3278 2930//2930
f 3275//3275 2930//2930 2929//2929 2935//2935
f 3278//3278 3277//3277 3279//3279 3280//3280
f 3278//3278 3280//3280 3281//3281 2925//2925
f 3278//3278 2925//2925 2924//2924 2930//2930
f 3281//3281 3280//3280 3282//3282 3283//3283
f 3281//3281 3283//3283 3284//3284 2920//2920
f 3281//3281 2920//2920 2919//2919 2925//2925
f 3284//3284 3283//3283 3285//3285 3286//3286
f 3284//3284 3286//3286 3287//3287 2915//2915
f 3284//3284 2915//2915 2914//2914 2920//2920
f 3287//3287 3286//3286 3288//3288 3289//3289
f 3287//3287 3289//3289 3290//3290 2910//2910
f 3287//3287 2910//2910 2909//2909 2915//2915
f 3290//3290 3289//3289 3291//3291 3292//3292
f 3290//3290 3292//3292 3293//3293 2905//2905
f 3290//3290 2905//2905 2904//2904 2910//2910
f 3293//3293 3292//3292 3294//3294 3295//3295
f 3293//3293 3295//3295 3296//3296 2900//2900
f 3293//3293 2900//2900 2899//2899 2905//2905
f 3296//3296 3295//3295 3297//3297 3298//3298
f 3296//3296 3298//3298 3299//3299 2895//2895
f 3296//3296 2895//2895 2894//2894 2900//2900
f 3299//3299 3298//3298 3300//3300 3301//3301
f 3299//3299 3301//3301 3302//3302 2890//2890
f 3299//3299 2890//2890 2889//2889 2895//2895
f 3302//3302 3301//3301 3303//3303 3304//3304
f 3302//3302 3304//3304 3305//3305 2885//2885
f 3302//3302 2885//2885 2884//2884 2890//2890
f 3305//3305 3304//3304 3306//3306 3307//3307
f 3305//3305 3307//3307 3308//3308 2880//2880
f 3305//3305 2880//2880 2879//2879 2885//2885
f 3308//3308 3307//3307 3309//3309 3310//3310
f 3308//3308 3310//3310 3311//3311 2875//2875
f 3308//3308 2875//2875 2874//2874 2880//2880
f 3311//3311 3310//3310 3312//3312 3313//3313
f 3311//3311 3313//3313 3314//3314 2870//2870
f 3311//3311 2870//2870 2869//2869 2875//2875
f 3314//3314 3313//3313 3315//3315 3316//3316
f 3314//3314 3316//3316 3317//3317 2865//2865
f 3314//3314 2865//2865 2864//2864 2870//2870
f 3317//3317 3316//3316 3318//3318 3319//3319
f 3317//3317 3319//3319 3320//3320 2860//2860
f 3317//3317 2860//2860 2859//2859 2865//2865
f 3320//3320 3319//3319 3321//3321 3322//3322
f 3320//3320 3322//3322 3323//3323 2855//2855
f 3320//3320 2855//2855 2854//2854 2860//2860
f 3323//3323 3322//3322 3324//3324 3325//3325
f 3323//3323 3325//3325 3326//3326 2850//2850
f 3323//3323 2850//2850 2849//2849 2855//2855
f 3326//3326 3325//3325 3327//3327 3328//3328
f 3326//3326 3328//3328 3329//3329 2845//2845
f 3326//3326 2845//2845 2844//2844 2850//2850
f 3329//3329 3328//3328 3330//3330 3331//3331
f 3329//3329 3331//3331 3332//3332 2840//2840
f 3329//3329 2840//2840 2839//2839 2845//2845
f 3332//3332 3331//3331 3333//3333 3334//3334
f 3332//3332 3334//3334 3335//3335 2835//2835
f 3332//3332 2835//2835 2834//2834 2840//2840
f 3335//3335 3334//3334 3336//3336 3337//3337
f 3335//3335 3337//3337 3338//3338 2830//2830
f 3335//3335 2830//2830 2829//2829 2835//2835
f 3338//3338 3337//3337 3339//3339 3340//3340
f 3338//3338 3340//3340 3341//3341 2825//2825
f 3338//3338 2825//2825 2824//2824 2830//2830
f 3341//3341 3340//3340 3342//3342 3343//3343
f 3341//3341 3343//3343 3344//3344 2820//2820
f 3341//3341 2820//2820 2819//2819 2825//2825
f 3344//3344 3343//3343 3345//3345 3346//3346
f 3344//3344 3346//3346 3347//3347 2815//2815
f 3344//3344 2815//2815 2814//2814 2820//2820
f 3347//3347 3346//3346 3348//3348 3349//3349
f 3347//3347 3349//3349 3350//3350 2810//2810
f 3347//3347 2810//2810 2809//2809 2815//2815
f 3350//3350 3349//3349 3351//3351 3352//3352
f 3350//3350 3352//3352 3353//3353 2805//2805
f 3350//3350 2805//2805 2804//2804 2810//2810
f 3353//3353 3352//3352 3354//3354 3355//3355
f 3353//3353 3355//3355 3356//3356 2800//2800
f 3353//3353 2800//2800 2799//2799 2805//2805
f 3356//3356 3355//3355 3357//3357 3358//3358
f 3356//3356 3358//3358 3359//3359 2795//2795
f 3356//3356 2795//2795 2794//2794 2800//2800
f 3359//3359 3358//3358 3360//3360 3361//3361
f 3359//3359 3361//3361 3362//3362 2790//2790
f 3359//3359 2790//2790 2789//2789 2795//2795
f 3362//3362 3361//3361 3363//3363 3364//3364
f 3362//3362 3364//3364 3365//3365 2785//2785
f 3362//3362 2785//2785 2784//2784 2790//2790
f 3365//3365 3364//3364 3366//3366 3367//3367
f 3365//3365 3367//3367 3368//3368 2780//2780
f 3365//3365 2780//2780 2779//2779 2785//2785
f 3368//3368 3367//3367 3369//3369 3370//3370
f 3368//3368 3370//3370 3371//3371 2775//2775
f 3368//3368 2775//2775 2774//2774 2780//2780
f 3371//3371 3370//3370 3372//3372 3373//3373
f 3371//3371 3373//3373 3374//3374 2770//2770
f 3371//3371 2770//2770 2769//2769 2775//2775
f 3374//3374 3373//3373 3375//3375 3376//3376
f 3374//3374 3376//3376 3377//3377 2765//2765
f 3374//3374 2765//2765 2764//2764 2770//2770
f 3377//3377 3376//3376 3378//3378 3379//3379
f 3377//3377 3379//3379 3380//3380 2760//2760
f 3377//3377 2760//2760 2759//2759 2765//2765
f 3380//3380 3379//3379 3381//3381 3382//3382
f 3380//3380 3382//3382 3383//3383 2755//2755
f 3380//3380 2755//2755 2754//2754 2760//2760
f 3383//3383 3382//3382 3384//3384 3385//3385
f 3383//3383 3385//3385 3386//3386 2750//2750
f 3383//3383 2750//2750 2749//2749 2755//2755
f 3386//3386 3385//3385 3387//3387 3388//3388
f 3386//3386 3388//3388 3389//3389 2745//2745
f 3386//3386 2745//2745 2744//2744 2750//2750
f 3389//3389 3388//3388 3390//3390 3391//3391
f 3389//3389 3391//3391 3392//3392 2740//2740
f 3389//3389 2740//2740 2739//2739 2745//2745
f 3392//3392 3391//3391 3393//3393 3394//3394
f 3392//3392 3394//3394 3395//3395 2735//2735
f 3392//3392 2735//2735 2734//2734 2740//2740
f 3395//3395 3394//3394 3396//3396 3397//3397
f 3395//3395 3397//3397 3398//3398 2730//2730
f 3395//3395 2730//2730 2729//2729 2735//2735
f 3398//3398 3397//3397 3399//3399 3400//3400
f 3398//3398 3400//3400 3401//3401 2725//2725
f 3398//3398 2725//2725 2724//2724 2730//2730
f 3401//3401 3400//3400 3402//3402 3403//3403
f 3401//3401 3403//3403 3404//3404 2720//2720
f 3401//3401 2720//2720 2719//2719 2725//2725
f 3404//3404 3403//3403 3405//3405 3406//3406
f 3404//3404 3406//3406 3407//3407 2715//2715
f 3404//3404 2715//2715 2714//2714 2720//2720
f 3407//3407 3406//3406 3408//3408 3409//3409
f 3407//3407 3409//3409 3410//3410 2710//2710
f 3407//3407 2710//2710 2709//2709 2715//2715
f 3410//3410 3409//3409 3411//3411 3412//3412
f 3410//3410 3412//3412 3413//3413 2705//2705
f 3410//3410 2705//2705 2704//2704 2710//2710
f 3413//3413 3412//3412 3414//3414 3415//3415
f 3413//3413 3415//3415 3416//3416 2700//2700
f 3413//3413 2700//2700 2699//2699 2705//2705
f 3416//3416 3415//3415 3417//3417 3418//3418
f 3416//3416 3418//3418 3419//3419 2695//2695
f 3416//3416 2695//2695 2694//2694 2700//2700
f 3419//3419 3418//3418 3420//3420 3421//3421
f 3419//3419 3421//3421 3422//3422 2690//2690
f 3419//3419 2690//2690 2689//2689 2695//2695
f 3422//3422 3421//3421 3423//3423 3424//3424
f 3422//3422 3424//3424 3425//3425 2685//2685
f 3422//3422 2685//2685 2684//2684 2690//2690
f 3425//3425 3424//3424 3426//3426 3427//3427
f 3425//3425 3427//3427 3428//3428 2680//2680
f 3425//3425 2680//2680 2679//2679 2685//2685
f 3428//3428 3427//3427 3429//3429 3430//3430
f 3428//3428 3430//3430 3431//3431 2675//2675
f 3428//3428 2675//2675 2674//2674 2680//2680
f 3431//3431 3430//3430 3432//3432 3433//3433
f 3431//3431 3433//3433 3434//3434 2670//2670
f 3431//3431 2670//2670 2669//2669 2675//2675
f 3434//3434 3433//3433 3435//3435 3436//3436
f 3434//3434 3436//3436 3437//3437 2665//2665
f 3434//3434 2665//2665 2664//2664 2670//2670
f 3437//3437 3436//3436 3438//3438 3439//3439
f 3437//3437 3439//3439 3440//3440 2660//2660
f 3437//3437 2660//2660 2659//2659 2665//2665
f 3440//3440 3439//3439 3441//3441 3442//3442
f 3440//3440 3442//3442 3443//3443 2655//2655
f 3440//3440 2655//2655 2654//2654 2660//2660
f 3443//3443 3442//3442 3444//3444 3445//3445
f 3443//3443 3445//3445 3446//3446 2650//2650
f 3443//3443 2650//2650 2649//2649 2655//2655
f 3446//3446 3445//3445 3447//3447 3448//3448
f 3446//3446 3448//3448 3449//3449 2645//2645
f 3446//3446 2645//2645 2644//2644 2650//2650
f 3449//3449 3448//3448 3450//3450 3451//3451
f 3449//3449 3451//3451 3452//3452 2640//2640
f 3449//3449 2640//2640 2639//2639 2645//2645
f 3452//3452 3451//3451 3453//3453 3454//3454
f 3452//3452 3454//3454 3455//3455 2635//2635
f 3452//3452 2635//2635 2634//2634 2640//2640
f 3455//3455 3454//3454 3456//3456 3457//3457
f 3455//3455 3457//3457 3458//3458 2630//2630
f 3455//3455 2630//2630 2629//2629 2635//2635
f 3458//3458 3457//3457 3459//3459 3460//3460
f 3458//3458 3460//3460 3461//3461 2625//2625
f 3458//3458 2625//2625 2624//2624 2630//2630
f 3461//3461 3460//3460 3462//3462 3463//3463
f 3461//3461 3463//3463 3464//3464 2620//2620
f 3461//3461 2620//2620 2619//2619 2625//2625
f 3464//3464 3463//3463 3465//3465 3466//3466
f 3464//3464 3466//3466 3467//3467 2615//2615
f 3464//3464 2615//2615 2614//2614 2620//2620
f 3467//3467 3466//3466 3468//3468 3469//3469
f 3467//3467 3469//3469 3470//3470 2610//2610
f 3467//3467 2610//2610 2609//2609 2615//2615
f 3470//3470 3469//3469 3471//3471 3472//3472
f 3470//3470 3472//3472 3473//3473 2605//2605
f 3470//3470 2605//2605 2604//2604 2610//2610
f 3473//3473 3472//3472 3474//3474 3475//3475
f 3473//3473 3475//3475 3476//3476 2600//2600
f 3473//3473 2600//2600 2599//2599 2605//2605
f 3476//3476 3475//3475 3477//3477 3478//3478
f 3476//3476 3478//3478 3479//3479 2595//2595
f 3476//3476 2595//2595 2594//2594 2600//2600
f 3479//3479 3478//3478 3480//3480 3481//3481
f 3479//3479 3481//3481 3482//3482 2590//2590
f 3479//3479 2590//2590 2589//2589 2595//2595
f 3482//3482 3481//3481 3483//3483 3484//3484
f 3482//3482 3484//3484 3485//3485 2585//2585
f 3482//3482 2585//2585 2584//2584 2590//2590
f 3485//3485 3484//3484 3486//3486 3487//3487
f 3485//3485 3487//3487 3488//3488 2580//2580
f 3485//3485 2580//2580 2579//2579 2585//2585
f 3488//3488 3487//3487 3489//3489 3490//3490
f 3488//3488 3490//3490 3491//3491 2575//2575
f 3488//3488 2575//2575 2574//2574 2580//2580
f 3491//3491 3490//3490 3492//3492 3493//3493
f 3491//3491 3493//3493 3494//3494 2570//2570
f 3491//3491 2570//2570 2569//2569 2575//2575
f 3494//3494 3493//3493 3495//3495 3496//3496
f 3494//3494 3496//3496 3497//3497 2565//2565
f 3494//3494 2565//2565 2564//2564 2570//2570
f 3497//3497 3496//3496 3498//3498 3499//3499
f 3497//3497 3499//3499 3500//3500 2560//2560
f 3497//3497 2560//2560 2559//2559 2565//2565
f 3500//3500 3499//3499 3501//3501 3502//3502
f 3500//3500 3502//3502 3503//3503 2555//2555
f 3500//3500 2555//2555 2554//2554 2560//2560
f 3503//3503 3502//3502 3504//3504 3505//3505
f 3503//3503 3505//3505 3506//3506 2550//2550
f 3503//3503 2550//2550 2549//2549 2555//2555
f 3506//3506 3505//3505 3507//3507 3508//3508
f 3506//3506 3508//3508 3509//3509 2545//2545
f 3506//3506 2545//2545 2544//2544 2550//2550
f 3509//3509 3508//3508 3510//3510 3511//3511
f 3509//3509 3511//3511 3512//3512 2540//2540
f 3509//3509 2540//2540 2539//2539 2545//2545
f 3512//3512 3511//3511 3513//3513 3514//3514
f 3512//3512 3514//3514 3515//3515 2535//2535
f 3512//3512 2535//2535 2534//2534 2540//2540
f 3515//3515 3514//3514 3516//3516 3517//3517
f 3515//3515 3517//3517 3518//3518 2530//2530
f 3515//3515 2530//2530 2529//2529 2535//2535
f 3518//3518 3517//3517 3519//3519 3520//3520
f 3518//3518 3520//3520 3521//3521 2525//2525
f 3518//3518 2525//2525 2524//2524 2530//2530
f 3521//3521 3520//3520 3522//3522 3523//3523
f 3521//3521 3523//3523 3524//3524 2520//2520
f 3521//3521 2520//2520 2519//2519 2525//2525
f 3524//3524 3523//3523 3525//3525 3526//3526
f 3524//3524 3526//3526 3527//3527 2515//2515
f 3524//3524 2515//2515 2514//2514 2520//2520
f 3527//3527 3526//3526 3528//3528 3529//3529
f 3527//3527 3529//3529 3530//3530 2510//2510
f 3527//3527 2510//2510 2509//2509 2515//2515
f 3530//3530 3529//3529 3531//3531 3532//3532
f 3530//3530 3532//3532 3533//3533 2505//2505
f 3530//3530 2505//2505 2504//2504 2510//2510
f 3533//3533 3532//3532 3534//3534 3535//3535
f 3533//3533 3535//3535 3536//3536 2500//2500
f 3533//3533 2500//2500 2499//2499 2505//2505
f 3536//3536 3535//3535 3537//3537 3538//3538
f 3536//3536 3538//3538 3539//3539 2495//2495
f 3536//3536 2495//2495 2494//2494 2500//2500
f 3539//3539 3538//3538 3540//3540 3541//3541
f 3539//3539 3541//3541 3542//3542 2490//2490
f 3539//3539 2490//2490 2489//2489 2495//2495
f 3542//3542 3541//3541 3543//3543 3544//3544
f 3542//3542 3544//3544 3545//3545 2485//2485
f 3542//3542 2485//2485 2484//2484 2490//2490
f 3545//3545 3544//3544 3546//3546 3547//3547
f 3545//3545 3547//3547 3548//3548 2480//2480
f 3545//3545 2480//2480 2479//2479 2485//2485
f 3548//3548 3547//3547 3549//3549 3550//3550
f 3548//3548 3550//3550 3551//3551 2475//2475
f 3548//3548 2475//2475 2474//2474 2480//2480
f 3551//3551 3550//3550 3552//3552 3553//3553
f 3551//3551 3553//3553 3554//3554 2470//2470
f 3551//3551 2470//2470 2469//2469 2475//2475
f 3554//3554 3553//3553 3555//3555 3556//3556
f 3554//3554 3556//3556 3557//3557 2465//2465
f 3554//3554 2465//2465 2464//2464 2470//2470
f 3557//3557 3556//3556 3558//3558 3559//3559
f 3557//3557 3559//3559 3560//3560 2460//2460
f 3557//3557 2460//2460 2459//2459 2465//2465
f 3560//3560 3559//3559 3561//3561 3562//3562
f 3560//3560 3562//3562 3563//3563 2455//2455
f 3560//3560 2455//2455 2454//2454 2460//2460
f 3563//3563 3562//3562 3564//3564 3565//3565
f 3563//3563 3565//3565 3566//3566 2450//2450
f 3563//3563 2450//2450 2449//2449 2455//2455
f 3566//3566 3565//3565 3567//3567 3568//3568
f 3566//3566 3568//3568 3569//3569 2445//2445
f 3566//3566 2445//2445 2444//2444 2450//2450
f 3569//3569 3568//3568 3570//3570 3571//3571
f 3569//3569 3571//3571 3572//3572 2440//2440
f 3569//3569 2440//2440 2439//2439 2445//2445
f 3572//3572 3571//3571 3573//3573 3574//3574
f 3572//3572 3574//3574 3575//3575 2435//2435
f 3572//3572 2435//2435 2434//2434 2440//2440
f 3575//3575 3574//3574 3576//3576 3577//3577
f 3575//3575 3577//3577 3578//3578 2430//2430
f 3575//3575 2430//2430 2429//2429 2435//2435
f 3578//3578 3577//3577 3579//3579 3580//3580
f 3578//3578 3580//3580 3581//3581 2425//2425
f 3578//3578 2425//2425 2424//2424 2430//2430
f 3581//3581 3580//3580 3582//3582 3583//3583
f 3581//3581 3583//3583 3584//3584 2420//2420
f 3581//3581 2420//2420 2419//2419 2425//2425
f 3584//3584 3583//3583 3585//3585 3586//3586
f 3584//3584 3586//3586 3587//3587 2415//2415
f 3584//3584 2415//2415 2414//2414 2420//2420
f 3587//3587 3586//3586 3588//3588 3589//3589
f 3587//3587 3589//3589 3590//3590 2410//2410
f 3587//3587 2410//2410 2409//2409 2415//2415
f 3590//3590 3589//3589 3591//3591 3592//3592
f 3590//3590 3592//3592 3593//3593 2405//2405
f 3590//3590 2405//2405 2404//2404 2410//2410
f 3593//3593 3592//3592 3594//3594 3595//3595
f 3593//3593 3595//3595 3596//3596 2400//2400
f 3593//3593 2400//2400 2399//2399 2405//2405
f 3596//3596 3595//3595 3597//3597 3598//3598
f 3596//3596 3598//3598 3599//3599 2395//2395
f 3596//3596 2395//2395 2394//2394 2400//2400
f 3599//3599 3598//3598 3600//3600 3601//3601
f 3599//3599 3601//3601 3602//3602 2390//2390
f 3599//3599 2390//2390 2389//2389 2395//2395
f 3602//3602 3601//3601 3603//3603 3604//3604
f 3602//3602 3604//3604 3605//3605 2385//2385
f 3602//3602 2385//2385 2384//2384 2390//2390
f 3605//3605 3604//3604 3606//3606 3607//3607
f 3605//3605 3607//3607 3608//3608 2380//2380
f 3605//3605 2380//2380 2379//2379 2385//2385
f 3608//3608 3607//3607 3609//3609 3610//3610
f 3608//3608 3610//3610 3611//3611 2375//2375
f 3608//3608 2375//2375 2374//2374 2380//2380
f 3611//3611 3610//3610 3612//3612 3613//3613
f 3611//3611 3613//3613 3614//3614 2370//2370
f 3611//3611 2370//2370 2369//2369 2375//2375
f 3614//3614 3613//3613 3615//3615 3616//3616
f 3614//3614 3616//3616 3617//3617 2365//2365
f 3614//3614 2365//2365 2364//2364 2370//2370
f 3617//3617 3616//3616 3618//3618 3619//3619
f 3617//3617 3619//3619 3620//3620 2360//2360
f 3617//3617 2360//2360 2359//2359 2365//2365
f 3620//3620 3619//3619 3621//3621 3622//3622
f 3620//3620 3622//3622 3623//3623 2355//2355
f 3620//3620 2355//2355 2354//2354 2360//2360
f 3623//3623 3622//3622 3624//3624 3625//3625
f 3623//3623 3625//3625 3626//3626 2350//2350
f 3623//3623 2350//2350 2349//2349 2355//2355
f 3626//3626 3625//3625 3627//3627 3628//3628
f 3626//3626 3628//3628 3629//3629 2345//2345
f 3626//3626 2345//2345 2344//2344 2350//2350
f 3629//3629 3628//3628 3630//3630 3631//3631
f 3629//3629 3631//3631 3632//3632 2340//2340
f 3629//3629 2340//2340 2339//2339 2345//2345
f 3632//3632 3631//3631 3633//3633 3634//3634
f 3632//3632 3634//3634 3635//3635 2335//2335
f 3632//3632 2335//2335 2334//2334 2340//2340
f 3635//3635 3634//3634 3636//3636 3637//3637
f 3635//3635 3637//3637 3638//3638 2330//2330
f 3635//3635 2330//2330 2329//2329 2335//2335
f 3638//3638 3637//3637 3639//3639 3640//3640
f 3638//3638 3640//3640 3641//3641 2325//2325
f 3638//3638 2325//2325 2324//2324 2330//2330
f 3641//3641 3640//3640 3642//3642 3643//3643
f 3641//3641 3643//3643 3644//3644 2320//2320
f 3641//3641 2320//2320 2319//2319 2325//2325
f 3644//3644 3643//3643 3645//3645 3646//3646
f 3644//3644 3646//3646 3647//3647 2315//2315
f 3644//3644 2315//2315 2314//2314 2320//2320
f 3647//3647 3646//3646 3648//3648 3649//3649
f 3647//3647 3649//3649 3650//3650 2310//2310
f 3647//3647 2310//2310 2309//2309 2315//2315
f 3650//3650 3649//3649 3651//3651 3652//3652
f 3650//3650 3652//3652 3653//3653 2305//2305
f 3650//3650 2305//2305 2304//2304 2310//2310
f 3653//3653 3652//3652 3654//3654 3655//3655
f 3653//3653 3655//3655 3656//3656 2300//2300
f 3653//3653 2300//2300 2299//2299 2305//2305
f 3656//3656 3655//3655 3657//3657 3658//3658
f 3656//3656 3658//3658 3659//3659 2295//2295
f 3656//3656 2295//2295 2294//2294 2300//2300
f 3659//3659 3658//3658 3660//3660 3661//3661
f 3659//3659 3661//3661 3662//3662 2290//2290
f 3659//3659 2290//2290 2289//2289 2295//2295
f 3662//3662 3661//3661 3663//3663 3664//3664
f 3662//3662 3664//3664 3665//3665 2285//2285
f 3662//3662 2285//2285 2284//2284 2290//2290
f 3665//3665 3664//3664 3666//3666 3667//3667
f 3665//3665 3667//3667 3668//3668 2280//2280
f 3665//3665 2280//2280 2279//2279 2285//2285
f 3668//3668 3667//3667 3669//3669 3670//3670
f 3668//3668 3670//3670 3671//3671 2275//2275
f 3668//3668 2275//2275 2274//2274 2280//2280
f 3671//3671 3670//3670 3672//3672 3673//3673
f 3671//3671 3673//3673 3674//3674 2270//2270
f 3671//3671 2270//2270 2269//2269 2275//2275
f 3674//3674 3673//3673 3675//3675 3676//3676
f 3674//3674 3676//3676 3677//3677 2265//2265
f 3674//3674 2265//2265 2264//2264 2270//2270
f 3677//3677 3676//3676 3678//3678 3679//3679
f 3677//3677 3679//3679 3680//3680 2260//2260
f 3677//3677 2260//2260 2259//2259 2265//2265
f 3680//3680 3679//3679 3681//3681 3682//3682
f 3680//3680 3682//3682 3683//3683 2255//2255
f 3680//3680 2255//2255 2254//2254 2260//2260
f 3683//3683 3682//3682 3684//3684 3685//3685
f 3683//3683 3685//3685 3686//3686 2250//2250
f 3683//3683 2250//2250 2249//2249 2255//2255
f 3686//3686 3685//3685 3687//3687 3688//3688
f 3686//3686 3688//3688 3689//3689 2245//2245
f 3686//3686 2245//2245 2244//2244 2250//2250
f 3689//3689 3688//3688 3690//3690 3691//3691
f 3689//3689 3691//3691 3692//3692 2240//2240
f 3689//3689 2240//2240 2239//2239 2245//2245
f 3692//3692 3691//3691 3693//3693 3694//3694
f 3692//3692 3694//3694 3695//3695 2235//2235
f 3692//3692 2235//2235 2234//2234 2240//2240
f 3695//3695 3694//3694 3696//3696 3697//3697
f 3695//3695 3697//3697 3698//3698 2230//2230
f 3695//3695 2230//2230 2229//2229 2235//2235
f 3698//3698 3697//3697 3699//3699 3700//3700
f 3698//3698 3700//3700 3701//3701 2225//2225
f 3698//3698 2225//2225 2224//2224 2230//2230
f 3701//3701 3700//3700 3702//3702 3703//3703
f 3701//3701 3703//3703 3704//3704 2220//2220
f 3701//3701 2220//2220 2219//2219 2225//2225
f 3704//3704 3703//3703 3705//3705 3706//3706
f 3704//3704 3706//3706 3707//3707 2215//2215
f 3704//3704 2215//2215 2214//2214 2220//2220
f 3707//3707 3706//3706 3708//3708 3709//3709
f 3707//3707 3709//3709 3710//3710 2210//2210
f 3707//3707 2210//2210 2209//2209 2215//2215
f 3710//3710 3709//3709 3711//3711 3712//3712
f 3710//3710 3712//3712 3713//3713 2205//2205
f 3710//3710 2205//2205 2204//2204 2210//2210
f 3713//3713 3712//3712 3714//3714 3715//3715
f 3713//3713 3715//3715 3716//3716 2200//2200
f 3713//3713 2200//2200 2199//2199 2205//2205
f 3716//3716 3715//3715 3717//3717 3718//3718
f 3716//3716 3718//3718 3719//3719 2195//2195
f 3716//3716 2195//2195 2194//2194 2200//2200
f 3719//3719 3718//3718 3720//3720 3721//3721
f 3719//3719 3721//3721 3722//3722 2190//2190
f 3719//3719 2190//2190 2189//2189 2195//2195
f 3722//3722 3721//3721 3723//3723 3724//3724
f 3722//3722 3724//3724 3725//3725 2185//2185
f 3722//3722 2185//2185 2184//2184 2190//2190
f 3725//3725 3724//3724 3726//3726 3727//3727
f 3725//3725 3727//3727 3728//3728 2180//2180
f 3725//3725 2180//2180 2179//2179 2185//2185
f 3728//3728 3727//3727 3729//3729 3730//3730
f 3728//3728 3730//3730 3731//3731 2175//2175
f 3728//3728 2175//2175 2174//2174 2180//2180
f 3731//3731 3730//3730 3732//3732 3733//3733
f 3731//3731 3733//3733 3734//3734 2170//2170
f 3731//3731 2170//2170 2169//2169 2175//2175
f 3734//3734 3733//3733 3735//3735 3736//3736
f 3734//3734 3736//3736 3737//3737 2165//2165
f 3734//3734 2165//2165 2164//2164 2170//2170
f 3737//3737 3736//3736 3738//3738 3739//3739
f 3737//3737 3739//3739 3740//3740 2160//2160
f 3737//3737 2160//2160 2159//2159 2165//2165
f 3740//3740 3739//3739 3741//3741 3742//3742
f 3740//3740 3742//3742 3743//3743 2155//2155
f 3740//3740 2155//2155 2154//2154 2160//2160
f 3743//3743 3742//3742 3744//3744 3745//3745
f 3743//3743 3745//3745 3746//3746 2150//2150
f 3743//3743 2150//2150 2149//2149 2155//2155
f 3746//3746 3745//3745 3747//3747 3748//3748
f 3746//3746 3748//3748 3749//3749 2145//2145
f 3746//3746 2145//2145 2144//2144 2150//2150
f 3749//3749 3748//3748 3750//3750 3751//3751
f 3749//3749 3751//3751 3752//3752 2140//2140
f 3749//3749 2140//2140 2139//2139 2145//2145
f 3752//3752 3751//3751 3753//3753 3754//3754
f 3752//3752 3754//3754 3755//3755 2135//2135
f 3752//3752 2135//2135 2134//2134 2140//2140
f 3755//3755 3754//3754 3756//3756 3757//3757
f 3755//3755 3757//3757 3758//3758 2130//2130
f 3755//3755 2130//2130 2129//2129 2135//2135
f 3758//3758 3757//3757 3759//3759 3760//3760
f 3758//3758 3760//3760 3761//3761 2125//2125
f 3758//3758 2125//2125 2124//2124 2130//2130
f 3761//3761 3760//3760 3762//3762 3763//3763
f 3761//3761 3763//3763 3764//3764 2120//2120
f 3761//3761 2120//2120 2119//2119 2125//2125
f 3764//3764 3763//3763 3765//3765 3766//3766
f 3764//3764 3766//3766 3767//3767 2115//2115
f 3764//3764 2115//2115 2114//2114 2120//2120
f 3767//3767 3766//3766 3768//3768 3769//3769
f 3767//3767 3769//3769 3770//3770 2110//2110
f 3767//3767 2110//2110 2109//2109 2115//2115
f 3770//3770 3769//3769 3771//3771 3772//3772
f 3770//3770 3772//3772 3773//3773 2105//2105
f 3770//3770 2105//2105 2104//2104 2110//2110
f 3773//3773 3772//3772 3774//3774 3775//3775
f 3773//3773 3775//3775 3776//3776 2100//2100
f 3773//3773 2100//2100 2099//2099 2105//2105
f 3776//3776 3775//3775 3777//3777 3778//3778
f 3776//3776 3778//3778 3779//3779 2095//2095
f 3776//3776 2095//2095 2094//2094 2100//2100
f 3779//3779 3778//3778 3780//3780 3781//3781
f 3779//3779 3781//3781 3782//3782 2090//2090
f 3779//3779 2090//2090 2089//2089 2095//2095
f 3782//3782 3781//3781 3783//3783 3784//3784
f 3782//3782 3784//3784 3785//3785 2085//2085
f 3782//3782 2085//2085 2084//2084 2090//2090
f 3785//3785 3784//3784 3786//3786 3787//3787
f 3785//3785 3787//3787 3788//3788 2080//2080
f 3785//3785 2080//2080 2079//2079 2085//2085
f 3788//3788 3787//3787 3789//3789 3790//3790
f 3788//3788 3790//3790 3791//3791 2075//2075
f 3788//3788 2075//2075 2074//2074 2080//2080
f 3791//3791 3790//3790 3792//3792 3793//3793
f 3791//3791 3793//3793 3794//3794 2070//2070
f 3791//3791 2070//2070 2069//2069 2075//2075
f 3794//3794 3793//3793 3795//3795 3796//3796
f 3794//3794 3796//3796 3797//3797 2065//2065
f 3794//3794 2065//2065 2064//2064 2070//2070
f 3797//3797 3796//3796 3798//3798 3799//3799
f 3797//3797 3799//3799 3800//3800 2060//2060
f 3797//3797 2060//2060 2059//2059 2065//2065
f 3800//3800 3799//3799 3801//3801 3802//3802
f 3800//3800 3802//3802 3803//3803 2055//2055
f 3800//3800 2055//2055 2054//2054 2060//2060
f 3803//3803 3802//3802 3804//3804 3805//3805
f 3803//3803 3805//3805 3806//3806 2050//2050
f 3803//3803 2050//2050 2049//2049 2055//2055
f 3806//3806 3805//3805 3807//3807 3808//3808
f 3806//3806 3808//3808 3809//3809 2045//2045
f 3806//3806 2045//2045 2044//2044 2050//2050
f 3809//3809 3808//3808 3810//3810 3811//3811
f 3809//3809 3811//3811 3812//3812 2040//2040
f 3809//3809 2040//2040 2039//2039 2045//2045
f 3812//3812 3811//3811 3813//3813 3814//3814
f 3812//3812 3814//3814 3815//3815 2035//2035
f 3812//3812 2035//2035 2034//2034 2040//2040
f 3815//3815 3814//3814 3816//3816 3817//3817
f 3815//3815 3817//3817 3818//3818 2030//2030
f 3815//3815 2030//2030 2029//2029 2035//2035
f 3818//3818 3817//3817 3819//3819 3820//3820
f 3818//3818 3820//3820 3821//3821 2025//2025
f 3818//3818 2025//2025 2024//2024 2030//2030
f 3821//3821 3820//3820 3822//3822 3823//3823
f 3821//3821 3823//3823 3824//3824 2020//2020
f 3821//3821 2020//2020 2019//2019 2025//2025
f 3824//3824 3823//3823 3825//3825 3826//3826
f 3824//3824 3826//3826 3827//3827 2015//2015
f 3824//3824 2015//2015 2014//2014 2020//2020
f 3827//3827 3826//3826 3828//3828 3829//3829
f 3827//3827 3829//3829 3830//3830 2010//2010
f 3827//3827 2010//2010 2009//2009 2015//2015
f 3830//3830 3829//3829 3831//3831 3832//3832
f 3830//3830 3832//3832 3833//3833 2005//2005
f 3830//3830 2005//2005 2004//2004 2010//2010
f 3833//3833 3832//3832 3834//3834 3835//3835
f 3833//3833 3835//3835 3836//3836 2000//2000
f 3833//3833 2000//2000 1999//1999 2005//2005
f 3836//3836 3835//3835 3837//3837 3838//3838
f 3836//3836 3838//3838 3839//3839 1995//1995
f 3836//3836 1995//1995 1994//1994 2000//2000
f 3839//3839 3838//3838 3840//3840 3841//3841
f 3839//3839 3841//3841 3842//3842 1990//1990
f 3839//3839 1990//1990 1989//1989 1995//1995
f 3842//3842 3841//3841 3843//3843 3844//3844
f 3842//3842 3844//3844 3845//3845 1985//1985
f 3842//3842 1985//1985 1984//1984 1990//1990
f 3845//3845 3844//3844 3846//3846 3847//3847
f 3845//3845 3847//3847 3848//3848 1980//1980
f 3845//3845 1980//1980 1979//1979 1985//1985
f 3848//3848 3847//3847 3849//3849 3850//3850
f 3848//3848 3850//3850 3851//3851 1975//1975
f 3848//3848 1975//1975 1974//1974 1980//1980
f 3851//3851 3850//3850 3852//3852 3853//3853
f 3851//3851 3853//3853 3854//3854 1970//1970
f 3851//3851 1970//1970 1969//1969 1975//1975
f 3854//3854 3853//3853 3855//3855 3856//3856
f 3854//3854 3856//3856 3857//3857 1965//1965
f 3854//3854 1965//1965 1964//1964 1970//1970
f 3857//3857 3856//3856 3858//3858 3859//3859
f 3857//3857 3859//3859 3860//3860 1960//1960
f 3857//3857 1960//1960 1959//1959 1965//1965
f 3860//3860 3859//3859 3861//3861 3862//3862
f 3860//3860 3862//3862 3863//3863 1955//1955
f 3860//3860 1955//1955 1954//1954 1960//1960
f 3863//3863 3862//3862 3864//3864 3865//3865
f 3863//3863 3865//3865 3866//3866 1950//1950
f 3863//3863 1950//1950 1949//1949 1955//1955
f 3866//3866 3865//3865 3867//3867 3868//3868
f 3866//3866 3868//3868 3869//3869 1945//1945
f 3866//3866 1945//1945 1944//1944 1950//1950
f 3869//3869 3868//3868 3870//3870 3871//3871
f 3869//3869 3871//3871 3872//3872 1940//1940
f 3869//3869 1940//1940 1939//1939 1945//1945
f 3872//3872 3871//3871 3873//3873 3874//3874
f 3872//3872 3874//3874 3875//3875 1935//1935
f 3872//3872 1935//1935 1934//1934 1940//1940
f 3875//3875 3874//3874 3876//3876 3877//3877
f 3875//3875 3877//3877 3878//3878 1930//1930
f 3875//3875 1930//1930 1929//1929 1935//1935
f 3878//3878 3877//3877 3879//3879 3880//3880
f 3878//3878 3880//3880 3881//3881 1925//1925
f 3878//3878 1925//1925 1924//1924 1930//1930
f 3881//3881 3880//3880 3882//3882 3883//3883
f 3881//3881 3883//3883 3884//3884 1920//1920
f 3881//3881 1920//1920 1919//1919 1925//1925
f 3884//3884 3883//3883 3885//3885 3886//3886
f 3884//3884 3886//3886 3887//3887 1915//1915
f 3884//3884 1915//1915 1914//1914 1920//1920
f 3887//3887 3886//3886 3888//3888 3889//3889
f 3887//3887 3889//3889 3890//3890 1910//1910
f 3887//3887 1910//1910 1909//1909 1915//1915
f 3890//3890 3889//3889 3891//3891 3892//3892
f 3890//3890 3892//3892 3893//3893 1905//1905
f 3890//3890 1905//1905 1904//1904 1910//1910
f 3893//3893 3892//3892 3894//3894 3895//3895
f 3893//3893 3895//3895 3896//3896 1901//1901
f 3893//3893 1901//1901 1900//1900 1905//1905
f 3896//3896 3895//3895 3897//3897 3898//3898
f 3896//3896 3898//3898 3899//3899 1898//1898
f 3896//3896 1898//1898 1897//1897 1901//1901
f 3899//3899 3898//3898 3900//3900 3901//3901
f 3899//3899 3901//3901 33//33 32//32
f 3899//3899 32//32 34//34 1898//1898
f 3901//3901 3900//3900 3902//3902 3903//3903
f 3901//3901 3903//3903 3904//3904 33//33
f 3904//3904 3903//3903 3905//3905 3906//3906
f 3904//3904 3906//3906 3907//3907 3908//3908
f 3904//3904 3908//3908 29//29 33//33
f 3908//3908 3907//3907 1893//1893 1892//1892
f 3908//3908 1892//1892 30//30 29//29
f 3907//3907 3906//3906 3909//3909 3910//3910
f 3907//3907 3910//3910 3911//3911 1893//1893
f 3911//3911 3910//3910 27//27 3912//3912
f 3911//3911 3912//3912 3913//3913 1888//1888
f 3911//3911 1888//1888 1887//1887 1893//1893
f 3913//3913 3912//3912 3914//3914 52//52
f 3913//3913 52//52 48//48 47//47
f 3913//3913 47//47 1885//1885 1888//1888
f 3914//3914 57//57 53//53 52//52
f 3914//3914 3912//3912 27//27 26//26
f 3914//3914 26//26 3915//3915 57//57
f 3915//3915 62//62 58//58 57//57
f 3915//3915 26//26 25//25 3916//3916
f 3915//3915 3916//3916 3917//3917 62//62
f 3917//3917 67//67 63//63 62//62
f 3917//3917 3916//3916 3918//3918 3919//3919
f 3917//3917 3919//3919 3920//3920 67//67
f 3920//3920 72//72 68//68 67//67
f 3920//3920 3919//3919 3921//3921 3922//3922
f 3920//3920 3922//3922 3923//3923 72//72
f 3923//3923 77//77 73//73 72//72
f 3923//3923 3922//3922 3924//3924 3925//3925
f 3923//3923 3925//3925 3926//3926 77//77
f 3926//3926 82//82 78//78 77//77
f 3926//3926 3925//3925 3927//3927 3928//3928
f 3926//3926 3928//3928 3929//3929 82//82
f 3929//3929 87//87 83//83 82//82
f 3929//3929 3928//3928 3930//3930 3931//3931
f 3929//3929 3931//3931 3932//3932 87//87
f 3932//3932 92//92 88//88 87//87
f 3932//3932 3931//3931 3933//3933 3934//3934
f 3932//3932 3934//3934 3935//3935 92//92
f 3935//3935 97//97 93//93 92//92
f 3935//3935 3934//3934 3936//3936 3937//3937
f 3935//3935 3937//3937 3938//3938 97//97
f 3938//3938 102//102 98//98 97//97
f 3938//3938 3937//3937 3939//3939 3940//3940
f 3938//3938 3940//3940 3941//3941 102//102
f 3941//3941 107//107 103//103 102//102
f 3941//3941 3940//3940 3942//3942 3943//3943
f 3941//3941 3943//3943 3944//3944 107//107
f 3944//3944 112//112 108//108 107//107
f 3944//3944 3943//3943 3945//3945 3946//3946
f 3944//3944 3946//3946 3947//3947 112//112
f 3947//3947 117//117 113//113 112//112
f 3947//3947 3946//3946 3948//3948 3949//3949
f 3947//3947 3949//3949 3950//3950 117//117
f 3950//3950 122//122 118//118 117//117
f 3950//3950 3949//3949 3951//3951 3952//3952
f 3950//3950 3952//3952 3953//3953 122//122
f 3953//3953 127//127 123//123 122//122
f 3953//3953 3952//3952 3954//3954 3955//3955
f 3953//3953 3955//3955 3956//3956 127//127
f 3956//3956 132//132 128//128 127//127
f 3956//3956 3955//3955 3957//3957 3958//3958
f 3956//3956 3958//3958 3959//3959 132//132
f 3959//3959 137//137 133//133 132//132
f 3959//3959 3958//3958 3960//3960 3961//3961
f 3959//3959 3961//3961 3962//3962 137//137
f 3962//3962 142//142 138//138 137//137
f 3962//3962 3961//3961 3963//3963 3964//3964
f 3962//3962 3964//3964 3965//3965 142//142
f 3965//3965 147//147 143//143 142//142
f 3965//3965 3964//3964 3966//3966 3967//3967
f 3965//3965 3967//3967 3968//3968 147//147
f 3968//3968 152//152 148//148 147//147
f 3968//3968 3967//3967 3969//3969 3970//3970
f 3968//3968 3970//3970 3971//3971 152//152
f 3971//3971 157//157 153//153 152//152
f 3971//3971 3970//3970 3972//3972 3973//3973
f 3971//3971 3973//3973 3974//3974 157//157
f 3974//3974 162//162 158//158 157//157
f 3974//3974 3973//3973 3975//3975 3976//3976
f 3974//3974 3976//3976 3977//3977 162//162
f 3977//3977 167//167 163//163 162//162
f 3977//3977 3976//3976 3978//3978 3979//3979
f 3977//3977 3979//3979 3980//3980 167//167
f 3980//3980 172//172 168//168 167//167
f 3980//3980 3979//3979 3981//3981 3982//3982
f 3980//3980 3982//3982 3983//3983 172//172
f 3983//3983 177//177 173//173 172//172
f 3983//3983 3982//3982 3984//3984 3985//3985
f 3983//3983 3985//3985 3986//3986 177//177
f 3986//3986 182//182 178//178 177//177
f 3986//3986 3985//3985 3987//3987 3988//3988
f 3986//3986 3988//3988 3989//3989 182//182
f 3989//3989 187//187 183//183 182//182
f 3989//3989 3988//3988 3990//3990 3991//3991
f 3989//3989 3991//3991 3992//3992 187//187
f 3992//3992 192//192 188//188 187//187
f 3992//3992 3991//3991 3993//3993 3994//3994
f 3992//3992 3994//3994 3995//3995 192//192
f 3995//3995 197//197 193//193 192//192
f 3995//3995 3994//3994 3996//3996 3997//3997
f 3995//3995 3997//3997 3998//3998 197//197
f 3998//3998 202//202 198//198 197//197
f 3998//3998 3997//3997 3999//3999 4000//4000
f 3998//3998 4000//4000 4001//4001 202//202
f 4001//4001 207//207 203//203 202//202
f 4001//4001 4000//4000 4002//4002 4003//4003
f 4001//4001 4003//4003 4004//4004 207//207
f 4004//4004 212//212 208//208 207//207
f 4004//4004 4003//4003 4005//4005 4006//4006
f 4004//4004 4006//4006 4007//4007 212//212
f 4007//4007 217//217 213//213 212//212
f 4007//4007 4006//4006 4008//4008 4009//4009
f 4007//4007 4009//4009 4010//4010 217//217
f 4010//4010 222//222 218//218 217//217
f 4010//4010 4009//4009 4011//4011 4012//4012
f 4010//4010 4012//4012 4013//4013 222//222
f 4013//4013 227//227 223//223 222//222
f 4013//4013 4012//4012 4014//4014 4015//4015
f 4013//4013 4015//4015 4016//4016 227//227
f 4016//4016 232//232 228//228 227//227
f 4016//4016 4015//4015 4017//4017 4018//4018
f 4016//4016 4018//4018 4019//4019 232//232
f 4019//4019 237//237 233//233 232//232
f 4019//4019 4018//4018 4020//4020 4021//4021
f 4019//4019 4021//4021 4022//4022 237//237
f 4022//4022 242//242 238//238 237//237
f 4022//4022 4021//4021 4023//4023 4024//4024
f 4022//4022 4024//4024 4025//4025 242//242
f 4025//4025 247//247 243//243 242//242
f 4025//4025 4024//4024 4026//4026 4027//4027
f 4025//4025 4027//4027 4028//4028 247//247
f 4028//4028 252//252 248//248 247//247
f 4028//4028 4027//4027 4029//4029 4030//4030
f 4028//4028 4030//4030 4031//4031 252//252
f 4031//4031 257//257 253//253 252//252
f 4031//4031 4030//4030 4032//4032 4033//4033
f 4031//4031 4033//4033 4034//4034 257//257
f 4034//4034 262//262 258//258 257//257
f 4034//4034 4033//4033 4035//4035 4036//4036
f 4034//4034 4036//4036 4037//4037 262//262
f 4037//4037 267//267 263//263 262//262
f 4037//4037 4036//4036 4038//4038 4039//4039
f 4037//4037 4039//4039 4040//4040 267//267
f 4040//4040 272//272 268//268 267//267
f 4040//4040 4039//4039 4041//4041 4042//4042
f 4040//4040 4042//4042 4043//4043 272//272
f 4043//4043 277//277 273//273 272//272
f 4043//4043 4042//4042 4044//4044 4045//4045
f 4043//4043 4045//4045 4046//4046 277//277
f 4046//4046 282//282 278//278 277//277
f 4046//4046 4045//4045 4047//4047 4048//4048
f 4046//4046 4048//4048 4049//4049 282//282
f 4049//4049 287//287 283//283 282//282
f 4049//4049 4048//4048 4050//4050 4051//4051
f 4049//4049 4051//4051 4052//4052 287//287
f 4052//4052 292//292 288//288 287//287
f 4052//4052 4051//4051 4053//4053 4054//4054
f 4052//4052 4054//4054 4055//4055 292//292
f 4055//4055 297//297 293//293 292//292
f 4055//4055 4054//4054 4056//4056 4057//4057
f 4055//4055 4057//4057 4058//4058 297//297
f 4058//4058 302//302 298//298 297//297
f 4058//4058 4057//4057 4059//4059 4060//4060
f 4058//4058 4060//4060 4061//4061 302//302
f 4061//4061 307//307 303//303 302//302
f 4061//4061 4060//4060 4062//4062 4063//4063
f 4061//4061 4063//4063 4064//4064 307//307
f 4064//4064 312//312 308//308 307//307
f 4064//4064 4063//4063 4065//4065 4066//4066
f 4064//4064 4066//4066 4067//4067 312//312
f 4067//4067 317//317 313//313 312//312
f 4067//4067 4066//4066 4068//4068 4069//4069
f 4067//4067 4069//4069 4070//4070 317//317
f 4070//4070 322//322 318//318 317//317
f 4070//4070 4069//4069 4071//4071 4072//4072
f 4070//4070 4072//4072 4073//4073 322//322
f 4073//4073 327//327 323//323 322//322
f 4073//4073 4072//4072 4074//4074 4075//4075
f 4073//4073 4075//4075 4076//4076 327//327
f 4076//4076 332//332 328//328 327//327
f 4076//4076 4075//4075 4077//4077 4078//4078
f 4076//4076 4078//4078 4079//4079 332//332
f 4079//4079 337//337 333//333 332//332
f 4079//4079 4078//4078 4080//4080 4081//4081
f 4079//4079 4081//4081 4082//4082 337//337
f 4082//4082 342//342 338//338 337//337
f 4082//4082 4081//4081 4083//4083 4084//4084
f 4082//4082 4084//4084 4085//4085 342//342
f 4085//4085 347//347 343//343 342//342
f 4085//4085 4084//4084 4086//4086 4087//4087
f 4085//4085 4087//4087 4088//4088 347//347
f 4088//4088 352//352 348//348 347//347
f 4088//4088 4087//4087 4089//4089 4090//4090
f 4088//4088 4090//4090 4091//4091 352//352
f 4091//4091 357//357 353//353 352//352
f 4091//4091 4090//4090 4092//4092 4093//4093
f 4091//4091 4093//4093 4094//4094 357//357
f 4094//4094 362//362 358//358 357//357
f 4094//4094 4093//4093 4095//4095 4096//4096
f 4094//4094 4096//4096 4097//4097 362//362
f 4097//4097 367//367 363//363 362//362
f 4097//4097 4096//4096 4098//4098 4099//4099
f 4097//4097 4099//4099 4100//4100 367//367
f 4100//4100 372//372 368//368 367//367
f 4100//4100 4099//4099 4101//4101 4102//4102
f 4100//4100 4102//4102 4103//4103 372//372
f 4103//4103 377//377 373//373 372//372
f 4103//4103 4102//4102 4104//4104 4105//4105
f 4103//4103 4105//4105 4106//4106 377//377
f 4106//4106 382//382 378//378 377//377
f 4106//4106 4105//4105 4107//4107 4108//4108
f 4106//4106 4108//4108 4109//4109 382//382
f 4109//4109 387//387 383//383 382//382
f 4109//4109 4108//4108 4110//4110 4111//4111
f 4109//4109 4111//4111 4112//4112 387//387
f 4112//4112 392//392 388//388 387//387
f 4112//4112 4111//4111 4113//4113 4114//4114
f 4112//4112 4114//4114 4115//4115 392//392
f 4115//4115 397//397 393//393 392//392
f 4115//4115 4114//4114 4116//4116 4117//4117
f 4115//4115 4117//4117 4118//4118 397//397
f 4118//4118 402//402 398//398 397//397
f 4118//4118 4117//4117 4119//4119 4120//4120
f 4118//4118 4120//4120 4121//4121 402//402
f 4121//4121 407//407 403//403 402//402
f 4121//4121 4120//4120 4122//4122 4123//4123
f 4121//4121 4123//4123 4124//4124 407//407
f 4124//4124 412//412 408//408 407//407
f 4124//4124 4123//4123 4125//4125 4126//4126
f 4124//4124 4126//4126 4127//4127 412//412
f 4127//4127 417//417 413//413 412//412
f 4127//4127 4126//4126 4128//4128 4129//4129
f 4127//4127 4129//4129 4130//4130 417//417
f 4130//4130 422//422 418//418 417//417
f 4130//4130 4129//4129 4131//4131 4132//4132
f 4130//4130 4132//4132 4133//4133 422//422
f 4133//4133 427//427 423//423 422//422
f 4133//4133 4132//4132 4134//4134 4135//4135
f 4133//4133 4135//4135 4136//4136 427//427
f 4136//4136 432//432 428//428 427//427
f 4136//4136 4135//4135 4137//4137 4138//4138
f 4136//4136 4138//4138 4139//4139 432//432
f 4139//4139 437//437 433//433 432//432
f 4139//4139 4138//4138 4140//4140 4141//4141
f 4139//4139 4141//4141 4142//4142 437//437
f 4142//4142 442//442 438//438 437//437
f 4142//4142 4141//4141 4143//4143 4144//4144
f 4142//4142 4144//4144 4145//4145 442//442
f 4145//4145 447//447 443//443 442//442
f 4145//4145 4144//4144 4146//4146 4147//4147
f 4145//4145 4147//4147 4148//4148 447//447
f 4148//4148 452//452 448//448 447//447
f 4148//4148 4147//4147 4149//4149 4150//4150
f 4148//4148 4150//4150 4151//4151 452//452
f 4151//4151 457//457 453//453 452//452
f 4151//4151 4150//4150 4152//4152 4153//4153
f 4151//4151 4153//4153 4154//4154 457//457
f 4154//4154 462//462 458//458 457//457
f 4154//4154 4153//4153 4155//4155 4156//4156
f 4154//4154 4156//4156 4157//4157 462//462
f 4157//4157 467//467 463//463 462//462
f 4157//4157 4156//4156 4158//4158 4159//4159
f 4157//4157 4159//4159 4160//4160 467//467
f 4160//4160 472//472 468//468 467//467
f 4160//4160 4159//4159 4161//4161 4162//4162
f 4160//4160 4162//4162 4163//4163 472//472
f 4163//4163 477//477 473//473 472//472
f 4163//4163 4162//4162 4164//4164 4165//4165
f 4163//4163 4165//4165 4166//4166 477//477
f 4166//4166 482//482 478//478 477//477
f 4166//4166 4165//4165 4167//4167 4168//4168
f 4166//4166 4168//4168 4169//4169 482//482
f 4169//4169 487//487 483//483 482//482
f 4169//4169 4168//4168 4170//4170 4171//4171
f 4169//4169 4171//4171 4172//4172 487//487
f 4172//4172 492//492 488//488 487//487
f 4172//4172 4171//4171 4173//4173 4174//4174
f 4172//4172 4174//4174 4175//4175 492//492
f 4175//4175 497//497 493//493 492//492
f 4175//4175 4174//4174 4176//4176 4177//4177
f 4175//4175 4177//4177 4178//4178 497//497
f 4178//4178 502//502 498//498 497//497
f 4178//4178 4177//4177 4179//4179 4180//4180
f 4178//4178 4180//4180 4181//4181 502//502
f 4181//4181 507//507 503//503 502//502
f 4181//4181 4180//4180 4182//4182 4183//4183
f 4181//4181 4183//4183 4184//4184 507//507
f 4184//4184 512//512 508//508 507//507
f 4184//4184 4183//4183 4185//4185 4186//4186
f 4184//4184 4186//4186 4187//4187 512//512
f 4187//4187 517//517 513//513 512//512
f 4187//4187 4186//4186 4188//4188 4189//4189
f 4187//4187 4189//4189 4190//4190 517//517
f 4190//4190 522//522 518//518 517//517
f 4190//4190 4189//4189 4191//4191 4192//4192
f 4190//4190 4192//4192 4193//4193 522//522
f 4193//4193 527//527 523//523 522//522
f 4193//4193 4192//4192 4194//4194 4195//4195
f 4193//4193 4195//4195 4196//4196 527//527
f 4196//4196 532//532 528//528 527//527
f 4196//4196 4195//4195 4197//4197 4198//4198
f 4196//4196 4198//4198 4199//4199 532//532
f 4199//4199 537//537 533//533 532//532
f 4199//4199 4198//4198 4200//4200 4201//4201
f 4199//4199 4201//4201 4202//4202 537//537
f 4202//4202 542//542 538//538 537//537
f 4202//4202 4201//4201 4203//4203 4204//4204
f 4202//4202 4204//4204 4205//4205 542//542
f 4205//4205 547//547 543//543 542//542
f 4205//4205 4204//4204 4206//4206 4207//4207
f 4205//4205 4207//4207 4208//4208 547//547
f 4208//4208 552//552 548//548 547//547
f 4208//4208 4207//4207 4209//4209 4210//4210
f 4208//4208 4210//4210 4211//4211 552//552
f 4211//4211 557//557 553//553 552//552
f 4211//4211 4210//4210 4212//4212 4213//4213
f 4211//4211 4213//4213 4214//4214 557//557
f 4214//4214 562//562 558//558 557//557
f 4214//4214 4213//4213 4215//4215 4216//4216
f 4214//4214 4216//4216 4217//4217 562//562
f 4217//4217 567//567 563//563 562//562
f 4217//4217 4216//4216 4218//4218 4219//4219
f 4217//4217 4219//4219 4220//4220 567//567
f 4220//4220 572//572 568//568 567//567
f 4220//4220 4219//4219 4221//4221 4222//4222
f 4220//4220 4222//4222 4223//4223 572//572
f 4223//4223 577//577 573//573 572//572
f 4223//4223 4222//4222 4224//4224 4225//4225
f 4223//4223 4225//4225 4226//4226 577//577
f 4226//4226 582//582 578//578 577//577
f 4226//4226 4225//4225 4227//4227 4228//4228
f 4226//4226 4228//4228 4229//4229 582//582
f 4229//4229 587//587 583//583 582//582
f 4229//4229 4228//4228 4230//4230 4231//4231
f 4229//4229 4231//4231 4232//4232 587//587
f 4232//4232 592//592 588//588 587//587
f 4232//4232 4231//4231 4233//4233 4234//4234
f 4232//4232 4234//4234 4235//4235 592//592
f 4235//4235 597//597 593//593 592//592
f 4235//4235 4234//4234 4236//4236 4237//4237
f 4235//4235 4237//4237 4238//4238 597//597
f 4238//4238 602//602 598//598 597//597
f 4238//4238 4237//4237 4239//4239 4240//4240
f 4238//4238 4240//4240 4241//4241 602//602
f 4241//4241 607//607 603//603 602//602
f 4241//4241 4240//4240 4242//4242 4243//4243
f 4241//4241 4243//4243 4244//4244 607//607
f 4244//4244 612//612 608//608 607//607
f 4244//4244 4243//4243 4245//4245 4246//4246
f 4244//4244 4246//4246 4247//4247 612//612
f 4247//4247 617//617 613//613 612//612
f 4247//4247 4246//4246 4248//4248 4249//4249
f 4247//4247 4249//4249 4250//4250 617//617
f 4250//4250 622//622 618//618 617//617
f 4250//4250 4249//4249 4251//4251 4252//4252
f 4250//4250 4252//4252 4253//4253 622//622
f 4253//4253 627//627 623//623 622//622
f 4253//4253 4252//4252 4254//4254 4255//4255
f 4253//4253 4255//4255 4256//4256 627//627
f 4256//4256 632//632 628//628 627//627
f 4256//4256 4255//4255 4257//4257 4258//4258
f 4256//4256 4258//4258 4259//4259 632//632
f 4259//4259 637//637 633//633 632//632
f 4259//4259 4258//4258 4260//4260 4261//4261
f 4259//4259 4261//4261 4262//4262 637//637
f 4262//4262 642//642 638//638 637//637
f 4262//4262 4261//4261 4263//4263 4264//4264
f 4262//4262 4264//4264 4265//4265 642//642
f 4265//4265 647//647 643//643 642//642
f 4265//4265 4264//4264 4266//4266 4267//4267
f 4265//4265 4267//4267 4268//4268 647//647
f 4268//4268 652//652 648//648 647//647
f 4268//4268 4267//4267 4269//4269 4270//4270
f 4268//4268 4270//4270 4271//4271 652//652
f 4271//4271 657//657 653//653 652//652
f 4271//4271 4270//4270 4272//4272 4273//4273
f 4271//4271 4273//4273 4274//4274 657//657
f 4274//4274 662//662 658//658 657//657
f 4274//4274 4273//4273 4275//4275 4276//4276
f 4274//4274 4276//4276 4277//4277 662//662
f 4277//4277 667//667 663//663 662//662
f 4277//4277 4276//4276 4278//4278 4279//4279
f 4277//4277 4279//4279 4280//4280 667//667
f 4280//4280 672//672 668//668 667//667
f 4280//4280 4279//4279 4281//4281 4282//4282
f 4280//4280 4282//4282 4283//4283 672//672
f 4283//4283 677//677 673//673 672//672
f 4283//4283 4282//4282 4284//4284 4285//4285
f 4283//4283 4285//4285 4286//4286 677//677
f 4286//4286 682//682 678//678 677//677
f 4286//4286 4285//4285 4287//4287 4288//4288
f 4286//4286 4288//4288 4289//4289 682//682
f 4289//4289 687//687 683//683 682//682
f 4289//4289 4288//4288 4290//4290 4291//4291
f 4289//4289 4291//4291 4292//4292 687//687
f 4292//4292 692//692 688//688 687//687
f 4292//4292 4291//4291 4293//4293 4294//4294
f 4292//4292 4294//4294 4295//4295 692//692
f 4295//4295 697//697 693//693 692//692
f 4295//4295 4294//4294 4296//4296 4297//4297
f 4295//4295 4297//4297 4298//4298 697//697
f 4298//4298 702//702 698//698 697//697
f 4298//4298 4297//4297 4299//4299 4300//4300
f 4298//4298 4300//4300 4301//4301 702//702
f 4301//4301 707//707 703//703 702//702
f 4301//4301 4300//4300 4302//4302 4303//4303
f 4301//4301 4303//4303 4304//4304 707//707
f 4304//4304 712//712 708//708 707//707
f 4304//4304 4303//4303 4305//4305 4306//4306
f 4304//4304 4306//4306 4307//4307 712//712
f 4307//4307 717//717 713//713 712//712
f 4307//4307 4306//4306 4308//4308 4309//4309
f 4307//4307 4309//4309 4310//4310 717//717
f 4310//4310 722//722 718//718 717//717
f 4310//4310 4309//4309 4311//4311 4312//4312
f 4310//4310 4312//4312 4313//4313 722//722
f 4313//4313 727//727 723//723 722//722
f 4313//4313 4312//4312 4314//4314 4315//4315
f 4313//4313 4315//4315 4316//4316 727//727
f 4316//4316 732//732 728//728 727//727
f 4316//4316 4315//4315 4317//4317 4318//4318
f 4316//4316 4318//4318 4319//4319 732//732
f 4319//4319 737//737 733//733 732//732
f 4319//4319 4318//4318 4320//4320 4321//4321
f 4319//4319 4321//4321 4322//4322 737//737
f 4322//4322 742//742 738//738 737//737
f 4322//4322 4321//4321 4323//4323 4324//4324
f 4322//4322 4324//4324 4325//4325 742//742
f 4325//4325 747//747 743//743 742//742
f 4325//4325 4324//4324 4326//4326 4327//4327
f 4325//4325 4327//4327 4328//4328 747//747
f 4328//4328 752//752 748//748 747//747
f 4328//4328 4327//4327 4329//4329 4330//4330
f 4328//4328 4330//4330 4331//4331 752//752
f 4331//4331 757//757 753//753 752//752
f 4331//4331 4330//4330 4332//4332 4333//4333
f 4331//4331 4333//4333 4334//4334 757//757
f 4334//4334 762//762 758//758 757//757
f 4334//4334 4333//4333 4335//4335 4336//4336
f 4334//4334 4336//4336 4337//4337 762//762
f 4337//4337 767//767 763//763 762//762
f 4337//4337 4336//4336 4338//4338 4339//4339
f 4337//4337 4339//4339 4340//4340 767//767
f 4340//4340 772//772 768//768 767//767
f 4340//4340 4339//4339 4341//4341 4342//4342
f 4340//4340 4342//4342 4343//4343 772//772
f 4343//4343 777//777 773//773 772//772
f 4343//4343 4342//4342 4344//4344 4345//4345
f 4343//4343 4345//4345 4346//4346 777//777
f 4346//4346 782//782 778//778 777//777
f 4346//4346 4345//4345 4347//4347 4348//4348
f 4346//4346 4348//4348 4349//4349 782//782
f 4349//4349 787//787 783//783 782//782
f 4349//4349 4348//4348 4350//4350 4351//4351
f 4349//4349 4351//4351 4352//4352 787//787
f 4352//4352 792//792 788//788 787//787
f 4352//4352 4351//4351 4353//4353 4354//4354
f 4352//4352 4354//4354 4355//4355 792//792
f 4355//4355 797//797 793//793 792//792
f 4355//4355 4354//4354 4356//4356 4357//4357
f 4355//4355 4357//4357 4358//4358 797//797
f 4358//4358 802//802 798//798 797//797
f 4358//4358 4357//4357 4359//4359 4360//4360
f 4358//4358 4360//4360 4361//4361 802//802
f 4361//4361 807//807 803//803 802//802
f 4361//4361 4360//4360 4362//4362 4363//4363
f 4361//4361 4363//4363 4364//4364 807//807
f 4364//4364 812//812 808//808 807//807
f 4364//4364 4363//4363 4365//4365 4366//4366
f 4364//4364 4366//4366 4367//4367 812//812
f 4367//4367 817//817 813//813 812//812
f 4367//4367 4366//4366 4368//4368 4369//4369
f 4367//4367 4369//4369 4370//4370 817//817
f 4370//4370 822//822 818//818 817//817
f 4370//4370 4369//4369 4371//4371 4372//4372
f 4370//4370 4372//4372 4373//4373 822//822
f 4373//4373 827//827 823//823 822//822
f 4373//4373 4372//4372 4374//4374 4375//4375
f 4373//4373 4375//4375 4376//4376 827//827
f 4376//4376 832//832 828//828 827//827
f 4376//4376 4375//4375 4377//4377 4378//4378
f 4376//4376 4378//4378 4379//4379 832//832
f 4379//4379 837//837 833//833 832//832
f 4379//4379 4378//4378 4380//4380 4381//4381
f 4379//4379 4381//4381 4382//4382 837//837
f 4382//4382 842//842 838//838 837//837
f 4382//4382 4381//4381 4383//4383 4384//4384
f 4382//4382 4384//4384 4385//4385 842//842
f 4385//4385 847//847 843//843 842//842
f 4385//4385 4384//4384 4386//4386 4387//4387
f 4385//4385 4387//4387 4388//4388 847//847
f 4388//4388 852//852 848//848 847//847
f 4388//4388 4387//4387 4389//4389 4390//4390
f 4388//4388 4390//4390 4391//4391 852//852
f 4391//4391 857//857 853//853 852//852
f 4391//4391 4390//4390 4392//4392 4393//4393
f 4391//4391 4393//4393 4394//4394 857//857
f 4394//4394 862//862 858//858 857//857
f 4394//4394 4393//4393 4395//4395 4396//4396
f 4394//4394 4396//4396 4397//4397 862//862
f 4397//4397 867//867 863//863 862//862
f 4397//4397 4396//4396 4398//4398 4399//4399
f 4397//4397 4399//4399 4400//4400 867//867
f 4400//4400 872//872 868//868 867//867
f 4400//4400 4399//4399 4401//4401 4402//4402
f 4400//4400 4402//4402 4403//4403 872//872
f 4403//4403 877//877 873//873 872//872
f 4403//4403 4402//4402 4404//4404 4405//4405
f 4403//4403 4405//4405 4406//4406 877//877
f 4406//4406 882//882 878//878 877//877
f 4406//4406 4405//4405 4407//4407 4408//4408
f 4406//4406 4408//4408 4409//4409 882//882
f 4409//4409 887//887 883//883 882//882
f 4409//4409 4408//4408 4410//4410 4411//4411
f 4409//4409 4411//4411 4412//4412 887//887
f 4412//4412 892//892 888//888 887//887
f 4412//4412 4411//4411 4413//4413 4414//4414
f 4412//4412 4414//4414 4415//4415 892//892
f 4415//4415 897//897 893//893 892//892
f 4415//4415 4414//4414 4416//4416 4417//4417
f 4415//4415 4417//4417 4418//4418 897//897
f 4418//4418 902//902 898//898 897//897
f 4418//4418 4417//4417 4419//4419 4420//4420
f 4418//4418 4420//4420 4421//4421 902//902
f 4421//4421 907//907 903//903 902//902
f 4421//4421 4420//4420 4422//4422 4423//4423
f 4421//4421 4423//4423 4424//4424 907//907
f 4424//4424 912//912 908//908 907//907
f 4424//4424 4423//4423 4425//4425 4426//4426
f 4424//4424 4426//4426 4427//4427 912//912
f 4427//4427 917//917 913//913 912//912
f 4427//4427 4426//4426 4428//4428 4429//4429
f 4427//4427 4429//4429 4430//4430 917//917
f 4430//4430 922//922 918//918 917//917
f 4430//4430 4429//4429 4431//4431 4432//4432
f 4430//4430 4432//4432 4433//4433 922//922
f 4433//4433 927//927 923//923 922//922
f 4433//4433 4432//4432 4434//4434 4435//4435
f 4433//4433 4435//4435 4436//4436 927//927
f 4436//4436 932//932 928//928 927//927
f 4436//4436 4435//4435 4437//4437 4438//4438
f 4436//4436 4438//4438 4439//4439 932//932
f 4439//4439 937//937 933//933 932//932
f 4439//4439 4438//4438 4440//4440 4441//4441
f 4439//4439 4441//4441 4442//4442 937//937
f 4442//4442 942//942 938//938 937//937
f 4442//4442 4441//4441 4443//4443 4444//4444
f 4442//4442 4444//4444 4445//4445 942//942
f 4445//4445 947//947 943//943 942//942
f 4445//4445 4444//4444 4446//4446 4447//4447
f 4445//4445 4447//4447 4448//4448 947//947
f 4448//4448 952//952 948//948 947//947
f 4448//4448 4447//4447 4449//4449 4450//4450
f 4448//4448 4450//4450 4451//4451 952//952
f 4451//4451 957//957 953//953 952//952
f 4451//4451 4450//4450 4452//4452 4453//4453
f 4451//4451 4453//4453 4454//4454 957//957
f 4454//4454 962//962 958//958 957//957
f 4454//4454 4453//4453 4455//4455 4456//4456
f 4454//4454 4456//4456 4457//4457 962//962
f 4457//4457 967//967 963//963 962//962
f 4457//4457 4456//4456 4458//4458 4459//4459
f 4457//4457 4459//4459 4460//4460 967//967
f 4460//4460 972//972 968//968 967//967
f 4460//4460 4459//4459 4461//4461 4462//4462
f 4460//4460 4462//4462 4463//4463 972//972
f 4463//4463 977//977 973//973 972//972
f 4463//4463 4462//4462 4464//4464 4465//4465
f 4463//4463 4465//4465 4466//4466 977//977
f 4466//4466 982//982 978//978 977//977
f 4466//4466 4465//4465 4467//4467 4468//4468
f 4466//4466 4468//4468 4469//4469 982//982
f 4469//4469 987//987 983//983 982//982
f 4469//4469 4468//4468 4470//4470 4471//4471
f 4469//4469 4471//4471 4472//4472 987//987
f 4472//4472 992//992 988//988 987//987
f 4472//4472 4471//4471 4473//4473 4474//4474
f 4472//4472 4474//4474 4475//4475 992//992
f 4475//4475 997//997 993//993 992//992
f 4475//4475 4474//4474 4476//4476 4477//4477
f 4475//4475 4477//4477 4478//4478 997//997
f 4478//4478 1002//1002 998//998 997//997
f 4478//4478 4477//4477 4479//4479 4480//4480
f 4478//4478 4480//4480 4481//4481 1002//1002
f 4481//4481 1007//1007 1003//1003 1002//1002
f 4481//4481 4480//4480 4482//4482 4483//4483
f 4481//4481 4483//4483 4484//4484 1007//1007
f 4484//4484 1012//1012 1008//1008 1007//1007
f 4484//4484 4483//4483 4485//4485 4486//4486
f 4484//4484 4486//4486 4487//4487 1012//1012
f 4487//4487 1017//1017 1013//1013 1012//1012
f 4487//4487 4486//4486 4488//4488 4489//4489
f 4487//4487 4489//4489 4490//4490 1017//1017
f 4490//4490 1022//1022 1018//1018 1017//1017
f 4490//4490 4489//4489 4491//4491 4492//4492
f 4490//4490 4492//4492 4493//4493 1022//1022
f 4493//4493 1027//1027 1023//1023 1022//1022
f 4493//4493 4492//4492 4494//4494 4495//4495
f 4493//4493 4495//4495 4496//4496 1027//1027
f 4496//4496 1032//1032 1028//1028 1027//1027
f 4496//4496 4495//4495 4497//4497 4498//4498
f 4496//4496 4498//4498 4499//4499 1032//1032
f 4499//4499 1037//1037 1033//1033 1032//1032
f 4499//4499 4498//4498 4500//4500 4501//4501
f 4499//4499 4501//4501 4502//4502 1037//1037
f 4502//4502 1042//1042 1038//1038 1037//1037
f 4502//4502 4501//4501 4503//4503 4504//4504
f 4502//4502 4504//4504 4505//4505 1042//1042
f 4505//4505 1047//1047 1043//1043 1042//1042
f 4505//4505 4504//4504 4506//4506 4507//4507
f 4505//4505 4507//4507 4508//4508 1047//1047
f 4508//4508 1052//1052 1048//1048 1047//1047
f 4508//4508 4507//4507 4509//4509 4510//4510
f 4508//4508 4510//4510 4511//4511 1052//1052
f 4511//4511 1057//1057 1053//1053 1052//1052
f 4511//4511 4510//4510 4512//4512 4513//4513
f 4511//4511 4513//4513 4514//4514 1057//1057
f 4514//4514 1062//1062 1058//1058 1057//1057
f 4514//4514 4513//4513 4515//4515 4516//4516
f 4514//4514 4516//4516 4517//4517 1062//1062
f 4517//4517 1067//1067 1063//1063 1062//1062
f 4517//4517 4516//4516 4518//4518 4519//4519
f 4517//4517 4519//4519 4520//4520 1067//1067
f 4520//4520 1072//1072 1068//1068 1067//1067
f 4520//4520 4519//4519 4521//4521 4522//4522
f 4520//4520 4522//4522 4523//4523 1072//1072
f 4523//4523 1077//1077 1073//1073 1072//1072
f 4523//4523 4522//4522 4524//4524 4525//4525
f 4523//4523 4525//4525 4526//4526 1077//1077
f 4526//4526 1082//1082 1078//1078 1077//1077
f 4526//4526 4525//4525 4527//4527 4528//4528
f 4526//4526 4528//4528 4529//4529 1082//1082
f 4529//4529 1087//1087 1083//1083 1082//1082
f 4529//4529 4528//4528 4530//4530 4531//4531
f 4529//4529 4531//4531 4532//4532 1087//1087
f 4532//4532 1092//1092 1088//1088 1087//1087
f 4532//4532 4531//4531 4533//4533 4534//4534
f 4532//4532 4534//4534 4535//4535 1092//1092
f 4535//4535 1097//1097 1093//1093 1092//1092
f 4535//4535 4534//4534 4536//4536 4537//4537
f 4535//4535 4537//4537 4538//4538 1097//1097
f 4538//4538 1102//1102 1098//1098 1097//1097
f 4538//4538 4537//4537 4539//4539 4540//4540
f 4538//4538 4540//4540 4541//4541 1102//1102
f 4541//4541 1107//1107 1103//1103 1102//1102
f 4541//4541 4540//4540 4542//4542 4543//4543
f 4541//4541 4543//4543 4544//4544 1107//1107
f 4544//4544 1112//1112 1108//1108 1107//1107
f 4544//4544 4543//4543 4545//4545 4546//4546
f 4544//4544 4546//4546 4547//4547 1112//1112
f 4547//4547 1117//1117 1113//1113 1112//1112
f 4547//4547 4546//4546 4548//4548 4549//4549
f 4547//4547 4549//4549 4550//4550 1117//1117
f 4550//4550 1122//1122 1118//1118 1117//1117
f 4550//4550 4549//4549 4551//4551 4552//4552
f 4550//4550 4552//4552 4553//4553 1122//1122
f 4553//4553 1127//1127 1123//1123 1122//1122
f 4553//4553 4552//4552 4554//4554 4555//4555
f 4553//4553 4555//4555 4556//4556 1127//1127
f 4556//4556 1132//1132 1128//1128 1127//1127
f 4556//4556 4555//4555 4557//4557 4558//4558
f 4556//4556 4558//4558 4559//4559 1132//1132
f 4559//4559 1137//1137 1133//1133 1132//1132
f 4559//4559 4558//4558 4560//4560 4561//4561
f 4559//4559 4561//4561 4562//4562 1137//1137
f 4562//4562 1142//1142 1138//1138 1137//1137
f 4562//4562 4561//4561 4563//4563 4564//4564
f 4562//4562 4564//4564 4565//4565 1142//1142
f 4565//4565 1147//1147 1143//1143 1142//1142
f 4565//4565 4564//4564 4566//4566 4567//4567
f 4565//4565 4567//4567 4568//4568 1147//1147
f 4568//4568 1152//1152 1148//1148 1147//1147
f 4568//4568 4567//4567 4569//4569 4570//4570
f 4568//4568 4570//4570 4571//4571 1152//1152
f 4571//4571 1157//1157 1153//1153 1152//1152
f 4571//4571 4570//4570 4572//4572 4573//4573
f 4571//4571 4573//4573 4574//4574 1157//1157
f 4574//4574 1162//1162 1158//1158 1157//1157
f 4574//4574 4573//4573 4575//4575 4576//4576
f 4574//4574 4576//4576 1168//1168 1162//1162
f 4576//4576 4575//4575 4577//4577 4578//4578
f 4576//4576 4578//4578 1169//1169 1168//1168
f 4578//4578 4577//4577 4579//4579 4580//4580
f 4578//4578 4580//4580 1171//1171 1169//1169
f 4580//4580 4579//4579 3246//3246 4581//4581
f 4580//4580 4581//4581 1173//1173 1171//1171
f 4581//4581 3246//3246 3244//3244 3243//3243
f 4581//4581 3243//3243 4582//4582 1173//1173
f 4582//4582 1177//1177 1174//1174 1173//1173
f 4582//4582 3243//3243 3241//3241 3240//3240
f 4582//4582 3240//3240 1183//1183 1177//1177
f 4579//4579 4577//4577 4583//4583 3249//3249
f 4579//4579 3249//3249 3247//3247 3246//3246
f 4583//4583 4577//4577 4575//4575 4584//4584
f 4583//4583 4584//4584 4585//4585 3252//3252
f 4583//4583 3252//3252 3250//3250 3249//3249
f 4585//4585 4584//4584 4572//4572 4586//4586
f 4585//4585 4586//4586 4587//4587 3255//3255
f 4585//4585 3255//3255 3253//3253 3252//3252
f 4587//4587 4586//4586 4569//4569 4588//4588
f 4587//4587 4588//4588 4589//4589 3258//3258
f 4587//4587 3258//3258 3256//3256 3255//3255
f 4589//4589 4588//4588 4566//4566 4590//4590
f 4589//4589 4590//4590 4591//4591 3261//3261
f 4589//4589 3261//3261 3259//3259 3258//3258
f 4591//4591 4590//4590 4563//4563 4592//4592
f 4591//4591 4592//4592 4593//4593 3264//3264
f 4591//4591 3264//3264 3262//3262 3261//3261
f 4593//4593 4592//4592 4560//4560 4594//4594
f 4593//4593 4594//4594 4595//4595 3267//3267
f 4593//4593 3267//3267 3265//3265 3264//3264
f 4595//4595 4594//4594 4557//4557 4596//4596
f 4595//4595 4596//4596 4597//4597 3270//3270
f 4595//4595 3270//3270 3268//3268 3267//3267
f 4597//4597 4596//4596 4554//4554 4598//4598
f 4597//4597 4598//4598 4599//4599 3273//3273
f 4597//4597 3273//3273 3271//3271 3270//3270
f 4599//4599 4598//4598 4551//4551 4600//4600
f 4599//4599 4600//4600 4601//4601 3276//3276
f 4599//4599 3276//3276 3274//3274 3273//3273
f 4601//4601 4600//4600 4548//4548 4602//4602
f 4601//4601 4602//4602 4603//4603 3279//3279
f 4601//4601 3279//3279 3277//3277 3276//3276
f 4603//4603 4602//4602 4545//4545 4604//4604
f 4603//4603 4604//4604 4605//4605 3282//3282
f 4603//4603 3282//3282 3280//3280 3279//3279
f 4605//4605 4604//4604 4542//4542 4606//4606
f 4605//4605 4606//4606 4607//4607 3285//3285
f 4605//4605 3285//3285 3283//3283 3282//3282
f 4607//4607 4606//4606 4539//4539 4608//4608
f 4607//4607 4608//4608 4609//4609 3288//3288
f 4607//4607 3288//3288 3286//3286 3285//3285
f 4609//4609 4608//4608 4536//4536 4610//4610
f 4609//4609 4610//4610 4611//4611 3291//3291
f 4609//4609 3291//3291 3289//3289 3288//3288
f 4611//4611 4610//4610 4533//4533 4612//4612
f 4611//4611 4612//4612 4613//4613 3294//3294
f 4611//4611 3294//3294 3292//3292 3291//3291
f 4613//4613 4612//4612 4530//4530 4614//4614
f 4613//4613 4614//4614 4615//4615 3297//3297
f 4613//4613 3297//3297 3295//3295 3294//3294
f 4615//4615 4614//4614 4527//4527 4616//4616
f 4615//4615 4616//4616 4617//4617 3300//3300
f 4615//4615 3300//3300 3298//3298 3297//3297
f 4617//4617 4616//4616 4524//4524 4618//4618
f 4617//4617 4618//4618 4619//4619 3303//3303
f 4617//4617 3303//3303 3301//3301 3300//3300
f 4619//4619 4618//4618 4521//4521 4620//4620
f 4619//4619 4620//4620 4621//4621 3306//3306
f 4619//4619 3306//3306 3304//3304 3303//3303
f 4621//4621 4620//4620 4518//4518 4622//4622
f 4621//4621 4622//4622 4623//4623 3309//3309
f 4621//4621 3309//3309 3307//3307 3306//3306
f 4623//4623 4622//4622 4515//4515 4624//4624
f 4623//4623 4624//4624 4625//4625 3312//3312
f 4623//4623 3312//3312 3310//3310 3309//3309
f 4625//4625 4624//4624 4512//4512 4626//4626
f 4625//4625 4626//4626 4627//4627 3315//3315
f 4625//4625 3315//3315 3313//3313 3312//3312
f 4627//4627 4626//4626 4509//4509 4628//4628
f 4627//4627 4628//4628 4629//4629 3318//3318
f 4627//4627 3318//3318 3316//3316 3315//3315
f 4629//4629 4628//4628 4506//4506 4630//4630
f 4629//4629 4630//4630 4631//4631 3321//3321
f 4629//4629 3321//3321 3319//3319 3318//3318
f 4631//4631 4630//4630 4503//4503 4632//4632
f 4631//4631 4632//4632 4633//4633 3324//3324
f 4631//4631 3324//3324 3322//3322 3321//3321
f 4633//4633 4632//4632 4500//4500 4634//4634
f 4633//4633 4634//4634 4635//4635 3327//3327
f 4633//4633 3327//3327 3325//3325 3324//3324
f 4635//4635 4634//4634 4497//4497 4636//4636
f 4635//4635 4636//4636 4637//4637 3330//3330
f 4635//4635 3330//3330 3328//3328 3327//3327
f 4637//4637 4636//4636 4494//4494 4638//4638
f 4637//4637 4638//4638 4639//4639 3333//3333
f 4637//4637 3333//3333 3331//3331 3330//3330
f 4639//4639 4638//4638 4491//4491 4640//4640
f 4639//4639 4640//4640 4641//4641 3336//3336
f 4639//4639 3336//3336 3334//3334 3333//3333
f 4641//4641 4640//4640 4488//4488 4642//4642
f 4641//4641 4642//4642 4643//4643 3339//3339
f 4641//4641 3339//3339 3337//3337 3336//3336
f 4643//4643 4642//4642 4485//4485 4644//4644
f 4643//4643 4644//4644 4645//4645 3342//3342
f 4643//4643 3342//3342 3340//3340 3339//3339
f 4645//4645 4644//4644 4482//4482 4646//4646
f 4645//4645 4646//4646 4647//4647 3345//3345
f 4645//4645 3345//3345 3343//3343 3342//3342
f 4647//4647 4646//4646 4479//4479 4648//4648
f 4647//4647 4648//4648 4649//4649 3348//3348
f 4647//4647 3348//3348 3346//3346 3345//3345
f 4649//4649 4648//4648 4476//4476 4650//4650
f 4649//4649 4650//4650 4651//4651 3351//3351
f 4649//4649 3351//3351 3349//3349 3348//3348
f 4651//4651 4650//4650 4473//4473 4652//4652
f 4651//4651 4652//4652 4653//4653 3354//3354
f 4651//4651 3354//3354 3352//3352 3351//3351
f 4653//4653 4652//4652 4470//4470 4654//4654
f 4653//4653 4654//4654 4655//4655 3357//3357
f 4653//4653 3357//3357 3355//3355 3354//3354
f 4655//4655 4654//4654 4467//4467 4656//4656
f 4655//4655 4656//4656 4657//4657 3360//3360
f 4655//4655 3360//3360 3358//3358 3357//3357
f 4657//4657 4656//4656 4464//4464 4658//4658
f 4657//4657 4658//4658 4659//4659 3363//3363
f 4657//4657 3363//3363 3361//3361 3360//3360
f 4659//4659 4658//4658 4461//4461 4660//4660
f 4659//4659 4660//4660 4661//4661 3366//3366
f 4659//4659 3366//3366 3364//3364 3363//3363
f 4661//4661 4660//4660 4458//4458 4662//4662
f 4661//4661 4662//4662 4663//4663 3369//3369
f 4661//4661 3369//3369 3367//3367 3366//3366
f 4663//4663 4662//4662 4455//4455 4664//4664
f 4663//4663 4664//4664 4665//4665 3372//3372
f 4663//4663 3372//3372 3370//3370 3369//3369
f 4665//4665 4664//4664 4452//4452 4666//4666
f 4665//4665 4666//4666 4667//4667 3375//3375
f 4665//4665 3375//3375 3373//3373 3372//3372
f 4667//4667 4666//4666 4449//4449 4668//4668
f 4667//4667 4668//4668 4669//4669 3378//3378
f 4667//4667 3378//3378 3376//3376 3375//3375
f 4669//4669 4668//4668 4446//4446 4670//4670
f 4669//4669 4670//4670 4671//4671 3381//3381
f 4669//4669 3381//3381 3379//3379 3378//3378
f 4671//4671 4670//4670 4443//4443 4672//4672
f 4671//4671 4672//4672 4673//4673 3384//3384
f 4671//4671 3384//3384 3382//3382 3381//3381
f 4673//4673 4672//4672 4440//4440 4674//4674
f 4673//4673 4674//4674 4675//4675 3387//3387
f 4673//4673 3387//3387 3385//3385 3384//3384
f 4675//4675 4674//4674 4437//4437 4676//4676
f 4675//4675 4676//4676 4677//4677 3390//3390
f 4675//4675 3390//3390 3388//3388 3387//3387
f 4677//4677 4676//4676 4434//4434 4678//4678
f 4677//4677 4678//4678 4679//4679 3393//3393
f 4677//4677 3393//3393 3391//3391 3390//3390
f 4679//4679 4678//4678 4431//4431 4680//4680
f 4679//4679 4680//4680 4681//4681 3396//3396
f 4679//4679 3396//3396 3394//3394 3393//3393
f 4681//4681 4680//4680 4428//4428 4682//4682
f 4681//4681 4682//4682 4683//4683 3399//3399
f 4681//4681 3399//3399 3397//3397 3396//3396
f 4683//4683 4682//4682 4425//4425 4684//4684
f 4683//4683 4684//4684 4685//4685 3402//3402
f 4683//4683 3402//3402 3400//3400 3399//3399
f 4685//4685 4684//4684 4422//4422 4686//4686
f 4685//4685 4686//4686 4687//4687 3405//3405
f 4685//4685 3405//3405 3403//3403 3402//3402
f 4687//4687 4686//4686 4419//4419 4688//4688
f 4687//4687 4688//4688 4689//4689 3408//3408
f 4687//4687 3408//3408 3406//3406 3405//3405
f 4689//4689 4688//4688 4416//4416 4690//4690
f 4689//4689 4690//4690 4691//4691 3411//3411
f 4689//4689 3411//3411 3409//3409 3408//3408
f 4691//4691 4690//4690 4413//4413 4692//4692
f 4691//4691 4692//4692 4693//4693 3414//3414
f 4691//4691 3414//3414 3412//3412 3411//3411
f 4693//4693 4692//4692 4410//4410 4694//4694
f 4693//4693 4694//4694 4695//4695 3417//3417
f 4693//4693 3417//3417 3415//3415 3414//3414
f 4695//4695 4694//4694 4407//4407 4696//4696
f 4695//4695 4696//4696 4697//4697 3420//3420
f 4695//4695 3420//3420 3418//3418 3417//3417
f 4697//4697 4696//4696 4404//4404 4698//4698
f 4697//4697 4698//4698 4699//4699 3423//3423
f 4697//4697 3423//3423 3421//3421 3420//3420
f 4699//4699 4698//4698 4401//4401 4700//4700
f 4699//4699 4700//4700 4701//4701 3426//3426
f 4699//4699 3426//3426 3424//3424 3423//3423
f 4701//4701 4700//4700 4398//4398 4702//4702
f 4701//4701 4702//4702 4703//4703 3429//3429
f 4701//4701 3429//3429 3427//3427 3426//3426
f 4703//4703 4702//4702 4395//4395 4704//4704
f 4703//4703 4704//4704 4705//4705 3432//3432
f 4703//4703 3432//3432 3430//3430 3429//3429
f 4705//4705 4704//4704 4392//4392 4706//4706
f 4705//4705 4706//4706 4707//4707 3435//3435
f 4705//4705 3435//3435 3433//3433 3432//3432
f 4707//4707 4706//4706 4389//4389 4708//4708
f 4707//4707 4708//4708 4709//4709 3438//3438
f 4707//4707 3438//3438 3436//3436 3435//3435
f 4709//4709 4708//4708 4386//4386 4710//4710
f 4709//4709 4710//4710 4711//4711 3441//3441
f 4709//4709 3441//3441 3439//3439 3438//3438
f 4711//4711 4710//4710 4383//4383 4712//4712
f 4711//4711 4712//4712 4713//4713 3444//3444
f 4711//4711 3444//3444 3442//3442 3441//3441
f 4713//4713 4712//4712 4380//4380 4714//4714
f 4713//4713 4714//4714 4715//4715 3447//3447
f 4713//4713 3447//3447 3445//3445 3444//3444
f 4715//4715 4714//4714 4377//4377 4716//4716
f 4715//4715 4716//4716 4717//4717 3450//3450
f 4715//4715 3450//3450 3448//3448 3447//3447
f 4717//4717 4716//4716 4374//4374 4718//4718
f 4717//4717 4718//4718 4719//4719 3453//3453
f 4717//4717 3453//3453 3451//3451 3450//3450
f 4719//4719 4718//4718 4371//4371 4720//4720
f 4719//4719 4720//4720 4721//4721 3456//3456
f 4719//4719 3456//3456 3454//3454 3453//3453
f 4721//4721 4720//4720 4368//4368 4722//4722
f 4721//4721 4722//4722 4723//4723 3459//3459
f 4721//4721 3459//3459 3457//3457 3456//3456
f 4723//4723 4722//4722 4365//4365 4724//4724
f 4723//4723 4724//4724 4725//4725 3462//3462
f 4723//4723 3462//3462 3460//3460 3459//3459
f 4725//4725 4724//4724 4362//4362 4726//4726
f 4725//4725 4726//4726 4727//4727 3465//3465
f 4725//4725 3465//3465 3463//3463 3462//3462
f 4727//4727 4726//4726 4359//4359 4728//4728
f 4727//4727 4728//4728 4729//4729 3468//3468
f 4727//4727 3468//3468 3466//3466 3465//3465
f 4729//4729 4728//4728 4356//4356 4730//4730
f 4729//4729 4730//4730 4731//4731 3471//3471
f 4729//4729 3471//3471 3469//3469 3468//3468
f 4731//4731 4730//4730 4353//4353 4732//4732
f 4731//4731 4732//4732 4733//4733 3474//3474
f 4731//4731 3474//3474 3472//3472 3471//3471
f 4733//4733 4732//4732 4350//4350 4734//4734
f 4733//4733 4734//4734 4735//4735 3477//3477
f 4733//4733 3477//3477 3475//3475 3474//3474
f 4735//4735 4734//4734 4347//4347 4736//4736
f 4735//4735 4736//4736 4737//4737 3480//3480
f 4735//4735 3480//3480 3478//3478 3477//3477
f 4737//4737 4736//4736 4344//4344 4738//4738
f 4737//4737 4738//4738 4739//4739 3483//3483
f 4737//4737 3483//3483 3481//3481 3480//3480
f 4739//4739 4738//4738 4341//4341 4740//4740
f 4739//4739 4740//4740 4741//4741 3486//3486
f 4739//4739 3486//3486 3484//3484 3483//3483
f 4741//4741 4740//4740 4338//4338 4742//4742
f 4741//4741 4742//4742 4743//4743 3489//3489
f 4741//4741 3489//3489 3487//3487 3486//3486
f 4743//4743 4742//4742 4335//4335 4744//4744
f 4743//4743 4744//4744 4745//4745 3492//3492
f 4743//4743 3492//3492 3490//3490 3489//3489
f 4745//4745 4744//4744 4332//4332 4746//4746
f 4745//4745 4746//4746 4747//4747 3495//3495
f 4745//4745 3495//3495 3493//3493 3492//3492
f 4747//4747 4746//4746 4329//4329 4748//4748
f 4747//4747 4748//4748 4749//4749 3498//3498
f 4747//4747 3498//3498 3496//3496 3495//3495
f 4749//4749 4748//4748 4326//4326 4750//4750
f 4749//4749 4750//4750 4751//4751 3501//3501
f 4749//4749 3501//3501 3499//3499 3498//3498
f 4751//4751 4750//4750 4323//4323 4752//4752
f 4751//4751 4752//4752 4753//4753 3504//3504
f 4751//4751 3504//3504 3502//3502 3501//3501
f 4753//4753 4752//4752 4320//4320 4754//4754
f 4753//4753 4754//4754 4755//4755 3507//3507
f 4753//4753 3507//3507 3505//3505 3504//3504
f 4755//4755 4754//4754 4317//4317 4756//4756
f 4755//4755 4756//4756 4757//4757 3510//3510
f 4755//4755 3510//3510 3508//3508 3507//3507
f 4757//4757 4756//4756 4314//4314 4758//4758
f 4757//4757 4758//4758 4759//4759 3513//3513
f 4757//4757 3513//3513 3511//3511 3510//3510
f 4759//4759 4758//4758 4311//4311 4760//4760
f 4759//4759 4760//4760 4761//4761 3516//3516
f 4759//4759 3516//3516 3514//3514 3513//3513
f 4761//4761 4760//4760 4308//4308 4762//4762
f 4761//4761 4762//4762 4763//4763 3519//3519
f 4761//4761 3519//3519 3517//3517 3516//3516
f 4763//4763 4762//4762 4305//4305 4764//4764
f 4763//4763 4764//4764 4765//4765 3522//3522
f 4763//4763 3522//3522 3520//3520 3519//3519
f 4765//4765 4764//4764 4302//4302 4766//4766
f 4765//4765 4766//4766 4767//4767 3525//3525
f 4765//4765 3525//3525 3523//3523 3522//3522
f 4767//4767 4766//4766 4299//4299 4768//4768
f 4767//4767 4768//4768 4769//4769 3528//3528
f 4767//4767 3528//3528 3526//3526 3525//3525
f 4769//4769 4768//4768 4296//4296 4770//4770
f 4769//4769 4770//4770 4771//4771 3531//3531
f 4769//4769 3531//3531 3529//3529 3528//3528
f 4771//4771 4770//4770 4293//4293 4772//4772
f 4771//4771 4772//4772 4773//4773 3534//3534
f 4771//4771 3534//3534 3532//3532 3531//3531
f 4773//4773 4772//4772 4290//4290 4774//4774
f 4773//4773 4774//4774 4775//4775 3537//3537
f 4773//4773 3537//3537 3535//3535 3534//3534
f 4775//4775 4774//4774 4287//4287 4776//4776
f 4775//4775 4776//4776 4777//4777 3540//3540
f 4775//4775 3540//3540 3538//3538 3537//3537
f 4777//4777 4776//4776 4284//4284 4778//4778
f 4777//4777 4778//4778 4779//4779 3543//3543
f 4777//4777 3543//3543 3541//3541 3540//3540
f 4779//4779 4778//4778 4281//4281 4780//4780
f 4779//4779 4780//4780 4781//4781 3546//3546
f 4779//4779 3546//3546 3544//3544 3543//3543
f 4781//4781 4780//4780 4278//4278 4782//4782
f 4781//4781 4782//4782 4783//4783 3549//3549
f 4781//4781 3549//3549 3547//3547 3546//3546
f 4783//4783 4782//4782 4275//4275 4784//4784
f 4783//4783 4784//4784 4785//4785 3552//3552
f 4783//4783 3552//3552 3550//3550 3549//3549
f 4785//4785 4784//4784 4272//4272 4786//4786
f 4785//4785 4786//4786 4787//4787 3555//3555
f 4785//4785 3555//3555 3553//3553 3552//3552
f 4787//4787 4786//4786 4269//4269 4788//4788
f 4787//4787 4788//4788 4789//4789 3558//3558
f 4787//4787 3558//3558 3556//3556 3555//3555
f 4789//4789 4788//4788 4266//4266 4790//4790
f 4789//4789 4790//4790 4791//4791 3561//3561
f 4789//4789 3561//3561 3559//3559 3558//3558
f 4791//4791 4790//4790 4263//4263 4792//4792
f 4791//4791 4792//4792 4793//4793 3564//3564
f 4791//4791 3564//3564 3562//3562 3561//3561
f 4793//4793 4792//4792 4260//4260 4794//4794
f 4793//4793 4794//4794 4795//4795 3567//3567
f 4793//4793 3567//3567 3565//3565 3564//3564
f 4795//4795 4794//4794 4257//4257 4796//4796
f 4795//4795 4796//4796 4797//4797 3570//3570
f 4795//4795 3570//3570 3568//3568 3567//3567
f 4797//4797 4796//4796 4254//4254 4798//4798
f 4797//4797 4798//4798 4799//4799 3573//3573
f 4797//4797 3573//3573 3571//3571 3570//3570
f 4799//4799 4798//4798 4251//4251 4800//4800
f 4799//4799 4800//4800 4801//4801 3576//3576
f 4799//4799 3576//3576 3574//3574 3573//3573
f 4801//4801 4800//4800 4248//4248 4802//4802
f 4801//4801 4802//4802 4803//4803 3579//3579
f 4801//4801 3579//3579 3577//3577 3576//3576
f 4803//4803 4802//4802 4245//4245 4804//4804
f 4803//4803 4804//4804 4805//4805 3582//3582
f 4803//4803 3582//3582 3580//3580 3579//3579
f 4805//4805 4804//4804 4242//4242 4806//4806
f 4805//4805 4806//4806 4807//4807 3585//3585
f 4805//4805 3585//3585 3583//3583 3582//3582
f 4807//4807 4806//4806 4239//4239 4808//4808
f 4807//4807 4808//4808 4809//4809 3588//3588
f 4807//4807 3588//3588 3586//3586 3585//3585
f 4809//4809 4808//4808 4236//4236 4810//4810
f 4809//4809 4810//4810 4811//4811 3591//3591
f 4809//4809 3591//3591 3589//3589 3588//3588
f 4811//4811 4810//4810 4233//4233 4812//4812
f 4811//4811 4812//4812 4813//4813 3594//3594
f 4811//4811 3594//3594 3592//3592 3591//3591
f 4813//4813 4812//4812 4230//4230 4814//4814
f 4813//4813 4814//4814 4815//4815 3597//3597
f 4813//4813 3597//3597 3595//3595 3594//3594
f 4815//4815 4814//4814 4227//4227 4816//4816
f 4815//4815 4816//4816 4817//4817 3600//3600
f 4815//4815 3600//3600 3598//3598 3597//3597
f 4817//4817 4816//4816 4224//4224 4818//4818
f 4817//4817 4818//4818 4819//4819 3603//3603
f 4817//4817 3603//3603 3601//3601 3600//3600
f 4819//4819 4818//4818 4221//4221 4820//4820
f 4819//4819 4820//4820 4821//4821 3606//3606
f 4819//4819 3606//3606 3604//3604 3603//3603
f 4821//4821 4820//4820 4218//4218 4822//4822
f 4821//4821 4822//4822 4823//4823 3609//3609
f 4821//4821 3609//3609 3607//3607 3606//3606
f 4823//4823 4822//4822 4215//4215 4824//4824
f 4823//4823 4824//4824 4825//4825 3612//3612
f 4823//4823 3612//3612 3610//3610 3609//3609
f 4825//4825 4824//4824 4212//4212 4826//4826
f 4825//4825 4826//4826 4827//4827 3615//3615
f 4825//4825 3615//3615 3613//3613 3612//3612
f 4827//4827 4826//4826 4209//4209 4828//4828
f 4827//4827 4828//4828 4829//4829 3618//3618
f 4827//4827 3618//3618 3616//3616 3615//3615
f 4829//4829 4828//4828 4206//4206 4830//4830
f 4829//4829 4830//4830 4831//4831 3621//3621
f 4829//4829 3621//3621 3619//3619 3618//3618
f 4831//4831 4830//4830 4203//4203 4832//4832
f 4831//4831 4832//4832 4833//4833 3624//3624
f 4831//4831 3624//3624 3622//3622 3621//3621
f 4833//4833 4832//4832 4200//4200 4834//4834
f 4833//4833 4834//4834 4835//4835 3627//3627
f 4833//4833 3627//3627 3625//3625 3624//3624
f 4835//4835 4834//4834 4197//4197 4836//4836
f 4835//4835 4836//4836 4837//4837 3630//3630
f 4835//4835 3630//3630 3628//3628 3627//3627
f 4837//4837 4836//4836 4194//4194 4838//4838
f 4837//4837 4838//4838 4839//4839 3633//3633
f 4837//4837 3633//3633 3631//3631 3630//3630
f 4839//4839 4838//4838 4191//4191 4840//4840
f 4839//4839 4840//4840 4841//4841 3636//3636
f 4839//4839 3636//3636 3634//3634 3633//3633
f 4841//4841 4840//4840 4188//4188 4842//4842
f 4841//4841 4842//4842 4843//4843 3639//3639
f 4841//4841 3639//3639 3637//3637 3636//3636
f 4843//4843 4842//4842 4185//4185 4844//4844
f 4843//4843 4844//4844 4845//4845 3642//3642
f 4843//4843 3642//3642 3640//3640 3639//3639
f 4845//4845 4844//4844 4182//4182 4846//4846
f 4845//4845 4846//4846 4847//4847 3645//3645
f 4845//4845 3645//3645 3643//3643 3642//3642
f 4847//4847 4846//4846 4179//4179 4848//4848
f 4847//4847 4848//4848 4849//4849 3648//3648
f 4847//4847 3648//3648 3646//3646 3645//3645
f 4849//4849 4848//4848 4176//4176 4850//4850
f 4849//4849 4850//4850 4851//4851 3651//3651
f 4849//4849 3651//3651 3649//3649 3648//3648
f 4851//4851 4850//4850 4173//4173 4852//4852
f 4851//4851 4852//4852 4853//4853 3654//3654
f 4851//4851 3654//3654 3652//3652 3651//3651
f 4853//4853 4852//4852 4170//4170 4854//4854
f 4853//4853 4854//4854 4855//4855 3657//3657
f 4853//4853 3657//3657 3655//3655 3654//3654
f 4855//4855 4854//4854 4167//4167 4856//4856
f 4855//4855 4856//4856 4857//4857 3660//3660
f 4855//4855 3660//3660 3658//3658 3657//3657
f 4857//4857 4856//4856 4164//4164 4858//4858
f 4857//4857 4858//4858 4859//4859 3663//3663
f 4857//4857 3663//3663 3661//3661 3660//3660
f 4859//4859 4858//4858 4161//4161 4860//4860
f 4859//4859 4860//4860 4861//4861 3666//3666
f 4859//4859 3666//3666 3664//3664 3663//3663
f 4861//4861 4860//4860 4158//4158 4862//4862
f 4861//4861 4862//4862 4863//4863 3669//3669
f 4861//4861 3669//3669 3667//3667 3666//3666
f 4863//4863 4862//4862 4155//4155 4864//4864
f 4863//4863 4864//4864 4865//4865 3672//3672
f 4863//4863 3672//3672 3670//3670 3669//3669
f 4865//4865 4864//4864 4152//4152 4866//4866
f 4865//4865 4866//4866 4867//4867 3675//3675
f 4865//4865 3675//3675 3673//3673 3672//3672
f 4867//4867 4866//4866 4149//4149 4868//4868
f 4867//4867 4868//4868 4869//4869 3678//3678
f 4867//4867 3678//3678 3676//3676 3675//3675
f 4869//4869 4868//4868 4146//4146 4870//4870
f 4869//4869 4870//4870 4871//4871 3681//3681
f 4869//4869 3681//3681 3679//3679 3678//3678
f 4871//4871 4870//4870 4143//4143 4872//4872
f 4871//4871 4872//4872 4873//4873 3684//3684
f 4871//4871 3684//3684 3682//3682 3681//3681
f 4873//4873 4872//4872 4140//4140 4874//4874
f 4873//4873 4874//4874 4875//4875 3687//3687
f 4873//4873 3687//3687 3685//3685 3684//3684
f 4875//4875 4874//4874 4137//4137 4876//4876
f 4875//4875 4876//4876 4877//4877 3690//3690
f 4875//4875 3690//3690 3688//3688 3687//3687
f 4877//4877 4876//4876 4134//4134 4878//4878
f 4877//4877 4878//4878 4879//4879 3693//3693
f 4877//4877 3693//3693 3691//3691 3690//3690
f 4879//4879 4878//4878 4131//4131 4880//4880
f 4879//4879 4880//4880 4881//4881 3696//3696
f 4879//4879 3696//3696 3694//3694 3693//3693
f 4881//4881 4880//4880 4128//4128 4882//4882
f 4881//4881 4882//4882 4883//4883 3699//3699
f 4881//4881 3699//3699 3697//3697 3696//3696
f 4883//4883 4882//4882 4125//4125 4884//4884
f 4883//4883 4884//4884 4885//4885 3702//3702
f 4883//4883 3702//3702 3700//3700 3699//3699
f 4885//4885 4884//4884 4122//4122 4886//4886
f 4885//4885 4886//4886 4887//4887 3705//3705
f 4885//4885 3705//3705 3703//3703 3702//3702
f 4887//4887 4886//4886 4119//4119 4888//4888
f 4887//4887 4888//4888 4889//4889 3708//3708
f 4887//4887 3708//3708 3706//3706 3705//3705
f 4889//4889 4888//4888 4116//4116 4890//4890
f 4889//4889 4890//4890 4891//4891 3711//3711
f 4889//4889 3711//3711 3709//3709 3708//3708
f 4891//4891 4890//4890 4113//4113 4892//4892
f 4891//4891 4892//4892 4893//4893 3714//3714
f 4891//4891 3714//3714 3712//3712 3711//3711
f 4893//4893 4892//4892 4110//4110 4894//4894
f 4893//4893 4894//4894 4895//4895 3717//3717
f 4893//4893 3717//3717 3715//3715 3714//3714
f 4895//4895 4894//4894 4107//4107 4896//4896
f 4895//4895 4896//4896 4897//4897 3720//3720
f 4895//4895 3720//3720 3718//3718 3717//3717
f 4897//4897 4896//4896 4104//4104 4898//4898
f 4897//4897 4898//4898 4899//4899 3723//3723
f 4897//4897 3723//3723 3721//3721 3720//3720
f 4899//4899 4898//4898 4101//4101 4900//4900
f 4899//4899 4900//4900 4901//4901 3726//3726
f 4899//4899 3726//3726 3724//3724 3723//3723
f 4901//4901 4900//4900 4098//4098 4902//4902
f 4901//4901 4902//4902 4903//4903 3729//3729
f 4901//4901 3729//3729 3727//3727 3726//3726
f 4903//4903 4902//4902 4095//4095 4904//4904
f 4903//4903 4904//4904 4905//4905 3732//3732
f 4903//4903 3732//3732 3730//3730 3729//3729
f 4905//4905 4904//4904 4092//4092 4906//4906
f 4905//4905 4906//4906 4907//4907 3735//3735
f 4905//4905 3735//3735 3733//3733 3732//3732
f 4907//4907 4906//4906 4089//4089 4908//4908
f 4907//4907 4908//4908 4909//4909 3738//3738
f 4907//4907 3738//3738 3736//3736 3735//3735
f 4909//4909 4908//4908 4086//4086 4910//4910
f 4909//4909 4910//4910 4911//4911 3741//3741
f 4909//4909 3741//3741 3739//3739 3738//3738
f 4911//4911 4910//4910 4083//4083 4912//4912
f 4911//4911 4912//4912 4913//4913 3744//3744
f 4911//4911 3744//3744 3742//3742 3741//3741
f 4913//4913 4912//4912 4080//4080 4914//4914
f 4913//4913 4914//4914 4915//4915 3747//3747
f 4913//4913 3747//3747 3745//3745 3744//3744
f 4915//4915 4914//4914 4077//4077 4916//4916
f 4915//4915 4916//4916 4917//4917 3750//3750
f 4915//4915 3750//3750 3748//3748 3747//3747
f 4917//4917 4916//4916 4074//4074 4918//4918
f 4917//4917 4918//4918 4919//4919 3753//3753
f 4917//4917 3753//3753 3751//3751 3750//3750
f 4919//4919 4918//4918 4071//4071 4920//4920
f 4919//4919 4920//4920 4921//4921 3756//3756
f 4919//4919 3756//3756 3754//3754 3753//3753
f 4921//4921 4920//4920 4068//4068 4922//4922
f 4921//4921 4922//4922 4923//4923 3759//3759
f 4921//4921 3759//3759 3757//3757 3756//3756
f 4923//4923 4922//4922 4065//4065 4924//4924
f 4923//4923 4924//4924 4925//4925 3762//3762
f 4923//4923 3762//3762 3760//3760 3759//3759
f 4925//4925 4924//4924 4062//4062 4926//4926
f 4925//4925 4926//4926 4927//4927 3765//3765
f 4925//4925 3765//3765 3763//3763 3762//3762
f 4927//4927 4926//4926 4059//4059 4928//4928
f 4927//4927 4928//4928 4929//4929 3768//3768
f 4927//4927 3768//3768 3766//3766 3765//3765
f 4929//4929 4928//4928 4056//4056 4930//4930
f 4929//4929 4930//4930 4931//4931 3771//3771
f 4929//4929 3771//3771 3769//3769 3768//3768
f 4931//4931 4930//4930 4053//4053 4932//4932
f 4931//4931 4932//4932 4933//4933 3774//3774
f 4931//4931 3774//3774 3772//3772 3771//3771
f 4933//4933 4932//4932 4050//4050 4934//4934
f 4933//4933 4934//4934 4935//4935 3777//3777
f 4933//4933 3777//3777 3775//3775 3774//3774
f 4935//4935 4934//4934 4047//4047 4936//4936
f 4935//4935 4936//4936 4937//4937 3780//3780
f 4935//4935 3780//3780 3778//3778 3777//3777
f 4937//4937 4936//4936 4044//4044 4938//4938
f 4937//4937 4938//4938 4939//4939 3783//3783
f 4937//4937 3783//3783 3781//3781 3780//3780
f 4939//4939 4938//4938 4041//4041 4940//4940
f 4939//4939 4940//4940 4941//4941 3786//3786
f 4939//4939 3786//3786 3784//3784 3783//3783
f 4941//4941 4940//4940 4038//4038 4942//4942
f 4941//4941 4942//4942 4943//4943 3789//3789
f 4941//4941 3789//3789 3787//3787 3786//3786
f 4943//4943 4942//4942 4035//4035 4944//4944
f 4943//4943 4944//4944 4945//4945 3792//3792
f 4943//4943 3792//3792 3790//3790 3789//3789
f 4945//4945 4944//4944 4032//4032 4946//4946
f 4945//4945 4946//4946 4947//4947 3795//3795
f 4945//4945 3795//3795 3793//3793 3792//3792
f 4947//4947 4946//4946 4029//4029 4948//4948
f 4947//4947 4948//4948 4949//4949 3798//3798
f 4947//4947 3798//3798 3796//3796 3795//3795
f 4949//4949 4948//4948 4026//4026 4950//4950
f 4949//4949 4950//4950 4951//4951 3801//3801
f 4949//4949 3801//3801 3799//3799 3798//3798
f 4951//4951 4950//4950 4023//4023 4952//4952
f 4951//4951 4952//4952 4953//4953 3804//3804
f 4951//4951 3804//3804 3802//3802 3801//3801
f 4953//4953 4952//4952 4020//4020 4954//4954
f 4953//4953 4954//4954 4955//4955 3807//3807
f 4953//4953 3807//3807 3805//3805 3804//3804
f 4955//4955 4954//4954 4017//4017 4956//4956
f 4955//4955 4956//4956 4957//4957 3810//3810
f 4955//4955 3810//3810 3808//3808 3807//3807
f 4957//4957 4956//4956 4014//4014 4958//4958
f 4957//4957 4958//4958 4959//4959 3813//3813
f 4957//4957 3813//3813 3811//3811 3810//3810
f 4959//4959 4958//4958 4011//4011 4960//4960
f 4959//4959 4960//4960 4961//4961 3816//3816
f 4959//4959 3816//3816 3814//3814 3813//3813
f 4961//4961 4960//4960 4008//4008 4962//4962
f 4961//4961 4962//4962 4963//4963 3819//3819
f 4961//4961 3819//3819 3817//3817 3816//3816
f 4963//4963 4962//4962 4005//4005 4964//4964
f 4963//4963 4964//4964 4965//4965 3822//3822
f 4963//4963 3822//3822 3820//3820 3819//3819
f 4965//4965 4964//4964 4002//4002 4966//4966
f 4965//4965 4966//4966 4967//4967 3825//3825
f 4965//4965 3825//3825 3823//3823 3822//3822
f 4967//4967 4966//4966 3999//3999 4968//4968
f 4967//4967 4968//4968 4969//4969 3828//3828
f 4967//4967 3828//3828 3826//3826 3825//3825
f 4969//4969 4968//4968 3996//3996 4970//4970
f 4969//4969 4970//4970 4971//4971 3831//3831
f 4969//4969 3831//3831 3829//3829 3828//3828
f 4971//4971 4970//4970 3993//3993 4972//4972
f 4971//4971 4972//4972 4973//4973 3834//3834
f 4971//4971 3834//3834 3832//3832 3831//3831
f 4973//4973 4972//4972 3990//3990 4974//4974
f 4973//4973 4974//4974 4975//4975 3837//3837
f 4973//4973 3837//3837 3835//3835 3834//3834
f 4975//4975 4974//4974 3987//3987 4976//4976
f 4975//4975 4976//4976 4977//4977 3840//3840
f 4975//4975 3840//3840 3838//3838 3837//3837
f 4977//4977 4976//4976 3984//3984 4978//4978
f 4977//4977 4978//4978 4979//4979 3843//3843
f 4977//4977 3843//3843 3841//3841 3840//3840
f 4979//4979 4978//4978 3981//3981 4980//4980
f 4979//4979 4980//4980 4981//4981 3846//3846
f 4979//4979 3846//3846 3844//3844 3843//3843
f 4981//4981 4980//4980 3978//3978 4982//4982
f 4981//4981 4982//4982 4983//4983 3849//3849
f 4981//4981 3849//3849 3847//3847 3846//3846
f 4983//4983 4982//4982 3975//3975 4984//4984
f 4983//4983 4984//4984 4985//4985 3852//3852
f 4983//4983 3852//3852 3850//3850 3849//3849
f 4985//4985 4984//4984 3972//3972 4986//4986
f 4985//4985 4986//4986 4987//4987 3855//3855
f 4985//4985 3855//3855 3853//3853 3852//3852
f 4987//4987 4986//4986 3969//3969 4988//4988
f 4987//4987 4988//4988 4989//4989 3858//3858
f 4987//4987 3858//3858 3856//3856 3855//3855
f 4989//4989 4988//4988 3966//3966 4990//4990
f 4989//4989 4990//4990 4991//4991 3861//3861
f 4989//4989 3861//3861 3859//3859 3858//3858
f 4991//4991 4990//4990 3963//3963 4992//4992
f 4991//4991 4992//4992 4993//4993 3864//3864
f 4991//4991 3864//3864 3862//3862 3861//3861
f 4993//4993 4992//4992 3960//3960 4994//4994
f 4993//4993 4994//4994 4995//4995 3867//3867
f 4993//4993 3867//3867 3865//3865 3864//3864
f 4995//4995 4994//4994 3957//3957 4996//4996
f 4995//4995 4996//4996 4997//4997 3870//3870
f 4995//4995 3870//3870 3868//3868 3867//3867
f 4997//4997 4996//4996 3954//3954 4998//4998
f 4997//4997 4998//4998 4999//4999 3873//3873
f 4997//4997 3873//3873 3871//3871 3870//3870
f 4999//4999 4998//4998 3951//3951 5000//5000
f 4999//4999 5000//5000 5001//5001 3876//3876
f 4999//4999 3876//3876 3874//3874 3873//3873
f 5001//5001 5000//5000 3948//3948 5002//5002
f 5001//5001 5002//5002 5003//5003 3879//3879
f 5001//5001 3879//3879 3877//3877 3876//3876
f 5003//5003 5002//5002 3945//3945 5004//5004
f 5003//5003 5004//5004 5005//5005 3882//3882
f 5003//5003 3882//3882 3880//3880 3879//3879
f 5005//5005 5004//5004 3942//3942 5006//5006
f 5005//5005 5006//5006 5007//5007 3885//3885
f 5005//5005 3885//3885 3883//3883 3882//3882
f 5007//5007 5006//5006 3939//3939 5008//5008
f 5007//5007 5008//5008 5009//5009 3888//3888
f 5007//5007 3888//3888 3886//3886 3885//3885
f 5009//5009 5008//5008 3936//3936 5010//5010
f 5009//5009 5010//5010 5011//5011 3891//3891
f 5009//5009 3891//3891 3889//3889 3888//3888
f 5011//5011 5010//5010 3933//3933 5012//5012
f 5011//5011 5012//5012 5013//5013 3894//3894
f 5011//5011 3894//3894 3892//3892 3891//3891
f 5013//5013 5012//5012 3930//3930 5014//5014
f 5013//5013 5014//5014 5015//5015 3897//3897
f 5013//5013 3897//3897 3895//3895 3894//3894
f 5015//5015 5014//5014 3927//3927 5016//5016
f 5015//5015 5016//5016 3902//3902 3900//3900
f 5015//5015 3900//3900 3898//3898 3897//3897
f 5016//5016 3927//3927 3925//3925 3924//3924
f 5016//5016 3924//3924 5017//5017 3902//3902
f 5017//5017 3924//3924 3922//3922 3921//3921
f 5017//5017 3921//3921 5018//5018 3905//3905
f 5017//5017 3905//3905 3903//3903 3902//3902
f 5018//5018 3921//3921 3919//3919 3918//3918
f 5018//5018 3918//3918 28//28 3909//3909
f 5018//5018 3909//3909 3906//3906 3905//3905
f 5014//5014 3930//3930 3928//3928 3927//3927
f 5012//5012 3933//3933 3931//3931 3930//3930
f 5010//5010 3936//3936 3934//3934 3933//3933
f 5008//5008 3939//3939 3937//3937 3936//3936
f 5006//5006 3942//3942 3940//3940 3939//3939
f 5004//5004 3945//3945 3943//3943 3942//3942
f 5002//5002 3948//3948 3946//3946 3945//3945
f 5000//5000 3951//3951 3949//3949 3948//3948
f 4998//4998 3954//3954 3952//3952 3951//3951
f 4996//4996 3957//3957 3955//3955 3954//3954
f 4994//4994 3960//3960 3958//3958 3957//3957
f 4992//4992 3963//3963 3961//3961 3960//3960
f 4990//4990 3966//3966 3964//3964 3963//3963
f 4988//4988 3969//3969 3967//3967 3966//3966
f 4986//4986 3972//3972 3970//3970 3969//3969
f 4984//4984 3975//3975 3973//3973 3972//3972
f 4982//4982 3978//3978 3976//3976 3975//3975
f 4980//4980 3981//3981 3979//3979 3978//3978
f 4978//4978 3984//3984 3982//3982 3981//3981
f 4976//4976 3987//3987 3985//3985 3984//3984
f 4974//4974 3990//3990 3988//3988 3987//3987
f 4972//4972 3993//3993 3991//3991 3990//3990
f 4970//4970 3996//3996 3994//3994 3993//3993
f 4968//4968 3999//3999 3997//3997 3996//3996
f 4966//4966 4002//4002 4000//4000 3999//3999
f 4964//4964 4005//4005 4003//4003 4002//4002
f 4962//4962 4008//4008 4006//4006 4005//4005
f 4960//4960 4011//4011 4009//4009 4008//4008
f 4958//4958 4014//4014 4012//4012 4011//4011
f 4956//4956 4017//4017 4015//4015 4014//4014
f 4954//4954 4020//4020 4018//4018 4017//4017
f 4952//4952 4023//4023 4021//4021 4020//4020
f 4950//4950 4026//4026 4024//4024 4023//4023
f 4948//4948 4029//4029 4027//4027 4026//4026
f 4946//4946 4032//4032 4030//4030 4029//4029
f 4944//4944 4035//4035 4033//4033 4032//4032
f 4942//4942 4038//4038 4036//4036 4035//4035
f 4940//4940 4041//4041 4039//4039 4038//4038
f 4938//4938 4044//4044 4042//4042 4041//4041
f 4936//4936 4047//4047 4045//4045 4044//4044
f 4934//4934 4050//4050 4048//4048 4047//4047
f 4932//4932 4053//4053 4051//4051 4050//4050
f 4930//4930 4056//4056 4054//4054 4053//4053
f 4928//4928 4059//4059 4057//4057 4056//4056
f 4926//4926 4062//4062 4060//4060 4059//4059
f 4924//4924 4065//4065 4063//4063 4062//4062
f 4922//4922 4068//4068 4066//4066 4065//4065
f 4920//4920 4071//4071 4069//4069 4068//4068
f 4918//4918 4074//4074 4072//4072 4071//4071
f 4916//4916 4077//4077 4075//4075 4074//4074
f 4914//4914 4080//4080 4078//4078 4077//4077
f 4912//4912 4083//4083 4081//4081 4080//4080
f 4910//4910 4086//4086 4084//4084 4083//4083
f 4908//4908 4089//4089 4087//4087 4086//4086
f 4906//4906 4092//4092 4090//4090 4089//4089
f 4904//4904 4095//4095 4093//4093 4092//4092
f 4902//4902 4098//4098 4096//4096 4095//4095
f 4900//4900 4101//4101 4099//4099 4098//4098
f 4898//4898 4104//4104 4102//4102 4101//4101
f 4896//4896 4107//4107 4105//4105 4104//4104
f 4894//4894 4110//4110 4108//4108 4107//4107
f 4892//4892 4113//4113 4111//4111 4110//4110
f 4890//4890 4116//4116 4114//4114 4113//4113
f 4888//4888 4119//4119 4117//4117 4116//4116
f 4886//4886 4122//4122 4120//4120 4119//4119
f 4884//4884 4125//4125 4123//4123 4122//4122
f 4882//4882 4128//4128 4126//4126 4125//4125
f 4880//4880 4131//4131 4129//4129 4128//4128
f 4878//4878 4134//4134 4132//4132 4131//4131
f 4876//4876 4137//4137 4135//4135 4134//4134
f 4874//4874 4140//4140 4138//4138 4137//4137
f 4872//4872 4143//4143 4141//4141 4140//4140
f 4870//4870 4146//4146 4144//4144 4143//4143
f 4868//4868 4149//4149 4147//4147 4146//4146
f 4866//4866 4152//4152 4150//4150 4149//4149
f 4864//4864 4155//4155 4153//4153 4152//4152
f 4862//4862 4158//4158 4156//4156 4155//4155
f 4860//4860 4161//4161 4159//4159 4158//4158
f 4858//4858 4164//4164 4162//4162 4161//4161
f 4856//4856 4167//4167 4165//4165 4164//4164
f 4854//4854 4170//4170 4168//4168 4167//4167
f 4852//4852 4173//4173 4171//4171 4170//4170
f 4850//4850 4176//4176 4174//4174 4173//4173
f 4848//4848 4179//4179 4177//4177 4176//4176
f 4846//4846 4182//4182 4180//4180 4179//4179
f 4844//4844 4185//4185 4183//4183 4182//4182
f 4842//4842 4188//4188 4186//4186 4185//4185
f 4840//4840 4191//4191 4189//4189 4188//4188
f 4838//4838 4194//4194 4192//4192 4191//4191
f 4836//4836 4197//4197 4195//4195 4194//4194
f 4834//4834 4200//4200 4198//4198 4197//4197
f 4832//4832 4203//4203 4201//4201 4200//4200
f 4830//4830 4206//4206 4204//4204 4203//4203
f 4828//4828 4209//4209 4207//4207 4206//4206
f 4826//4826 4212//4212 4210//4210 4209//4209
f 4824//4824 4215//4215 4213//4213 4212//4212
f 4822//4822 4218//4218 4216//4216 4215//4215
f 4820//4820 4221//4221 4219//4219 4218//4218
f 4818//4818 4224//4224 4222//4222 4221//4221
f 4816//4816 4227//4227 4225//4225 4224//4224
f 4814//4814 4230//4230 4228//4228 4227//4227
f 4812//4812 4233//4233 4231//4231 4230//4230
f 4810//4810 4236//4236 4234//4234 4233//4233
f 4808//4808 4239//4239 4237//4237 4236//4236
f 4806//4806 4242//4242 4240//4240 4239//4239
f 4804//4804 4245//4245 4243//4243 4242//4242
f 4802//4802 4248//4248 4246//4246 4245//4245
f 4800//4800 4251//4251 4249//4249 4248//4248
f 4798//4798 4254//4254 4252//4252 4251//4251
f 4796//4796 4257//4257 4255//4255 4254//4254
f 4794//4794 4260//4260 4258//4258 4257//4257
f 4792//4792 4263//4263 4261//4261 4260//4260
f 4790//4790 4266//4266 4264//4264 4263//4263
f 4788//4788 4269//4269 4267//4267 4266//4266
f 4786//4786 4272//4272 4270//4270 4269//4269
f 4784//4784 4275//4275 4273//4273 4272//4272
f 4782//4782 4278//4278 4276//4276 4275//4275
f 4780//4780 4281//4281 4279//4279 4278//4278
f 4778//4778 4284//4284 4282//4282 4281//4281
f 4776//4776 4287//4287 4285//4285 4284//4284
f 4774//4774 4290//4290 4288//4288 4287//4287
f 4772//4772 4293//4293 4291//4291 4290//4290
f 4770//4770 4296//4296 4294//4294 4293//4293
f 4768//4768 4299//4299 4297//4297 4296//4296
f 4766//4766 4302//4302 4300//4300 4299//4299
f 4764//4764 4305//4305 4303//4303 4302//4302
f 4762//4762 4308//4308 4306//4306 4305//4305
f 4760//4760 4311//4311 4309//4309 4308//4308
f 4758//4758 4314//4314 4312//4312 4311//4311
f 4756//4756 4317//4317 4315//4315 4314//4314
f 4754//4754 4320//4320 4318//4318 4317//4317
f 4752//4752 4323//4323 4321//4321 4320//4320
f 4750//4750 4326//4326 4324//4324 4323//4323
f 4748//4748 4329//4329 4327//4327 4326//4326
f 4746//4746 4332//4332 4330//4330 4329//4329
f 4744//4744 4335//4335 4333//4333 4332//4332
f 4742//4742 4338//4338 4336//4336 4335//4335
f 4740//4740 4341//4341 4339//4339 4338//4338
f 4738//4738 4344//4344 4342//4342 4341//4341
f 4736//4736 4347//4347 4345//4345 4344//4344
f 4734//4734 4350//4350 4348//4348 4347//4347
f 4732//4732 4353//4353 4351//4351 4350//4350
f 4730//4730 4356//4356 4354//4354 4353//4353
f 4728//4728 4359//4359 4357//4357 4356//4356
f 4726//4726 4362//4362 4360//4360 4359//4359
f 4724//4724 4365//4365 4363//4363 4362//4362
f 4722//4722 4368//4368 4366//4366 4365//4365
f 4720//4720 4371//4371 4369//4369 4368//4368
f 4718//4718 4374//4374 4372//4372 4371//4371
f 4716//4716 4377//4377 4375//4375 4374//4374
f 4714//4714 4380//4380 4378//4378 4377//4377
f 4712//4712 4383//4383 4381//4381 4380//4380
f 4710//4710 4386//4386 4384//4384 4383//4383
f 4708//4708 4389//4389 4387//4387 4386//4386
f 4706//4706 4392//4392 4390//4390 4389//4389
f 4704//4704 4395//4395 4393//4393 4392//4392
f 4702//4702 4398//4398 4396//4396 4395//4395
f 4700//4700 4401//4401 4399//4399 4398//4398
f 4698//4698 4404//4404 4402//4402 4401//4401
f 4696//4696 4407//4407 4405//4405 4404//4404
f 4694//4694 4410//4410 4408//4408 4407//4407
f 4692//4692 4413//4413 4411//4411 4410//4410
f 4690//4690 4416//4416 4414//4414 4413//4413
f 4688//4688 4419//4419 4417//4417 4416//4416
f 4686//4686 4422//4422 4420//4420 4419//4419
f 4684//4684 4425//4425 4423//4423 4422//4422
f 4682//4682 4428//4428 4426//4426 4425//4425
f 4680//4680 4431//4431 4429//4429 4428//4428
f 4678//4678 4434//4434 4432//4432 4431//4431
f 4676//4676 4437//4437 4435//4435 4434//4434
f 4674//4674 4440//4440 4438//4438 4437//4437
f 4672//4672 4443//4443 4441//4441 4440//4440
f 4670//4670 4446//4446 4444//4444 4443//4443
f 4668//4668 4449//4449 4447//4447 4446//4446
f 4666//4666 4452//4452 4450//4450 4449//4449
f 4664//4664 4455//4455 4453//4453 4452//4452
f 4662//4662 4458//4458 4456//4456 4455//4455
f 4660//4660 4461//4461 4459//4459 4458//4458
f 4658//4658 4464//4464 4462//4462 4461//4461
f 4656//4656 4467//4467 4465//4465 4464//4464
f 4654//4654 4470//4470 4468//4468 4467//4467
f 4652//4652 4473//4473 4471//4471 4470//4470
f 4650//4650 4476//4476 4474//4474 4473//4473
f 4648//4648 4479//4479 4477//4477 4476//4476
f 4646//4646 4482//4482 4480//4480 4479//4479
f 4644//4644 4485//4485 4483//4483 4482//4482
f 4642//4642 4488//4488 4486//4486 4485//4485
f 4640//4640 4491//4491 4489//4489 4488//4488
f 4638//4638 4494//4494 4492//4492 4491//4491
f 4636//4636 4497//4497 4495//4495 4494//4494
f 4634//4634 4500//4500 4498//4498 4497//4497
f 4632//4632 4503//4503 4501//4501 4500//4500
f 4630//4630 4506//4506 4504//4504 4503//4503
f 4628//4628 4509//4509 4507//4507 4506//4506
f 4626//4626 4512//4512 4510//4510 4509//4509
f 4624//4624 4515//4515 4513//4513 4512//4512
f 4622//4622 4518//4518 4516//4516 4515//4515
f 4620//4620 4521//4521 4519//4519 4518//4518
f 4618//4618 4524//4524 4522//4522 4521//4521
f 4616//4616 4527//4527 4525//4525 4524//4524
f 4614//4614 4530//4530 4528//4528 4527//4527
f 4612//4612 4533//4533 4531//4531 4530//4530
f 4610//4610 4536//4536 4534//4534 4533//4533
f 4608//4608 4539//4539 4537//4537 4536//4536
f 4606//4606 4542//4542 4540//4540 4539//4539
f 4604//4604 4545//4545 4543//4543 4542//4542
f 4602//4602 4548//4548 4546//4546 4545//4545
f 4600//4600 4551//4551 4549//4549 4548//4548
f 4598//4598 4554//4554 4552//4552 4551//4551
f 4596//4596 4557//4557 4555//4555 4554//4554
f 4594//4594 4560//4560 4558//4558 4557//4557
f 4592//4592 4563//4563 4561//4561 4560//4560
f 4590//4590 4566//4566 4564//4564 4563//4563
f 4588//4588 4569//4569 4567//4567 4566//4566
f 4586//4586 4572//4572 4570//4570 4569//4569
f 4584//4584 4575//4575 4573//4573 4572//4572
f 3918//3918 3916//3916 25//25 28//28
f 3910//3910 3909//3909 28//28 27//27
f 3240//3240 3238//3238 1184//1184 1183//1183
f 1906//1906 1902//1902 39//39 38//38
f 1890//1890 1889//1889 37//37 36//36
f 1202//1202 1200//1200 17//17 16//16
f 1200//1200 1198//1198 1197//1197 17//17
f 1196//1196 14//14 13//13 1191//1191
f 1181//1181 1165//1165 7//7 1176//1176
o Thought_Bubble_bubble
v -1.128561 2.867430 -0.150550
v -0.950347 2.738964 -0.060906
v -0.981017 2.725757 -0.095958
v -1.116308 2.901366 -0.186123
v -1.112824 2.846904 -0.191253
v -1.122398 2.833248 -0.149810
v -1.130258 2.890602 -0.125321
v -1.110337 2.948530 -0.153983
v -1.125270 2.837095 -0.117161
v -0.847074 2.866394 -0.211474
v -0.837500 2.844910 -0.187738
v -0.868381 2.813896 -0.217659
v -0.871246 2.853835 -0.237674
v -1.043453 2.797006 -0.239673
v -1.029510 2.776723 -0.230716
v -1.042518 2.762462 -0.205497
v -1.061724 2.794826 -0.224947
v -0.964073 2.756897 -0.222203
v -0.973360 2.745398 -0.206394
v -0.995008 2.750636 -0.212538
v -0.971148 2.768713 -0.235866
v -1.084643 2.788058 -0.060328
v -1.095513 2.786819 -0.086769
v -1.052609 2.746418 -0.093137
v -1.048086 2.757894 -0.056798
v -0.866099 2.768625 -0.111322
v -0.869183 2.773146 -0.083057
v -0.911481 2.736156 -0.118630
v -0.891678 2.747391 -0.137419
v -0.959157 2.730844 -0.078505
v -0.951464 2.728734 -0.090204
v -0.936892 2.738593 -0.068682
v -0.960288 2.764105 -0.021332
v -0.977187 2.744695 -0.046006
v -0.935828 2.777200 -0.014574
v -0.993432 2.726912 -0.094573
v -0.993142 2.724553 -0.110570
v -0.977383 2.723952 -0.107587
v -0.971995 2.727857 -0.086559
v -0.987691 2.732093 -0.073803
v -0.963582 2.725603 -0.099109
v -0.971690 2.722988 -0.122318
v -0.955585 2.724637 -0.113390
v -0.942897 2.727835 -0.103646
v -0.947887 2.725339 -0.128581
v -0.934361 2.728489 -0.117969
v -0.916047 2.736981 -0.097690
v -0.923291 2.740114 -0.076742
v -0.882601 2.781950 -0.046954
v -0.906860 2.784702 -0.022449
v -0.871016 2.850613 -0.014870
v -0.913578 2.851021 0.013617
v -0.956553 2.834262 0.021802
v -0.937223 2.922491 0.017298
v -0.990861 2.895443 0.027332
v -1.026325 2.851449 0.018367
v -0.988355 2.804711 0.010507
v -1.037811 2.797106 -0.008505
v -1.003945 2.768547 -0.019210
v -1.026223 2.747231 -0.057586
v -1.006803 2.738900 -0.063318
v -1.028732 2.734895 -0.095409
v -1.010249 2.729708 -0.094737
v -1.012800 2.727714 -0.113377
v -1.035006 2.734665 -0.115446
v -1.038502 2.736357 -0.137669
v -1.012947 2.727461 -0.132712
v -1.067324 2.752497 -0.119079
v -1.072259 2.757694 -0.144997
v -1.065927 2.759452 -0.169833
v -1.036072 2.739240 -0.160675
v -1.103624 2.789948 -0.118206
v -1.103297 2.793038 -0.151130
v -1.094951 2.796277 -0.182627
v -1.080333 2.797753 -0.207790
v -1.054115 2.760061 -0.189808
v -1.089102 2.860331 -0.229831
v -1.055001 2.859533 -0.257516
v -1.079262 2.930621 -0.227703
v -1.029676 2.932055 -0.260031
v -0.984365 2.906740 -0.277358
v -1.022037 2.845841 -0.270031
v -1.060618 2.988514 -0.191777
v -0.997662 2.991555 -0.227628
v -0.942297 2.956842 -0.254146
v -0.909980 2.898587 -0.264225
v -0.953256 2.864955 -0.278276
v -0.963931 3.025095 -0.169724
v -0.902259 2.986858 -0.206520
v -0.871269 2.917119 -0.232755
v -0.899392 2.843972 -0.256162
v -0.868969 2.987380 -0.146372
v -0.840982 2.921124 -0.188146
v -0.845791 2.955064 -0.093891
v -0.823708 2.898532 -0.146069
v -0.836051 2.899521 -0.062750
v -0.822493 2.856785 -0.116819
v -0.837597 2.818285 -0.163301
v -0.867841 2.791435 -0.196122
v -0.838810 2.807277 -0.107426
v -0.855689 2.781815 -0.146989
v -0.879393 2.767331 -0.176655
v -0.906160 2.757027 -0.193706
v -0.899805 2.776216 -0.214898
v -0.904410 2.742669 -0.153228
v -0.920996 2.739589 -0.169758
v -0.945651 2.736100 -0.180858
v -0.938539 2.748447 -0.202684
v -0.925384 2.731092 -0.131918
v -0.937509 2.728991 -0.146729
v -0.955455 2.727735 -0.158654
v -0.979142 2.728390 -0.166816
v -0.974625 2.735744 -0.187660
v -0.964618 2.723837 -0.138815
v -0.985657 2.724580 -0.146749
v -0.990586 2.723567 -0.128007
v -1.010260 2.729233 -0.153584
v -1.006052 2.733857 -0.174747
v -1.001892 2.741597 -0.195036
v -1.030172 2.743814 -0.181891
v -1.023419 2.750683 -0.200837
v -1.011713 2.762595 -0.223314
v -0.996439 2.819454 -0.267778
v -0.979071 2.792634 -0.255148
v -0.937981 2.822838 -0.265516
v -0.931892 2.787894 -0.244132
v -0.933998 2.764355 -0.222791
v -0.897690 2.801595 -0.235884
v -0.842822 2.833091 -0.059693
v -0.879474 2.924370 -0.014003
v -0.901013 2.986969 -0.046043
v -0.969389 2.982322 -0.012197
v -0.931063 3.023558 -0.102427
v -1.004079 3.017454 -0.066566
v -1.065304 2.975247 -0.045807
v -1.029787 2.946245 0.001998
v -1.098579 2.914581 -0.038918
v -1.065707 2.891766 -0.000422
v -1.104825 2.847480 -0.045099
v -1.074440 2.825382 -0.017925
v -1.120632 2.913446 -0.084299
v -1.120798 2.846949 -0.080015
v -1.092851 2.975977 -0.102555
v -1.035788 3.019786 -0.131738
v 0.249535 2.710676 -0.976564
v 0.040612 2.636716 -1.041740
v 0.095559 2.619672 -0.975435
v 0.120862 2.616474 -1.037740
v 0.019020 2.775476 -1.124588
v 0.045573 2.762353 -1.142962
v 0.015075 2.722403 -1.114538
v -0.005775 2.753706 -1.098527
v -0.025515 2.714499 -0.993045
v -0.015492 2.689309 -1.010029
v 0.002134 2.671233 -0.975352
v -0.017748 2.715457 -0.961052
v 0.235203 2.733013 -0.930485
v 0.224536 2.674416 -0.964124
v 0.234137 2.674503 -0.999861
v 0.260001 2.765667 -0.984571
v 0.229808 2.809523 -0.931776
v 0.251946 2.707491 -1.022422
v 0.152658 2.656057 -0.914693
v 0.140713 2.634892 -0.939146
v 0.166555 2.629271 -0.969323
v 0.177243 2.663175 -0.920268
v 0.040714 2.647836 -1.071145
v 0.059689 2.630394 -1.052572
v 0.051790 2.628546 -1.028121
v 0.021822 2.648372 -1.035619
v 0.018700 2.670049 -1.078004
v 0.032983 2.637825 -1.013071
v 0.182642 2.643007 -1.068353
v 0.178078 2.633192 -1.048685
v 0.148225 2.623012 -1.050903
v 0.159431 2.637605 -1.079209
v 0.081001 2.621022 -0.981058
v 0.090932 2.616602 -0.996930
v 0.105410 2.616428 -0.986523
v 0.094770 2.625493 -0.957446
v 0.069791 2.631845 -0.956399
v 0.116547 2.620014 -0.969462
v 0.132956 2.617191 -1.035934
v 0.129682 2.615286 -1.022934
v 0.115779 2.615166 -1.029337
v 0.117951 2.619678 -1.052452
v 0.132549 2.620735 -1.052509
v 0.106497 2.618567 -1.047176
v 0.108742 2.614529 -1.021148
v 0.095809 2.617450 -1.037085
v 0.084346 2.624505 -1.057772
v 0.099723 2.629278 -1.075715
v 0.120109 2.634705 -1.087211
v 0.096112 2.656752 -1.114209
v 0.131649 2.673593 -1.129135
v 0.172354 2.688529 -1.126306
v 0.141470 2.637877 -1.088149
v 0.208746 2.692715 -1.102296
v 0.188009 2.759055 -1.139808
v 0.232502 2.771201 -1.100307
v 0.255409 2.751838 -1.055470
v 0.224901 2.683286 -1.071253
v 0.221095 2.663332 -1.041265
v 0.211469 2.649846 -1.014504
v 0.178098 2.628962 -1.026560
v 0.150128 2.619848 -1.033302
v 0.199072 2.641453 -0.993258
v 0.173234 2.626063 -1.007540
v 0.149097 2.618144 -1.016678
v 0.162929 2.623330 -0.992453
v 0.143219 2.617191 -1.001339
v 0.124646 2.614442 -1.010425
v 0.132776 2.617415 -0.985923
v 0.115977 2.614703 -0.997841
v 0.100050 2.614750 -1.010260
v 0.076063 2.619090 -1.007919
v 0.086611 2.617200 -1.023788
v 0.062946 2.623265 -1.018534
v 0.074010 2.621919 -1.037770
v 0.071286 2.641294 -1.085933
v 0.055737 2.670318 -1.112167
v 0.090771 2.696476 -1.142297
v 0.036607 2.698536 -1.120819
v 0.073780 2.736319 -1.151768
v 0.119529 2.780623 -1.158312
v 0.136134 2.728217 -1.154033
v 0.172899 2.824780 -1.132063
v 0.082584 2.817675 -1.145128
v 0.129575 2.872732 -1.108487
v 0.174444 2.893770 -1.041482
v 0.219925 2.841919 -1.077373
v 0.208550 2.869942 -0.974586
v 0.249802 2.821066 -1.020134
v 0.105873 2.909262 -0.999505
v 0.142861 2.882253 -0.930045
v 0.174333 2.819666 -0.888837
v 0.075246 2.849794 -0.898696
v 0.116897 2.793386 -0.866628
v 0.155046 2.725181 -0.873574
v 0.198117 2.741846 -0.890771
v 0.203921 2.672495 -0.933928
v 0.182893 2.634319 -0.978998
v 0.150118 2.621967 -0.978561
v 0.128681 2.625953 -0.954259
v 0.103486 2.663154 -0.901370
v 0.094386 2.640265 -0.929222
v 0.060994 2.692881 -0.891538
v 0.060268 2.655524 -0.923517
v 0.023031 2.712442 -0.905479
v 0.032688 2.665290 -0.934019
v 0.047303 2.638036 -0.965256
v 0.014123 2.668855 -0.953641
v 0.029610 2.644490 -0.979292
v 0.045288 2.631373 -0.999267
v 0.061574 2.625560 -0.988306
v 0.015509 2.652140 -0.996364
v 0.000012 2.668467 -1.027612
v -0.002969 2.694061 -1.072173
v -0.022630 2.724491 -1.055366
v -0.033126 2.761329 -1.029631
v -0.010089 2.806418 -1.079279
v 0.034269 2.827549 -1.117733
v -0.029024 2.790635 -0.985454
v 0.004991 2.860535 -1.029528
v 0.066790 2.888107 -1.072817
v 0.035796 2.876552 -0.959810
v -0.005806 2.798967 -0.932642
v 0.031280 2.781027 -0.890015
v -0.003071 2.718815 -0.931261
v 0.076236 2.743879 -0.869248
v 0.121860 2.695793 -0.878911
v 1.405889 2.374562 0.305645
v 1.279223 2.371409 0.072311
v 1.504016 2.358888 0.055748
v 1.404051 2.264837 0.250865
v 1.409948 2.240684 0.206223
v 1.396430 2.244879 0.097872
v 1.383143 2.237874 0.195087
v 1.437314 2.238272 0.175865
v 1.398355 2.344247 0.301531
v 1.440828 2.341399 0.294587
v 1.437454 2.390030 0.300196
v 1.370621 2.418073 0.297357
v 1.351126 2.372280 0.297282
v 1.319708 2.378755 0.034273
v 1.302362 2.329500 0.058950
v 1.270756 2.337866 0.097791
v 1.257828 2.387733 0.117913
v 1.288170 2.433858 0.078732
v 1.528190 2.355816 0.090560
v 1.495239 2.309593 0.070402
v 1.475956 2.334149 0.040061
v 1.470535 2.403378 0.031645
v 1.507906 2.429303 0.072449
v 1.386323 2.260633 0.244542
v 1.397661 2.249961 0.228332
v 1.416743 2.257565 0.239174
v 1.399290 2.285760 0.272067
v 1.365963 2.288534 0.269377
v 1.429405 2.278705 0.261566
v 1.496381 2.269497 0.173639
v 1.476885 2.254108 0.162605
v 1.483557 2.259676 0.139968
v 1.512549 2.285324 0.165835
v 1.308193 2.263329 0.162291
v 1.325982 2.251330 0.155996
v 1.337467 2.247062 0.178784
v 1.306984 2.266592 0.181269
v 1.380970 2.246075 0.217967
v 1.393155 2.238376 0.199643
v 1.429909 2.253241 0.227723
v 1.427918 2.237359 0.183913
v 1.445861 2.248253 0.206224
v 1.378307 2.253732 0.084060
v 1.398262 2.273398 0.055793
v 1.415492 2.254493 0.081640
v 1.420193 2.243394 0.105542
v 1.396292 2.238308 0.115857
v 1.373767 2.242177 0.111111
v 1.369030 2.243596 0.206377
v 1.359603 2.241278 0.190319
v 1.376823 2.235699 0.180419
v 1.388964 2.233485 0.173643
v 1.422684 2.234230 0.162166
v 1.437510 2.237324 0.160412
v 1.453665 2.245356 0.185931
v 1.458713 2.244741 0.162153
v 1.464309 2.248959 0.136799
v 1.475160 2.259147 0.196876
v 1.442230 2.239800 0.139546
v 1.421238 2.234639 0.143723
v 1.421397 2.237771 0.124715
v 1.446074 2.245885 0.117223
v 1.470113 2.257845 0.114326
v 1.446904 2.255481 0.094195
v 1.472046 2.270313 0.090731
v 1.503816 2.294406 0.098132
v 1.497696 2.276110 0.120751
v 1.538056 2.340565 0.127354
v 1.531414 2.314294 0.151891
v 1.544788 2.397159 0.171545
v 1.539142 2.357161 0.198823
v 1.522092 2.315379 0.208683
v 1.517912 2.389208 0.244798
v 1.506784 2.337383 0.249774
v 1.487279 2.295346 0.241307
v 1.498295 2.281295 0.206070
v 1.465850 2.266192 0.224978
v 1.465043 2.302793 0.265642
v 1.449306 2.272810 0.246746
v 1.437337 2.306972 0.280918
v 1.475942 2.345424 0.279372
v 1.395317 2.315653 0.291099
v 1.351408 2.326611 0.287219
v 1.303094 2.396627 0.268221
v 1.310045 2.336012 0.267202
v 1.334013 2.289649 0.255191
v 1.281805 2.333799 0.234533
v 1.312839 2.285905 0.232414
v 1.347453 2.255466 0.218989
v 1.363087 2.259047 0.235172
v 1.304103 2.277509 0.206046
v 1.340866 2.250176 0.198470
v 1.351794 2.240483 0.170574
v 1.367287 2.235797 0.160846
v 1.340054 2.245160 0.144313
v 1.357783 2.239791 0.136673
v 1.376819 2.236120 0.133189
v 1.383485 2.233184 0.153826
v 1.327973 2.260354 0.108526
v 1.351601 2.249760 0.106959
v 1.327608 2.282737 0.073105
v 1.354995 2.268103 0.072380
v 1.340259 2.315570 0.039166
v 1.372261 2.295513 0.040093
v 1.365334 2.363150 0.015746
v 1.399919 2.329696 0.019455
v 1.425056 2.296155 0.039247
v 1.441270 2.270070 0.068611
v 1.432595 2.366851 0.015289
v 1.452110 2.317057 0.035415
v 1.466822 2.286365 0.065749
v 1.398519 2.418663 0.016475
v 1.435814 2.469221 0.047867
v 1.345963 2.446276 0.038637
v 1.376513 2.500797 0.078853
v 1.409606 2.524875 0.142217
v 1.472906 2.494935 0.105350
v 1.443022 2.510104 0.208663
v 1.502017 2.483857 0.169627
v 1.535310 2.425651 0.126439
v 1.517329 2.442666 0.218968
v 1.468355 2.461852 0.258402
v 1.479389 2.401113 0.279884
v 1.414208 2.451230 0.285681
v 1.377481 2.500051 0.238941
v 1.325936 2.458286 0.258205
v 1.340916 2.512896 0.175694
v 1.289325 2.465729 0.203477
v 1.269581 2.398513 0.225072
v 1.265446 2.439986 0.152977
v 1.254019 2.377007 0.182203
v 1.270454 2.321297 0.200046
v 1.256913 2.342875 0.147193
v 1.274033 2.302131 0.167989
v 1.273558 2.313903 0.117320
v 1.286968 2.285366 0.140773
v 1.299689 2.296049 0.088294
v 1.306043 2.271602 0.120414
v 1.311103 2.489047 0.116008
v 1.401570 2.232681 0.148403
v 1.404665 2.232620 0.166652
v 1.398394 2.234641 0.131266
v -1.169093 1.292626 0.101816
v -1.199139 1.288438 0.198270
v -1.216270 1.288827 0.158444
v -1.137858 1.289631 0.210692
v -1.113434 1.281337 0.182126
v -1.106916 1.283028 0.157771
v -1.144465 1.270288 0.116039
v -1.182765 1.255797 0.142751
v -1.171248 1.324002 0.102850
v -1.138416 1.332211 0.109418
v -1.146389 1.294917 0.102625
v -1.158582 1.269624 0.113580
v -1.175302 1.276594 0.110636
v -1.191991 1.300348 0.109319
v -1.214639 1.309703 0.180962
v -1.209584 1.278785 0.172403
v -1.193102 1.272058 0.191546
v -1.189479 1.298159 0.208558
v -1.200035 1.334786 0.192721
v -1.176690 1.272471 0.202287
v -1.211679 1.284127 0.142248
v -1.201707 1.266439 0.163010
v -1.216377 1.324887 0.152808
v -1.206737 1.320009 0.124197
v -1.165281 1.301710 0.216636
v -1.155540 1.274439 0.206485
v -1.131223 1.275765 0.198927
v -1.115622 1.297802 0.195320
v -1.133164 1.323349 0.208198
v -1.125325 1.268894 0.185156
v -1.109783 1.279909 0.170323
v -1.106387 1.310024 0.181935
v -1.121387 1.265756 0.171025
v -1.115202 1.270293 0.154521
v -1.101542 1.309689 0.157604
v -1.106687 1.294111 0.138512
v -1.128818 1.289262 0.112362
v -1.124893 1.275212 0.124621
v -1.146869 1.261833 0.124355
v -1.163290 1.259844 0.124734
v -1.181747 1.263753 0.125930
v -1.170756 1.251782 0.144392
v -1.190646 1.257948 0.151615
v -1.199294 1.275204 0.128911
v -1.178957 1.252361 0.162329
v -1.187826 1.259933 0.178230
v -1.150045 1.251970 0.143515
v -1.159783 1.250315 0.170094
v -1.167112 1.257902 0.188483
v -1.140679 1.254164 0.172008
v -1.149048 1.260225 0.190772
v -1.130253 1.258670 0.146861
v -1.113873 1.319618 0.124101
v -1.143143 1.360256 0.137447
v -1.112930 1.342200 0.151628
v -1.157370 1.364774 0.173574
v -1.123106 1.345176 0.184724
v -1.167578 1.341873 0.205914
v -1.193878 1.356387 0.158556
v -1.180162 1.351383 0.123889
v 0.064077 1.072407 0.070222
v 0.090398 1.073821 0.122895
v 0.168572 1.071974 0.100408
v 0.117475 1.061693 0.124327
v 0.157432 1.064048 0.038555
v 0.125868 1.057472 0.027477
v 0.090654 1.051543 0.043501
v 0.095830 1.040766 0.088099
v 0.130261 1.035515 0.065668
v 0.062205 1.081089 0.082490
v 0.068127 1.119765 0.063930
v 0.068917 1.095669 0.044375
v 0.074344 1.066036 0.047660
v 0.071925 1.057690 0.076357
v 0.073461 1.058940 0.088540
v 0.070471 1.084453 0.105995
v 0.082151 1.060125 0.106045
v 0.100987 1.060329 0.120427
v 0.111365 1.071473 0.128974
v 0.094063 1.098987 0.127366
v 0.152148 1.083696 0.122697
v 0.147155 1.058254 0.113363
v 0.162866 1.056509 0.091491
v 0.174882 1.090909 0.095035
v 0.152609 1.117915 0.116500
v 0.169391 1.061373 0.077721
v 0.108944 1.051774 0.115229
v 0.119431 1.044029 0.107349
v 0.127481 1.060043 0.122726
v 0.126356 1.083389 0.132312
v 0.169533 1.065465 0.058726
v 0.149295 1.044646 0.058011
v 0.141597 1.050779 0.038795
v 0.164152 1.098762 0.036231
v 0.176539 1.107148 0.068742
v 0.142577 1.072853 0.023716
v 0.123268 1.045478 0.039447
v 0.113767 1.065810 0.022216
v 0.129000 1.099129 0.016411
v 0.103404 1.046138 0.042137
v 0.098875 1.039853 0.058727
v 0.087421 1.046628 0.056723
v 0.092692 1.073835 0.025537
v 0.086145 1.046814 0.089674
v 0.084893 1.045173 0.075032
v 0.097355 1.038319 0.077059
v 0.117860 1.034842 0.084496
v 0.105255 1.039191 0.094042
v 0.093617 1.047333 0.101262
v 0.154635 1.045579 0.071062
v 0.145331 1.040238 0.080983
v 0.134400 1.040472 0.097073
v 0.098104 1.110868 0.022385
v 0.104853 1.143261 0.047276
v 0.144817 1.133683 0.039984
v 0.108927 1.148135 0.092176
v 0.151115 1.142007 0.083603
v 0.118243 1.120693 0.126442
v 0.076014 1.122717 0.100593
v 1.293538 1.326007 0.233799
v 1.229149 1.270525 0.051961
v 1.348324 1.274421 0.065448
v 1.214431 1.264528 0.117837
v 1.256943 1.260677 0.162115
v 1.334230 1.261814 0.135474
v 1.156040 1.392385 0.175689
v 1.146830 1.371017 0.151241
v 1.171461 1.339804 0.184402
v 1.176828 1.378047 0.204299
v 1.259934 1.354441 -0.025088
v 1.254912 1.317667 -0.009326
v 1.219688 1.328749 -0.002494
v 1.234465 1.379735 -0.022715
v 1.280378 1.304967 0.221714
v 1.305919 1.293215 0.208394
v 1.319259 1.329606 0.229662
v 1.309236 1.389531 0.245531
v 1.267202 1.365853 0.246711
v 1.243646 1.332834 0.232729
v 1.246394 1.267223 0.046799
v 1.241297 1.258069 0.074360
v 1.224191 1.265347 0.070261
v 1.201309 1.296636 0.037652
v 1.221042 1.293748 0.023867
v 1.393777 1.315556 0.076242
v 1.373237 1.285206 0.099691
v 1.324667 1.258652 0.079773
v 1.308735 1.258826 0.064537
v 1.343579 1.283954 0.041878
v 1.216812 1.263014 0.102880
v 1.233593 1.256117 0.106466
v 1.229161 1.258155 0.121046
v 1.192317 1.278956 0.119042
v 1.182367 1.288895 0.090916
v 1.208035 1.270771 0.135705
v 1.260319 1.269980 0.181481
v 1.231819 1.283122 0.188475
v 1.237155 1.267489 0.165861
v 1.248875 1.256836 0.145860
v 1.265148 1.254938 0.148947
v 1.277432 1.262127 0.169483
v 1.337661 1.275897 0.168567
v 1.313489 1.259274 0.151133
v 1.314274 1.252737 0.119198
v 1.337140 1.260532 0.110919
v 1.368851 1.286319 0.142815
v 1.402692 1.330437 0.138677
v 1.395073 1.371976 0.184929
v 1.371323 1.314772 0.184285
v 1.358431 1.394125 0.223784
v 1.348524 1.330433 0.215841
v 1.326212 1.288244 0.195007
v 1.290737 1.275550 0.191267
v 1.306035 1.267708 0.174915
v 1.288893 1.256265 0.154334
v 1.295549 1.251909 0.135557
v 1.272239 1.251477 0.136876
v 1.279089 1.249112 0.122532
v 1.286865 1.248814 0.102188
v 1.301606 1.250158 0.111045
v 1.296259 1.252061 0.081982
v 1.313066 1.253279 0.093085
v 1.270548 1.249403 0.095572
v 1.278508 1.252810 0.074420
v 1.293624 1.262800 0.048956
v 1.259466 1.254685 0.072461
v 1.271466 1.266118 0.041433
v 1.289970 1.293207 0.007216
v 1.325399 1.292329 0.018681
v 1.305436 1.334752 -0.017026
v 1.357956 1.346724 0.001879
v 1.389022 1.339106 0.038741
v 1.366404 1.417744 0.004941
v 1.406539 1.412469 0.058846
v 1.418076 1.378243 0.109381
v 1.380524 1.481596 0.092273
v 1.401237 1.437095 0.154568
v 1.316933 1.519713 0.132696
v 1.347856 1.470721 0.197661
v 1.239897 1.506346 0.171354
v 1.279197 1.461935 0.227394
v 1.187221 1.443091 0.198933
v 1.226497 1.414395 0.235921
v 1.205700 1.362320 0.225367
v 1.199517 1.323083 0.204077
v 1.232776 1.304550 0.211316
v 1.201213 1.299403 0.184086
v 1.266665 1.286746 0.204663
v 1.172136 1.317814 0.165384
v 1.184492 1.293941 0.150594
v 1.208432 1.281367 0.165055
v 1.226347 1.263627 0.143973
v 1.242257 1.254404 0.124917
v 1.257244 1.251888 0.130154
v 1.248669 1.251916 0.109428
v 1.264151 1.249458 0.114664
v 1.253883 1.251816 0.092397
v 1.238386 1.255860 0.090008
v 1.217924 1.264749 0.084677
v 1.185965 1.295539 0.061438
v 1.155955 1.328364 0.081335
v 1.166510 1.342927 0.040103
v 1.191298 1.343073 0.010409
v 1.162261 1.400968 0.034096
v 1.198416 1.403441 -0.003415
v 1.174661 1.460188 0.051625
v 1.227205 1.468283 0.008034
v 1.276971 1.440460 -0.019741
v 1.306507 1.389786 -0.027406
v 1.271722 1.517196 0.058411
v 1.334454 1.483078 0.024260
v 1.202450 1.504062 0.102079
v 1.143118 1.419396 0.106068
v 1.158972 1.447252 0.148471
v 1.142460 1.375057 0.083729
v 1.148309 1.343504 0.129904
v 1.163680 1.310086 0.120256
v 1.251302 1.292096 0.011489
v 0.110679 2.541091 1.708455
v 0.036546 2.500383 1.615653
v 0.163059 2.437266 1.485826
v 0.081788 2.430850 1.557821
v 0.226195 2.419172 1.544950
v 0.181216 2.402268 1.592791
v 0.075262 2.532449 1.685614
v 0.106110 2.491606 1.696544
v 0.139424 2.517609 1.715496
v 0.154464 2.585608 1.710905
v 0.106317 2.607607 1.685695
v 0.027963 2.522768 1.572538
v 0.046700 2.468308 1.591276
v 0.056039 2.468800 1.629714
v 0.055571 2.504007 1.657464
v 0.035500 2.551397 1.627377
v 0.239876 2.460339 1.492819
v 0.224839 2.435947 1.507899
v 0.204538 2.433100 1.499246
v 0.226078 2.468387 1.476940
v 0.184881 2.434377 1.491045
v 0.179675 2.420933 1.509141
v 0.157310 2.423885 1.503379
v 0.140210 2.449672 1.477248
v 0.169615 2.469575 1.460155
v 0.207089 2.443274 1.672097
v 0.191528 2.427185 1.658273
v 0.214147 2.421974 1.637121
v 0.229662 2.451983 1.667583
v 0.063187 2.461413 1.528202
v 0.083418 2.444808 1.520427
v 0.097871 2.419518 1.561338
v 0.078328 2.431211 1.577858
v 0.049304 2.468656 1.552840
v 0.097003 2.418743 1.583390
v 0.239892 2.423408 1.561008
v 0.211236 2.410273 1.556971
v 0.207977 2.412673 1.541708
v 0.216588 2.423450 1.522734
v 0.246242 2.435125 1.535347
v 0.166303 2.402066 1.599113
v 0.157746 2.401091 1.581953
v 0.179738 2.401509 1.581322
v 0.197209 2.404512 1.585917
v 0.193821 2.404934 1.599310
v 0.178686 2.405458 1.613787
v 0.153071 2.410015 1.628699
v 0.142438 2.405237 1.606349
v 0.209719 2.411008 1.609625
v 0.196068 2.411909 1.626064
v 0.169869 2.417828 1.647206
v 0.139513 2.431447 1.663740
v 0.125710 2.419315 1.637422
v 0.159861 2.446110 1.683203
v 0.132628 2.467065 1.694373
v 0.112035 2.448347 1.670533
v 0.188137 2.468798 1.697989
v 0.162570 2.498148 1.713083
v 0.193887 2.546427 1.716258
v 0.219960 2.498884 1.701760
v 0.254220 2.527460 1.686857
v 0.229027 2.591117 1.692695
v 0.254693 2.466280 1.658237
v 0.275718 2.474764 1.635505
v 0.284655 2.540716 1.652463
v 0.231220 2.425553 1.625883
v 0.246000 2.429928 1.610087
v 0.251046 2.430009 1.587514
v 0.285437 2.471996 1.601547
v 0.216353 2.410776 1.593365
v 0.216531 2.410276 1.575295
v 0.196991 2.404675 1.570525
v 0.195647 2.406407 1.554619
v 0.175823 2.404944 1.547863
v 0.176960 2.411415 1.527819
v 0.195379 2.411180 1.536098
v 0.176789 2.401984 1.565948
v 0.151342 2.403079 1.559879
v 0.150798 2.408168 1.538025
v 0.125097 2.417632 1.527776
v 0.126875 2.431692 1.501756
v 0.153999 2.415383 1.519028
v 0.130197 2.407283 1.557857
v 0.113137 2.412637 1.559083
v 0.106316 2.428317 1.521949
v 0.135860 2.404075 1.583249
v 0.115074 2.410294 1.584396
v 0.118121 2.412374 1.609525
v 0.095564 2.422831 1.608398
v 0.073896 2.437588 1.603437
v 0.099702 2.432644 1.639819
v 0.075633 2.449590 1.636529
v 0.085259 2.470150 1.670124
v 0.085764 2.489213 1.478416
v 0.108098 2.456582 1.484846
v 0.115765 2.540743 1.450641
v 0.131618 2.492088 1.454172
v 0.167126 2.580875 1.447549
v 0.174742 2.520320 1.442863
v 0.222875 2.597375 1.467510
v 0.219892 2.530784 1.452398
v 0.202995 2.474793 1.462900
v 0.255579 2.521771 1.475476
v 0.269481 2.587111 1.500765
v 0.296562 2.552855 1.534545
v 0.272804 2.499113 1.500914
v 0.298105 2.503887 1.556335
v 0.268047 2.465468 1.521667
v 0.275940 2.456313 1.562825
v 0.302536 2.532624 1.604567
v 0.292986 2.595180 1.587647
v 0.266273 2.609792 1.645566
v 0.257425 2.639793 1.551210
v 0.224027 2.660780 1.614536
v 0.184284 2.641322 1.672863
v 0.166157 2.678032 1.571583
v 0.127608 2.661097 1.635274
v 0.106212 2.656201 1.534401
v 0.074185 2.642612 1.596672
v 0.060522 2.595240 1.651757
v 0.036953 2.590983 1.573209
v 0.059734 2.602382 1.516328
v 0.038477 2.532842 1.524808
v 0.061303 2.518614 1.490979
v 0.089692 2.582314 1.472220
v 0.141734 2.632623 1.479997
v 0.202957 2.653493 1.510140
v 0.199187 2.420999 1.515796
v 0.295734 0.711461 1.067416
v 0.192949 0.627144 0.934409
v 0.208344 0.623314 1.092828
v 0.135543 0.610589 1.076733
v 0.142679 0.601535 0.985948
v 0.270391 0.737125 1.111966
v 0.275110 0.679541 1.087333
v 0.290480 0.675157 1.044916
v 0.304107 0.714992 1.022106
v 0.295566 0.770374 1.055640
v 0.041810 0.693525 1.067773
v 0.049143 0.666281 1.053453
v 0.071331 0.652089 1.080429
v 0.055008 0.694400 1.093793
v 0.257551 0.644394 0.964719
v 0.255544 0.633471 0.983660
v 0.222148 0.616061 0.971132
v 0.233603 0.634012 0.949657
v 0.065525 0.644770 0.983147
v 0.076655 0.647486 0.957702
v 0.099182 0.613499 0.999852
v 0.082430 0.622287 1.013527
v 0.213849 0.630044 0.940145
v 0.205949 0.613073 0.963705
v 0.187254 0.613360 0.953781
v 0.172659 0.624129 0.934532
v 0.197974 0.655565 0.909379
v 0.194641 0.648829 1.125948
v 0.181773 0.626746 1.106868
v 0.201779 0.610849 1.073769
v 0.224720 0.627957 1.088279
v 0.217871 0.668202 1.130971
v 0.214512 0.611121 1.063102
v 0.109335 0.618041 1.071433
v 0.128397 0.604314 1.052701
v 0.151453 0.602429 1.063039
v 0.151587 0.621132 1.099720
v 0.121340 0.635711 1.107432
v 0.141357 0.605876 0.972428
v 0.158814 0.601846 0.978036
v 0.154697 0.598434 0.992912
v 0.133666 0.601674 0.993713
v 0.126425 0.609109 0.973618
v 0.146057 0.597586 1.005013
v 0.134861 0.598867 1.016760
v 0.121828 0.603420 1.003682
v 0.171834 0.596455 1.002829
v 0.162815 0.595388 1.017080
v 0.151680 0.596370 1.029344
v 0.181947 0.596630 1.031687
v 0.171561 0.597562 1.044801
v 0.161558 0.599739 1.055121
v 0.140393 0.599094 1.040260
v 0.122695 0.602383 1.027718
v 0.104845 0.611351 1.042641
v 0.090236 0.617728 1.027613
v 0.110215 0.606961 1.013996
v 0.111269 0.611546 0.983215
v 0.097910 0.646752 0.935829
v 0.121900 0.636938 0.930783
v 0.143352 0.622072 0.940706
v 0.102720 0.709891 0.898452
v 0.135510 0.688399 0.892120
v 0.158615 0.656146 0.904935
v 0.163474 0.609783 0.957462
v 0.167707 0.750198 0.881767
v 0.194167 0.704355 0.886959
v 0.207666 0.802555 0.906245
v 0.237530 0.746582 0.901168
v 0.236478 0.682231 0.911532
v 0.275380 0.767490 0.940425
v 0.271302 0.695864 0.937091
v 0.299445 0.756050 0.986472
v 0.288613 0.690605 0.969875
v 0.287737 0.669083 1.000210
v 0.278350 0.652167 1.029226
v 0.254226 0.626832 1.009312
v 0.264367 0.643277 1.058382
v 0.245606 0.620750 1.033455
v 0.221291 0.606684 1.013083
v 0.223761 0.610691 0.991103
v 0.199450 0.600869 0.998707
v 0.203678 0.606096 0.980518
v 0.178937 0.599648 0.987351
v 0.184400 0.605488 0.970278
v 0.192320 0.597755 1.015792
v 0.212800 0.603712 1.031323
v 0.200502 0.602345 1.047313
v 0.231005 0.614964 1.050436
v 0.188850 0.603837 1.062422
v 0.173976 0.610284 1.082636
v 0.150762 0.651986 1.131024
v 0.162171 0.687336 1.150792
v 0.118603 0.724521 1.150252
v 0.112463 0.677180 1.134867
v 0.077219 0.748346 1.125938
v 0.077263 0.693075 1.118811
v 0.090496 0.647641 1.098340
v 0.085833 0.628491 1.061767
v 0.064043 0.642047 1.041852
v 0.046738 0.663299 1.008898
v 0.029798 0.705621 1.019366
v 0.036704 0.753374 0.972494
v 0.044022 0.694030 0.966449
v 0.029668 0.739055 1.047141
v 0.043997 0.799704 1.008264
v 0.091951 0.837758 0.964332
v 0.073520 0.781674 0.927628
v 0.045994 0.752899 1.087602
v 0.066030 0.820553 1.062732
v 0.120769 0.865322 1.025563
v 0.189091 0.867117 0.986837
v 0.153998 0.837569 0.927857
v 0.102074 0.810773 1.116636
v 0.156874 0.853812 1.089911
v 0.223486 0.856470 1.052317
v 0.276792 0.818252 1.015116
v 0.246217 0.828744 0.957035
v 0.194898 0.806951 1.134781
v 0.252245 0.807758 1.100530
v 0.227730 0.742162 1.144352
v 0.146315 0.773502 1.151785
v 0.188821 0.720922 1.156462
v 0.245752 0.680916 1.120865
v 0.246055 0.637687 1.080460
v 0.123560 0.779437 0.895509
v 0.066131 0.711940 0.925797
v 0.193526 0.121534 -0.186573
v 0.023913 0.106581 -0.001526
v 0.259045 0.046884 -0.050780
v 0.066347 0.028976 -0.091055
v 0.136912 0.006994 -0.000483
v 0.180738 -0.000541 -0.045413
v 0.174320 0.170569 -0.186767
v 0.215708 0.213797 -0.148509
v 0.235600 0.147673 -0.163646
v 0.215796 0.086732 -0.167602
v 0.174771 0.083820 -0.182057
v 0.144963 0.113940 -0.192153
v 0.024377 0.084782 -0.020238
v 0.046864 0.062509 0.005536
v 0.038417 0.101732 0.022571
v 0.016359 0.155514 -0.020238
v 0.010767 0.127578 -0.055156
v 0.036602 0.158800 0.023350
v 0.267053 0.074739 -0.007660
v 0.238964 0.030890 -0.026645
v 0.232094 0.021761 -0.065131
v 0.246918 0.039182 -0.085474
v 0.281511 0.088349 -0.057272
v 0.197258 0.041489 0.038182
v 0.183996 0.023826 0.023444
v 0.199273 0.015763 -0.000936
v 0.216512 0.040967 0.024857
v 0.079085 0.027297 -0.108559
v 0.097281 0.010107 -0.088252
v 0.081503 0.014766 -0.075200
v 0.042378 0.065283 -0.109408
v 0.061524 0.078973 -0.146374
v 0.047208 0.042273 -0.072917
v 0.114850 0.032242 -0.142218
v 0.131151 0.022675 -0.135204
v 0.109536 0.009151 -0.100109
v 0.095434 0.027520 -0.125292
v 0.137559 0.017034 0.019055
v 0.101810 0.034255 0.029192
v 0.112544 0.013045 0.001851
v 0.126899 0.001930 -0.020131
v 0.147461 0.001212 -0.015359
v 0.159873 0.006315 -0.001702
v 0.175697 -0.000306 -0.033527
v 0.162944 -0.003187 -0.043637
v 0.174104 -0.002109 -0.056145
v 0.196630 0.004177 -0.043102
v 0.193673 0.005852 -0.025302
v 0.195226 0.003366 -0.061765
v 0.167381 -0.002260 -0.070049
v 0.192519 0.006009 -0.085552
v 0.217751 0.019007 -0.091934
v 0.215700 0.012355 -0.063999
v 0.215485 0.013003 -0.037584
v 0.233577 0.041180 0.006679
v 0.209796 0.014825 -0.016154
v 0.185770 0.008225 -0.008699
v 0.171203 0.014575 0.012914
v 0.170242 0.002106 -0.017955
v 0.153922 -0.001881 -0.029295
v 0.137822 -0.002656 -0.037278
v 0.150114 -0.004255 -0.053287
v 0.121492 -0.001081 -0.045446
v 0.136809 -0.003405 -0.062782
v 0.156387 -0.001390 -0.082024
v 0.122614 -0.000579 -0.071790
v 0.141476 0.000589 -0.090574
v 0.172983 0.013807 -0.119400
v 0.185201 0.009280 -0.103103
v 0.208890 0.039612 -0.137337
v 0.219213 0.029977 -0.114692
v 0.249977 0.086636 -0.138699
v 0.259716 0.070811 -0.111779
v 0.270599 0.156091 -0.121120
v 0.286839 0.133736 -0.081401
v 0.251249 0.223215 -0.091517
v 0.274780 0.195412 -0.038752
v 0.281356 0.139488 -0.007376
v 0.226811 0.235423 0.004448
v 0.246530 0.171423 0.039662
v 0.249923 0.095665 0.034973
v 0.193449 0.173779 0.072581
v 0.215229 0.096650 0.063058
v 0.143846 0.148266 0.084535
v 0.180418 0.083613 0.071953
v 0.112479 0.107092 0.077216
v 0.155248 0.059758 0.063188
v 0.101010 0.066954 0.057172
v 0.140314 0.036777 0.044311
v 0.070272 0.142771 0.059897
v 0.063877 0.090934 0.046169
v 0.070082 0.050414 0.022592
v 0.058784 0.037557 -0.013908
v 0.083111 0.024630 -0.001739
v 0.080101 0.016051 -0.034360
v 0.102578 0.007240 -0.025212
v 0.105550 0.002828 -0.054923
v 0.061887 0.026875 -0.049150
v 0.091800 0.008644 -0.065532
v 0.108682 0.004383 -0.080688
v 0.124144 0.004186 -0.095874
v 0.153814 0.017859 -0.130123
v 0.154032 0.052685 -0.166979
v 0.185450 0.046041 -0.155913
v 0.125722 0.066306 -0.173358
v 0.094157 0.077904 -0.168683
v 0.105380 0.144914 -0.185971
v 0.059801 0.148665 -0.159576
v 0.071819 0.213192 -0.138907
v 0.129432 0.210423 -0.169499
v 0.093472 0.257217 -0.089375
v 0.161350 0.255786 -0.122504
v 0.123869 0.268219 -0.023093
v 0.195675 0.266555 -0.057166
v 0.159873 0.238073 0.039067
v 0.063786 0.225924 0.006587
v 0.101081 0.200856 0.058554
v 0.038251 0.218125 -0.052734
v 0.025879 0.179793 -0.098831
v 0.026739 0.123331 -0.118210
v 0.020934 0.085576 -0.073341
v 0.036083 0.056213 -0.037117
vn -0.9841 -0.0240 -0.1758
vn 0.1833 -0.8568 0.4819
vn -0.0334 -0.9804 0.1941
vn -0.8948 0.1892 -0.4045
vn -0.8734 -0.1826 -0.4514
vn -0.9455 -0.2779 -0.1695
vn -0.9913 0.1309 0.0143
vn -0.8521 0.4888 -0.1870
vn -0.9630 -0.2539 0.0908
vn 0.8434 -0.0313 -0.5364
vn 0.9053 -0.1830 -0.3834
vn 0.7041 -0.3927 -0.5916
vn 0.6905 -0.1184 -0.7136
vn -0.4224 -0.4589 -0.7817
vn -0.3370 -0.6138 -0.7139
vn -0.4454 -0.7225 -0.5287
vn -0.5589 -0.4946 -0.6657
vn 0.0905 -0.7707 -0.6308
vn 0.0303 -0.8494 -0.5269
vn -0.1230 -0.8022 -0.5843
vn 0.0277 -0.6779 -0.7347
vn -0.7102 -0.5433 0.4477
vn -0.7781 -0.5702 0.2635
vn -0.5298 -0.8206 0.2146
vn -0.5383 -0.7040 0.4632
vn 0.7096 -0.6952 0.1146
vn 0.6802 -0.6586 0.3218
vn 0.4402 -0.8933 0.0908
vn 0.5854 -0.8097 -0.0411
vn 0.1030 -0.9338 0.3427
vn 0.1713 -0.9577 0.2314
vn 0.2803 -0.8663 0.4135
vn 0.1150 -0.7106 0.6941
vn -0.0186 -0.8409 0.5408
vn 0.2770 -0.6164 0.7371
vn -0.1208 -0.9704 0.2093
vn -0.1159 -0.9896 0.0852
vn -0.0085 -0.9940 0.1089
vn 0.0192 -0.9619 0.2726
vn -0.0831 -0.9268 0.3662
vn 0.0766 -0.9839 0.1614
vn 0.0241 -0.9996 0.0165
vn 0.1225 -0.9898 0.0728
vn 0.2182 -0.9628 0.1595
vn 0.1709 -0.9849 -0.0283
vn 0.2584 -0.9637 0.0669
vn 0.4076 -0.8777 0.2520
vn 0.3747 -0.8464 0.3785
vn 0.6090 -0.5977 0.5214
vn 0.4563 -0.5720 0.6816
vn 0.6810 -0.1594 0.7147
vn 0.4087 -0.1528 0.8998
vn 0.1313 -0.2579 0.9572
vn 0.2572 0.3028 0.9177
vn -0.0877 0.1305 0.9876
vn -0.3217 -0.1596 0.9333
vn -0.0764 -0.4548 0.8873
vn -0.4081 -0.5084 0.7583
vn -0.1925 -0.6910 0.6968
vn -0.3730 -0.7986 0.4723
vn -0.2252 -0.8712 0.4363
vn -0.3541 -0.9118 0.2079
vn -0.2283 -0.9497 0.2144
vn -0.2389 -0.9687 0.0671
vn -0.3979 -0.9163 0.0452
vn -0.4197 -0.9033 -0.0889
vn -0.2415 -0.9688 -0.0555
vn -0.6146 -0.7873 0.0487
vn -0.6381 -0.7597 -0.1254
vn -0.5987 -0.7476 -0.2874
vn -0.4013 -0.8885 -0.2226
vn -0.8263 -0.5585 0.0733
vn -0.8259 -0.5395 -0.1637
vn -0.7725 -0.5061 -0.3834
vn -0.6771 -0.4795 -0.5582
vn -0.5292 -0.7408 -0.4137
vn -0.7228 -0.0886 -0.6854
vn -0.5187 -0.0798 -0.8512
vn -0.6652 0.3565 -0.6561
vn -0.3546 0.3685 -0.8593
vn -0.0639 0.2083 -0.9760
vn -0.2975 -0.1713 -0.9392
vn -0.5422 0.7253 -0.4241
vn -0.1447 0.7460 -0.6501
vn 0.2097 0.5311 -0.8210
vn 0.4168 0.1717 -0.8926
vn 0.1357 -0.0605 -0.9889
vn 0.0756 0.9562 -0.2829
vn 0.4663 0.7187 -0.5158
vn 0.6636 0.3072 -0.6821
vn 0.4888 -0.1948 -0.8504
vn 0.6795 0.7209 -0.1366
vn 0.8622 0.3268 -0.3871
vn 0.8325 0.5157 0.2025
vn 0.9787 0.1717 -0.1125
vn 0.9001 0.1574 0.4063
vn 0.9923 -0.1051 0.0648
vn 0.9037 -0.3602 -0.2316
vn 0.7122 -0.5430 -0.4449
vn 0.8935 -0.4294 0.1314
vn 0.7897 -0.5969 -0.1418
vn 0.6329 -0.7041 -0.3220
vn 0.4507 -0.7786 -0.4365
vn 0.4923 -0.6512 -0.5776
vn 0.4778 -0.8574 -0.1912
vn 0.3603 -0.8858 -0.2926
vn 0.1974 -0.9113 -0.3614
vn 0.2474 -0.8336 -0.4938
vn 0.3293 -0.9426 -0.0557
vn 0.2500 -0.9562 -0.1525
vn 0.1315 -0.9661 -0.2219
vn -0.0216 -0.9621 -0.2720
vn 0.0151 -0.9162 -0.4005
vn 0.0685 -0.9934 -0.0924
vn -0.0656 -0.9875 -0.1432
vn -0.0980 -0.9949 -0.0234
vn -0.2228 -0.9573 -0.1843
vn -0.1910 -0.9296 -0.3151
vn -0.1638 -0.8820 -0.4419
vn -0.3568 -0.8656 -0.3514
vn -0.3058 -0.8179 -0.4873
vn -0.2240 -0.7090 -0.6687
vn -0.1269 -0.3544 -0.9265
vn -0.0254 -0.5297 -0.8478
vn 0.2385 -0.3401 -0.9097
vn 0.2819 -0.5620 -0.7776
vn 0.2777 -0.7221 -0.6336
vn 0.5017 -0.4756 -0.7225
vn 0.8579 -0.2666 0.4392
vn 0.6251 0.3128 0.7151
vn 0.4841 0.7131 0.5071
vn 0.0504 0.6857 0.7261
vn 0.2896 0.9463 0.1434
vn -0.1720 0.9110 0.3749
vn -0.5615 0.6474 0.5153
vn -0.3338 0.4574 0.8242
vn -0.7836 0.2506 0.5685
vn -0.5709 0.0966 0.8153
vn -0.8208 -0.1837 0.5409
vn -0.6193 -0.3300 0.7124
vn -0.9283 0.2558 0.2697
vn -0.9340 -0.1805 0.3084
vn -0.7416 0.6553 0.1439
vn -0.3777 0.9248 -0.0448
vn 0.9198 -0.2911 0.2632
vn -0.5162 -0.8254 -0.2286
vn -0.1340 -0.9584 0.2519
vn 0.0397 -0.9832 -0.1784
vn -0.6346 0.1260 -0.7625
vn -0.4453 0.0229 -0.8951
vn -0.6657 -0.2682 -0.6963
vn -0.8181 -0.0324 -0.5742
vn -0.9585 -0.2634 0.1092
vn -0.8860 -0.4637 -0.0044
vn -0.7706 -0.5879 0.2460
vn -0.9068 -0.2594 0.3325
vn 0.8093 -0.1605 0.5650
vn 0.7237 -0.5765 0.3794
vn 0.8268 -0.5544 0.0954
vn 0.9799 0.0685 0.1875
vn 0.7771 0.3369 0.5316
vn 0.9448 -0.3100 -0.1063
vn 0.2574 -0.6731 0.6933
vn 0.1931 -0.8224 0.5351
vn 0.3633 -0.8686 0.3369
vn 0.4354 -0.6276 0.6455
vn -0.5063 -0.7474 -0.4303
vn -0.3677 -0.8747 -0.3158
vn -0.4326 -0.8931 -0.1233
vn -0.6460 -0.7410 -0.1833
vn -0.6451 -0.6074 -0.4635
vn -0.5590 -0.8291 -0.0095
vn 0.5112 -0.7470 -0.4251
vn 0.4598 -0.8489 -0.2607
vn 0.2449 -0.9274 -0.2827
vn 0.3571 -0.7998 -0.4825
vn -0.2408 -0.9471 0.2120
vn -0.1645 -0.9818 0.0951
vn -0.0575 -0.9831 0.1737
vn -0.1371 -0.9111 0.3887
vn -0.3126 -0.8655 0.3914
vn 0.0193 -0.9536 0.3005
vn 0.1269 -0.9792 -0.1581
vn 0.1069 -0.9920 -0.0666
vn 0.0058 -0.9926 -0.1215
vn 0.0346 -0.9501 -0.3099
vn 0.1279 -0.9429 -0.3077
vn -0.0539 -0.9639 -0.2607
vn -0.0395 -0.9971 -0.0657
vn -0.1221 -0.9757 -0.1822
vn -0.1969 -0.9196 -0.3400
vn -0.0811 -0.8801 -0.4678
vn 0.0743 -0.8343 -0.5463
vn -0.1122 -0.6962 -0.7091
vn 0.1427 -0.5793 -0.8025
vn 0.4216 -0.4718 -0.7744
vn 0.2384 -0.7988 -0.5524
vn 0.6428 -0.4252 -0.6372
vn 0.5042 -0.0127 -0.8635
vn 0.7933 0.0705 -0.6047
vn 0.9509 -0.0446 -0.3061
vn 0.7580 -0.4837 -0.4375
vn 0.7366 -0.6360 -0.2300
vn 0.6655 -0.7458 -0.0300
vn 0.4551 -0.8833 -0.1126
vn 0.2570 -0.9563 -0.1393
vn 0.5810 -0.7989 0.1553
vn 0.4110 -0.9115 0.0175
vn 0.2428 -0.9696 -0.0315
vn 0.3320 -0.9363 0.1143
vn 0.1945 -0.9787 0.0663
vn 0.0704 -0.9974 0.0136
vn 0.1207 -0.9767 0.1774
vn 0.0142 -0.9954 0.0948
vn -0.0956 -0.9954 0.0064
vn -0.2643 -0.9641 0.0276
vn -0.1865 -0.9788 -0.0843
vn -0.3493 -0.9360 -0.0441
vn -0.2706 -0.9437 -0.1901
vn -0.2876 -0.7985 -0.5289
vn -0.3913 -0.6102 -0.6889
vn -0.1570 -0.4289 -0.8896
vn -0.5121 -0.4207 -0.7489
vn -0.2634 -0.1578 -0.9517
vn 0.0485 0.1553 -0.9867
vn 0.1602 -0.2108 -0.9643
vn 0.3958 0.4392 -0.8065
vn -0.1944 0.4178 -0.8875
vn 0.0990 0.7631 -0.6386
vn 0.3963 0.8959 -0.2007
vn 0.7068 0.5494 -0.4457
vn 0.6326 0.7339 0.2475
vn 0.9104 0.4097 -0.0566
vn -0.0629 0.9946 0.0827
vn 0.1923 0.8173 0.5432
vn 0.4127 0.4033 0.8167
vn -0.2601 0.6053 0.7523
vn 0.0258 0.2338 0.9719
vn 0.2887 -0.2135 0.9333
vn 0.5684 -0.1107 0.8153
vn 0.5931 -0.5686 0.5700
vn 0.4835 -0.8341 0.2654
vn 0.2297 -0.9445 0.2347
vn 0.0919 -0.9044 0.4166
vn -0.0775 -0.6511 0.7550
vn -0.1295 -0.8102 0.5717
vn -0.3582 -0.4430 0.8218
vn -0.3650 -0.7039 0.6093
vn -0.6208 -0.2937 0.7269
vn -0.5539 -0.6303 0.5440
vn -0.4520 -0.8268 0.3347
vn -0.6789 -0.6040 0.4174
vn -0.5653 -0.7892 0.2399
vn -0.4602 -0.8831 0.0917
vn -0.3564 -0.9199 0.1633
vn -0.6779 -0.7287 0.0974
vn -0.7807 -0.6114 -0.1295
vn -0.7909 -0.4503 -0.4143
vn -0.9244 -0.2323 -0.3023
vn -0.9924 0.0459 -0.1145
vn -0.8404 0.3474 -0.4161
vn -0.5270 0.4952 -0.6907
vn -0.9519 0.2471 0.1815
vn -0.7311 0.6747 -0.1013
vn -0.3230 0.8611 -0.3928
vn -0.5260 0.7763 0.3473
vn -0.8008 0.2938 0.5219
vn -0.5532 0.1680 0.8159
vn -0.8064 -0.2333 0.5435
vn -0.2481 -0.0947 0.9641
vn 0.0595 -0.4194 0.9058
vn 0.0319 0.0237 0.9992
vn -0.7890 0.0150 -0.6142
vn 0.7405 -0.0719 -0.6682
vn 0.0184 -0.7603 0.6493
vn 0.0866 -0.9442 0.3176
vn -0.0203 -0.8997 -0.4359
vn -0.1133 -0.9627 0.2456
vn 0.2665 -0.9554 0.1270
vn -0.0158 -0.2059 0.9785
vn 0.2968 -0.2390 0.9246
vn 0.2679 0.1214 0.9558
vn -0.2081 0.3055 0.9292
vn -0.3529 -0.0192 0.9355
vn -0.5365 0.0326 -0.8433
vn -0.6423 -0.3289 -0.6923
vn -0.8678 -0.2205 -0.4453
vn -0.9584 0.1150 -0.2612
vn -0.7393 0.3982 -0.5431
vn 0.8898 -0.1180 -0.4408
vn 0.6745 -0.4571 -0.5797
vn 0.5600 -0.2432 -0.7920
vn 0.4745 0.2102 -0.8548
vn 0.7302 0.3713 -0.5736
vn -0.1209 -0.7905 0.6004
vn -0.0077 -0.8838 0.4678
vn 0.1206 -0.8215 0.5573
vn -0.0099 -0.6226 0.7825
vn -0.2467 -0.6035 0.7582
vn 0.2053 -0.6684 0.7149
vn 0.6738 -0.7300 0.1144
vn 0.5488 -0.8347 0.0453
vn 0.6079 -0.7837 -0.1274
vn 0.7948 -0.6047 0.0509
vn -0.6406 -0.7678 0.0121
vn -0.5151 -0.8566 -0.0315
vn -0.4393 -0.8856 0.1509
vn -0.6457 -0.7432 0.1755
vn -0.1242 -0.9026 0.4121
vn -0.0247 -0.9618 0.2726
vn 0.2185 -0.8591 0.4629
vn 0.1732 -0.9638 0.2025
vn 0.3105 -0.8864 0.3433
vn -0.1470 -0.8372 -0.5267
vn -0.0103 -0.7077 -0.7065
vn 0.1100 -0.8324 -0.5431
vn 0.1545 -0.9161 -0.3701
vn -0.0214 -0.9518 -0.3060
vn -0.1887 -0.9254 -0.3287
vn -0.2117 -0.9192 0.3321
vn -0.2664 -0.9386 0.2191
vn -0.1525 -0.9770 0.1492
vn -0.0462 -0.9927 0.1110
vn 0.1416 -0.9891 0.0408
vn 0.2721 -0.9622 0.0094
vn 0.3779 -0.9046 0.1971
vn 0.4106 -0.9113 0.0301
vn 0.4410 -0.8855 -0.1463
vn 0.5207 -0.8085 0.2741
vn 0.2974 -0.9459 -0.1298
vn 0.1508 -0.9832 -0.1033
vn 0.1560 -0.9599 -0.2330
vn 0.3180 -0.9052 -0.2819
vn 0.4897 -0.8165 -0.3060
vn 0.3209 -0.8388 -0.4398
vn 0.5058 -0.7295 -0.4604
vn 0.7426 -0.5439 -0.3907
vn 0.7043 -0.6652 -0.2478
vn 0.9523 -0.2276 -0.2031
vn 0.9074 -0.4186 -0.0365
vn 0.9859 0.1463 0.0807
vn 0.9530 -0.1336 0.2718
vn 0.8426 -0.4145 0.3438
vn 0.8108 0.0861 0.5789
vn 0.7393 -0.2682 0.6176
vn 0.6105 -0.5560 0.5641
vn 0.6854 -0.6454 0.3373
vn 0.4591 -0.7594 0.4610
vn 0.4633 -0.5055 0.7279
vn 0.3507 -0.7172 0.6022
vn 0.2553 -0.4791 0.8398
vn 0.5393 -0.2067 0.8163
vn -0.0343 -0.4237 0.9051
vn -0.3426 -0.3391 0.8761
vn -0.6519 0.1381 0.7456
vn -0.6153 -0.2711 0.7402
vn -0.4574 -0.5935 0.6622
vn -0.8031 -0.2813 0.5252
vn -0.6041 -0.6143 0.5076
vn -0.3818 -0.8188 0.4287
vn -0.2727 -0.7964 0.5398
vn -0.6650 -0.6683 0.3334
vn -0.4230 -0.8564 0.2962
vn -0.3177 -0.9453 0.0737
vn -0.2223 -0.9749 0.0129
vn -0.4135 -0.9032 -0.1151
vn -0.2942 -0.9433 -0.1536
vn -0.1598 -0.9725 -0.1694
vn -0.1112 -0.9933 -0.0322
vn -0.4866 -0.8030 -0.3442
vn -0.3363 -0.8709 -0.3583
vn -0.4841 -0.6453 -0.5910
vn -0.3009 -0.7428 -0.5980
vn -0.4035 -0.4104 -0.8178
vn -0.1865 -0.5541 -0.8113
vn -0.2424 -0.0785 -0.9670
vn -0.0037 -0.3133 -0.9497
vn 0.1686 -0.5514 -0.8170
vn 0.2759 -0.7306 -0.6245
vn 0.2235 -0.0444 -0.9737
vn 0.3628 -0.3917 -0.8455
vn 0.4593 -0.6161 -0.6399
vn -0.0160 0.2937 -0.9558
vn 0.2425 0.6229 -0.7438
vn -0.3718 0.4689 -0.8012
vn -0.1607 0.8278 -0.5375
vn 0.0703 0.9909 -0.1148
vn 0.4936 0.7893 -0.3652
vn 0.2933 0.8965 0.3320
vn 0.6910 0.7203 0.0606
vn 0.9138 0.3403 -0.2217
vn 0.8000 0.4499 0.3969
vn 0.4631 0.5844 0.6663
vn 0.5485 0.1777 0.8170
vn 0.0959 0.5244 0.8460
vn -0.1447 0.8278 0.5421
vn -0.4920 0.5472 0.6771
vn -0.3901 0.9135 0.1159
vn -0.7374 0.5999 0.3104
vn -0.8746 0.1571 0.4587
vn -0.9002 0.4341 -0.0343
vn -0.9847 0.0185 0.1731
vn -0.8811 -0.3698 0.2948
vn -0.9752 -0.2133 -0.0598
vn -0.8608 -0.5025 0.0810
vn -0.8582 -0.4284 -0.2827
vn -0.7697 -0.6270 -0.1197
vn -0.6747 -0.5584 -0.4826
vn -0.6321 -0.7277 -0.2664
vn -0.5951 0.7494 -0.2902
vn 0.0154 -0.9976 -0.0677
vn 0.0409 -0.9958 0.0814
vn -0.0057 -0.9825 -0.1859
vn -0.1090 -0.1782 -0.9779
vn -0.6949 -0.2676 0.6675
vn -0.9702 -0.2387 -0.0426
vn 0.3332 -0.1887 0.9238
vn 0.8021 -0.4126 0.4318
vn 0.9360 -0.3519 0.0043
vn 0.3029 -0.5848 -0.7525
vn -0.3928 -0.8698 -0.2986
vn -0.1770 0.3176 -0.9316
vn 0.3601 0.4377 -0.8239
vn 0.2546 -0.1516 -0.9551
vn 0.0415 -0.6184 -0.7848
vn -0.2706 -0.4851 -0.8315
vn -0.5795 -0.0900 -0.8100
vn -0.9149 0.0700 0.3976
vn -0.8599 -0.4508 0.2394
vn -0.5813 -0.5847 0.5659
vn -0.4827 -0.0811 0.8720
vn -0.6429 0.4890 0.5895
vn -0.2672 -0.5823 0.7678
vn -0.8799 -0.3529 -0.3181
vn -0.7066 -0.7055 0.0552
vn -0.9432 0.3185 -0.0948
vn -0.7897 0.2404 -0.5644
vn -0.0962 -0.0394 0.9946
vn 0.0503 -0.5618 0.8257
vn 0.4655 -0.4887 0.7379
vn 0.7669 -0.1103 0.6322
vn 0.4405 0.3104 0.8424
vn 0.5666 -0.6627 0.4897
vn 0.8730 -0.4309 0.2283
vn 0.9144 0.1154 0.3880
vn 0.6350 -0.7440 0.2079
vn 0.7665 -0.6341 -0.1020
vn 0.9965 0.0830 -0.0113
vn 0.9010 -0.2160 -0.3762
vn 0.5577 -0.2522 -0.7908
vn 0.6335 -0.5495 -0.5448
vn 0.2544 -0.7960 -0.5492
vn -0.0664 -0.8310 -0.5522
vn -0.3957 -0.7247 -0.5641
vn -0.1366 -0.9620 -0.2365
vn -0.5515 -0.8241 -0.1290
vn -0.6910 -0.5098 -0.5125
vn -0.2892 -0.9533 0.0869
vn -0.4606 -0.8187 0.3429
vn 0.1849 -0.9538 -0.2367
vn 0.0205 -0.9838 0.1783
vn -0.1260 -0.8517 0.5086
vn 0.3460 -0.9148 0.2085
vn 0.2016 -0.8134 0.5457
vn 0.5197 -0.8298 -0.2035
vn 0.7727 0.2268 -0.5929
vn 0.2772 0.8914 -0.3586
vn 0.7880 0.6033 -0.1225
vn 0.0485 0.9626 0.2666
vn 0.6157 0.6555 0.4373
vn -0.1141 0.5825 0.8047
vn -0.5620 0.8270 0.0170
vn -0.3389 0.7481 -0.5705
vn -0.9603 -0.2483 -0.1269
vn -0.5440 -0.2263 0.8080
vn 0.8285 -0.2918 0.4779
vn -0.0098 -0.5399 0.8417
vn 0.7114 -0.4032 -0.5756
vn 0.0933 -0.5571 -0.8252
vn -0.4869 -0.6433 -0.5908
vn -0.3895 -0.8933 0.2244
vn 0.1457 -0.9754 -0.1656
vn -0.9847 -0.0846 0.1520
vn -0.8457 0.5077 -0.1642
vn -0.8465 0.1021 -0.5224
vn -0.7720 -0.4055 -0.4895
vn -0.8267 -0.5623 -0.0218
vn -0.7912 -0.5434 0.2805
vn -0.8526 -0.0677 0.5182
vn -0.6585 -0.5341 0.5301
vn -0.3659 -0.5065 0.7808
vn -0.1201 -0.2683 0.9558
vn -0.4369 0.1981 0.8774
vn 0.5532 -0.1094 0.8258
vn 0.4678 -0.5882 0.6597
vn 0.7234 -0.6063 0.3302
vn 0.9405 0.0594 0.3344
vn 0.5637 0.4615 0.6851
vn 0.8825 -0.4698 0.0219
vn -0.1921 -0.7079 0.6797
vn 0.0168 -0.8259 0.5635
vn 0.1950 -0.5543 0.8091
vn 0.1520 -0.0704 0.9859
vn 0.8835 -0.3838 -0.2687
vn 0.5040 -0.8144 -0.2876
vn 0.4220 -0.6915 -0.5862
vn 0.7642 0.1529 -0.6266
vn 0.9535 0.2847 -0.0993
vn 0.3911 -0.2395 -0.8886
vn 0.0598 -0.8194 -0.5700
vn -0.1303 -0.3854 -0.9135
vn 0.1467 0.1810 -0.9725
vn -0.2345 -0.7914 -0.5645
vn -0.2775 -0.9269 -0.2528
vn -0.5778 -0.7520 -0.3173
vn -0.4668 -0.2684 -0.8426
vn -0.5799 -0.7698 0.2665
vn -0.6152 -0.7879 -0.0256
vn -0.3286 -0.9444 0.0072
vn -0.0172 -0.9903 0.1382
vn -0.2129 -0.9125 0.3494
vn -0.4324 -0.7617 0.4826
vn 0.6188 -0.7835 -0.0569
vn 0.4387 -0.8875 0.1410
vn 0.2707 -0.8774 0.3962
vn -0.3752 0.3337 -0.8648
vn -0.2601 0.8598 -0.4393
vn 0.4155 0.7080 -0.5710
vn -0.1745 0.9413 0.2890
vn 0.5346 0.8344 0.1338
vn -0.0129 0.5199 0.8541
vn -0.7254 0.5407 0.4260
vn 0.0943 -0.3979 0.9125
vn -0.3734 -0.8146 -0.4438
vn 0.5513 -0.7637 -0.3360
vn -0.4930 -0.8689 0.0450
vn -0.1694 -0.9022 0.3967
vn 0.4397 -0.8703 0.2220
vn -0.8868 0.0834 0.4545
vn -0.9552 -0.0877 0.2826
vn -0.7781 -0.3266 0.5365
vn -0.7378 -0.0249 0.6746
vn -0.1145 -0.1906 -0.9750
vn -0.1553 -0.4619 -0.8732
vn -0.4436 -0.3936 -0.8052
vn -0.3156 -0.0023 -0.9489
vn -0.0016 -0.5709 0.8210
vn 0.2104 -0.6624 0.7190
vn 0.3027 -0.3740 0.8766
vn 0.2234 0.0771 0.9717
vn -0.0836 -0.1022 0.9912
vn -0.2629 -0.3655 0.8929
vn -0.2094 -0.8522 -0.4794
vn -0.2535 -0.9306 -0.2641
vn -0.4160 -0.8531 -0.3149
vn -0.5870 -0.6293 -0.5093
vn -0.4272 -0.6604 -0.6175
vn 0.8466 -0.4762 -0.2378
vn 0.7087 -0.7029 -0.0602
vn 0.3922 -0.8863 -0.2464
vn 0.2228 -0.9048 -0.3628
vn 0.5002 -0.7011 -0.5082
vn -0.4748 -0.8764 -0.0806
vn -0.3229 -0.9461 -0.0257
vn -0.3745 -0.9225 0.0935
vn -0.6515 -0.7570 0.0496
vn -0.7050 -0.6924 -0.1535
vn -0.5312 -0.8228 0.2021
vn -0.1425 -0.8301 0.5390
vn -0.3429 -0.7409 0.5775
vn -0.3189 -0.8515 0.4161
vn -0.2453 -0.9328 0.2640
vn -0.1040 -0.9475 0.3024
vn -0.0051 -0.8959 0.4443
vn 0.4470 -0.7771 0.4431
vn 0.2473 -0.9164 0.3146
vn 0.2895 -0.9518 0.1010
vn 0.4924 -0.8704 -0.0066
vn 0.6726 -0.6951 0.2537
vn 0.8976 -0.3880 0.2092
vn 0.8413 -0.0798 0.5346
vn 0.6780 -0.4999 0.5389
vn 0.5736 0.0956 0.8135
vn 0.5210 -0.3758 0.7664
vn 0.3716 -0.6911 0.6200
vn 0.0842 -0.8016 0.5919
vn 0.2026 -0.8574 0.4730
vn 0.0715 -0.9403 0.3327
vn 0.1148 -0.9743 0.1936
vn -0.0481 -0.9765 0.2101
vn 0.0028 -0.9953 0.0969
vn 0.0536 -0.9974 -0.0472
vn 0.1670 -0.9857 0.0226
vn 0.1114 -0.9735 -0.1997
vn 0.2710 -0.9547 -0.1229
vn -0.0585 -0.9935 -0.0976
vn -0.0041 -0.9645 -0.2639
vn 0.1271 -0.8756 -0.4661
vn -0.1231 -0.9514 -0.2822
vn -0.0330 -0.8574 -0.5136
vn 0.1042 -0.6675 -0.7372
vn 0.3642 -0.6553 -0.6617
vn 0.2282 -0.3573 -0.9057
vn 0.5781 -0.2689 -0.7704
vn 0.8038 -0.3103 -0.5076
vn 0.6218 0.2349 -0.7471
vn 0.9093 0.2022 -0.3638
vn 0.9992 -0.0409 -0.0020
vn 0.7172 0.6862 -0.1213
vn 0.8702 0.3792 0.3146
vn 0.2697 0.9481 0.1684
vn 0.4896 0.6144 0.6188
vn -0.2605 0.8580 0.4426
vn 0.0132 0.5562 0.8309
vn -0.6208 0.4572 0.6369
vn -0.3500 0.2382 0.9059
vn -0.5156 -0.1525 0.8432
vn -0.5666 -0.4481 0.6915
vn -0.3318 -0.5818 0.7425
vn -0.5611 -0.6298 0.5372
vn -0.1008 -0.7120 0.6949
vn -0.7804 -0.4890 0.3897
vn -0.6897 -0.6636 0.2898
vn -0.5057 -0.7655 0.3977
vn -0.3904 -0.8839 0.2577
vn -0.2740 -0.9541 0.1212
vn -0.1674 -0.9744 0.1504
vn -0.2120 -0.9773 0.0017
vn -0.1067 -0.9936 0.0361
vn -0.1721 -0.9779 -0.1185
vn -0.2920 -0.9469 -0.1344
vn -0.4731 -0.8561 -0.2079
vn -0.6771 -0.6433 -0.3574
vn -0.8881 -0.4093 -0.2091
vn -0.8130 -0.3033 -0.4970
vn -0.6424 -0.2890 -0.7098
vn -0.8374 0.1173 -0.5338
vn -0.5702 0.1464 -0.8084
vn -0.7368 0.5480 -0.3960
vn -0.3557 0.6062 -0.7113
vn 0.0040 0.4165 -0.9091
vn 0.2216 0.0557 -0.9735
vn -0.0451 0.9355 -0.3505
vn 0.3950 0.6949 -0.6009
vn -0.5293 0.8477 -0.0359
vn -0.9621 0.2701 -0.0378
vn -0.8350 0.4813 0.2667
vn -0.9798 -0.0625 -0.1897
vn -0.9459 -0.2940 0.1374
vn -0.8358 -0.5438 0.0750
vn -0.1850 -0.6805 -0.7090
vn -0.4295 0.0843 0.8991
vn -0.9470 -0.2215 0.2324
vn 0.0061 -0.6980 -0.7160
vn -0.6426 -0.7395 -0.2005
vn 0.4638 -0.8512 -0.2455
vn 0.1012 -0.9904 0.0939
vn -0.6619 -0.0027 0.7496
vn -0.4430 -0.3318 0.8328
vn -0.2213 -0.0914 0.9709
vn -0.0686 0.3683 0.9272
vn -0.4223 0.5136 0.7469
vn -0.9936 -0.0876 -0.0712
vn -0.8682 -0.4952 0.0309
vn -0.8163 -0.4627 0.3458
vn -0.7908 -0.2092 0.5752
vn -0.9331 0.1248 0.3373
vn 0.5597 -0.5310 -0.6362
vn 0.4664 -0.6955 -0.5465
vn 0.2825 -0.7356 -0.6157
vn 0.4395 -0.4751 -0.7623
vn 0.1563 -0.7235 -0.6724
vn 0.0970 -0.8555 -0.5087
vn -0.0645 -0.8101 -0.5828
vn -0.1877 -0.6141 -0.7666
vn 0.0410 -0.4790 -0.8768
vn 0.2942 -0.6673 0.6842
vn 0.1799 -0.7950 0.5793
vn 0.3636 -0.8280 0.4268
vn 0.4797 -0.5981 0.6420
vn -0.7585 -0.5137 -0.4010
vn -0.6048 -0.6524 -0.4567
vn -0.5126 -0.8427 -0.1645
vn -0.6621 -0.7487 -0.0320
vn -0.8570 -0.4683 -0.2152
vn -0.4940 -0.8689 0.0331
vn 0.5726 -0.8134 -0.1027
vn 0.3458 -0.9286 -0.1349
vn 0.3219 -0.9050 -0.2782
vn 0.3923 -0.8174 -0.4219
vn 0.6186 -0.7159 -0.3238
vn -0.0121 -0.9896 0.1434
vn -0.0686 -0.9976 0.0066
vn 0.0873 -0.9962 -0.0013
vn 0.2287 -0.9728 0.0368
vn 0.1971 -0.9694 0.1460
vn 0.0792 -0.9628 0.2583
vn -0.0915 -0.9298 0.3565
vn -0.1681 -0.9663 0.1949
vn 0.3299 -0.9199 0.2121
vn 0.2015 -0.9190 0.3388
vn 0.0212 -0.8710 0.4909
vn -0.1824 -0.7774 0.6020
vn -0.2847 -0.8624 0.4185
vn -0.0350 -0.6626 0.7482
vn -0.2292 -0.5113 0.8283
vn -0.3883 -0.6521 0.6511
vn 0.1692 -0.4869 0.8569
vn -0.0146 -0.2695 0.9629
vn 0.2127 0.0800 0.9738
vn 0.4056 -0.2639 0.8751
vn 0.6435 -0.0624 0.7629
vn 0.4598 0.3900 0.7978
vn 0.6548 -0.4907 0.5749
vn 0.8033 -0.4331 0.4089
vn 0.8573 0.0315 0.5138
vn 0.5105 -0.7893 0.3411
vn 0.6122 -0.7557 0.2328
vn 0.6425 -0.7632 0.0688
vn 0.8721 -0.4630 0.1586
vn 0.3932 -0.9141 0.0986
vn 0.3928 -0.9195 -0.0146
vn 0.2193 -0.9732 -0.0687
vn 0.1989 -0.9626 -0.1837
vn 0.0583 -0.9697 -0.2371
vn 0.0730 -0.9242 -0.3750
vn 0.2014 -0.9237 -0.3260
vn 0.0645 -0.9918 -0.1101
vn -0.1063 -0.9832 -0.1484
vn -0.1164 -0.9446 -0.3068
vn -0.2957 -0.8780 -0.3764
vn -0.2864 -0.7634 -0.5789
vn -0.0952 -0.8868 -0.4522
vn -0.2598 -0.9504 -0.1710
vn -0.3952 -0.9021 -0.1731
vn -0.4614 -0.7765 -0.4292
vn -0.2139 -0.9766 0.0227
vn -0.3546 -0.9343 0.0359
vn -0.3376 -0.9147 0.2221
vn -0.5039 -0.8355 0.2191
vn -0.6805 -0.7160 0.1556
vn -0.4750 -0.7633 0.4379
vn -0.6562 -0.6322 0.4120
vn -0.5877 -0.4773 0.6533
vn -0.5843 -0.3320 -0.7405
vn -0.4349 -0.5644 -0.7016
vn -0.3617 0.0312 -0.9318
vn -0.2505 -0.3140 -0.9158
vn 0.0028 0.3164 -0.9486
vn 0.0611 -0.1134 -0.9917
vn 0.4049 0.4360 -0.8037
vn 0.3930 -0.0308 -0.9190
vn 0.2800 -0.4358 -0.8554
vn 0.6506 -0.0829 -0.7549
vn 0.7407 0.3626 -0.5656
vn 0.9387 0.1147 -0.3250
vn 0.7861 -0.2521 -0.5643
vn 0.9560 -0.2397 -0.1691
vn 0.7601 -0.5035 -0.4107
vn 0.8088 -0.5769 -0.1145
vn 0.9845 -0.0325 0.1726
vn 0.9097 0.4124 0.0494
vn 0.7213 0.5179 0.4599
vn 0.6517 0.7300 -0.2059
vn 0.4163 0.8764 0.2423
vn 0.1370 0.7410 0.6573
vn 0.0033 0.9983 -0.0583
vn -0.2665 0.8783 0.3969
vn -0.4273 0.8448 -0.3221
vn -0.6538 0.7464 0.1246
vn -0.7484 0.4217 0.5119
vn -0.9226 0.3832 -0.0453
vn -0.7636 0.4642 -0.4488
vn -0.9179 -0.0224 -0.3962
vn -0.7557 -0.1193 -0.6439
vn -0.5476 0.3264 -0.7704
vn -0.1759 0.6798 -0.7120
vn 0.2613 0.8280 -0.4961
vn 0.2325 -0.8559 -0.4619
vn 0.9234 -0.0837 0.3746
vn 0.2205 -0.7340 -0.6424
vn 0.3101 -0.7602 0.5709
vn -0.2570 -0.8590 0.4428
vn -0.1680 -0.9557 -0.2416
vn 0.7440 0.0597 0.6655
vn 0.7616 -0.3780 0.5264
vn 0.9075 -0.3644 0.2089
vn 0.9965 -0.0826 -0.0094
vn 0.9169 0.2992 0.2640
vn -0.9069 -0.2521 0.3376
vn -0.8579 -0.4540 0.2405
vn -0.6868 -0.5720 0.4484
vn -0.8026 -0.2567 0.5384
vn 0.6922 -0.5846 -0.4231
vn 0.6614 -0.7047 -0.2569
vn 0.4311 -0.8353 -0.3411
vn 0.5464 -0.6619 -0.5131
vn -0.7269 -0.6167 -0.3022
vn -0.6369 -0.5925 -0.4932
vn -0.4869 -0.8503 -0.1995
vn -0.6438 -0.7582 -0.1033
vn 0.4002 -0.7009 -0.5904
vn 0.2885 -0.8645 -0.4115
vn 0.1508 -0.8562 -0.4942
vn 0.0204 -0.7421 -0.6700
vn 0.2537 -0.5275 -0.8108
vn 0.2098 -0.5835 0.7845
vn 0.1019 -0.7549 0.6479
vn 0.2572 -0.8687 0.4234
vn 0.4438 -0.7284 0.5220
vn 0.3741 -0.4404 0.8162
vn 0.3690 -0.8765 0.3093
vn -0.4184 -0.8198 0.3911
vn -0.2921 -0.9270 0.2351
vn -0.1415 -0.9264 0.3490
vn -0.1119 -0.7940 0.5975
vn -0.3349 -0.6882 0.6436
vn -0.1992 -0.9057 -0.3741
vn -0.0514 -0.9478 -0.3146
vn -0.0748 -0.9793 -0.1883
vn -0.2355 -0.9534 -0.1886
vn -0.3253 -0.8669 -0.3777
vn -0.1390 -0.9853 -0.0991
vn -0.2172 -0.9759 -0.0220
vn -0.3099 -0.9427 -0.1238
vn 0.0443 -0.9921 -0.1171
vn -0.0198 -0.9997 -0.0161
vn -0.0979 -0.9928 0.0684
vn 0.1152 -0.9897 0.0846
vn 0.0372 -0.9818 0.1865
vn -0.0428 -0.9606 0.2745
vn -0.1853 -0.9724 0.1420
vn -0.3175 -0.9463 0.0612
vn -0.4520 -0.8761 0.1679
vn -0.5670 -0.8213 0.0630
vn -0.4011 -0.9154 -0.0333
vn -0.4173 -0.8499 -0.3217
vn -0.5088 -0.5844 -0.6321
vn -0.3464 -0.6589 -0.6677
vn -0.1951 -0.7785 -0.5966
vn -0.4663 -0.1488 -0.8720
vn -0.2246 -0.3006 -0.9269
vn -0.0657 -0.5289 -0.8461
vn -0.0377 -0.8821 -0.4695
vn 0.0111 0.1333 -0.9910
vn 0.2016 -0.1943 -0.9600
vn 0.2927 0.5053 -0.8118
vn 0.5102 0.0998 -0.8542
vn 0.5257 -0.3461 -0.7771
vn 0.7769 0.2510 -0.5774
vn 0.7473 -0.2417 -0.6189
vn 0.9518 0.1811 -0.2477
vn 0.8810 -0.2720 -0.3871
vn 0.8838 -0.4381 -0.1641
vn 0.8127 -0.5794 0.0624
vn 0.6463 -0.7592 -0.0765
vn 0.7006 -0.6470 0.3010
vn 0.5806 -0.8078 0.1016
vn 0.4101 -0.9111 -0.0425
vn 0.4360 -0.8809 -0.1841
vn 0.2384 -0.9605 -0.1433
vn 0.2629 -0.9267 -0.2687
vn 0.0907 -0.9684 -0.2323
vn 0.1218 -0.9268 -0.3552
vn 0.1887 -0.9817 -0.0249
vn 0.3413 -0.9364 0.0814
vn 0.2480 -0.9504 0.1879
vn 0.4806 -0.8469 0.2273
vn 0.1554 -0.9354 0.3176
vn 0.0522 -0.8821 0.4682
vn -0.1128 -0.5779 0.8083
vn -0.0270 -0.3149 0.9487
vn -0.3340 -0.0444 0.9415
vn -0.3833 -0.4003 0.8324
vn -0.6322 0.1390 0.7622
vn -0.6334 -0.2778 0.7223
vn -0.5366 -0.6069 0.5863
vn -0.5822 -0.7527 0.3074
vn -0.7466 -0.6488 0.1472
vn -0.8734 -0.4798 -0.0830
vn -0.9852 -0.1691 -0.0270
vn -0.9277 0.1530 -0.3404
vn -0.8774 -0.2698 -0.3967
vn -0.9797 0.0857 0.1815
vn -0.8675 0.4906 -0.0824
vn -0.5300 0.7538 -0.3884
vn -0.6684 0.3521 -0.6552
vn -0.8558 0.1861 0.4827
vn -0.7050 0.6411 0.3034
vn -0.3208 0.9462 0.0436
vn 0.1606 0.9596 -0.2310
vn -0.0904 0.7539 -0.6507
vn -0.4478 0.5727 0.6867
vn -0.0595 0.8663 0.4960
vn 0.4112 0.8813 0.2327
vn 0.7867 0.6165 -0.0303
vn 0.5664 0.6916 -0.4481
vn 0.2170 0.5407 0.8127
vn 0.6200 0.5397 0.5695
vn 0.4493 0.0870 0.8892
vn -0.1337 0.3079 0.9420
vn 0.1642 -0.0673 0.9841
vn 0.5716 -0.3566 0.7390
vn 0.5749 -0.6682 0.4722
vn -0.3112 0.3414 -0.8869
vn -0.7180 -0.1419 -0.6814
vn 0.3317 -0.0333 -0.9428
vn -0.9177 -0.1586 0.3643
vn 0.8168 -0.5757 0.0383
vn -0.6229 -0.7159 -0.3154
vn -0.1103 -0.9077 0.4049
vn 0.2272 -0.9717 0.0641
vn 0.1720 0.2984 -0.9388
vn 0.4632 0.5801 -0.6700
vn 0.6199 0.1225 -0.7750
vn 0.5117 -0.3316 -0.7926
vn 0.1902 -0.3287 -0.9251
vn -0.0710 -0.1058 -0.9918
vn -0.9131 -0.3367 0.2301
vn -0.7429 -0.5075 0.4366
vn -0.8005 -0.2100 0.5614
vn -0.9522 0.1990 0.2316
vn -0.9995 -0.0143 -0.0273
vn -0.7994 0.2231 0.5579
vn 0.8508 -0.3924 0.3496
vn 0.6517 -0.7195 0.2399
vn 0.6357 -0.7691 -0.0660
vn 0.7391 -0.6186 -0.2665
vn 0.9561 -0.2925 -0.0189
vn 0.3316 -0.6172 0.7135
vn 0.2432 -0.7597 0.6031
vn 0.3679 -0.8353 0.4085
vn 0.4873 -0.6326 0.6019
vn -0.5144 -0.7300 -0.4499
vn -0.3865 -0.8859 -0.2565
vn -0.5314 -0.8305 -0.1667
vn -0.7729 -0.4664 -0.4303
vn -0.6365 -0.3701 -0.6766
vn -0.7665 -0.6257 -0.1447
vn -0.2643 -0.6973 -0.6663
vn -0.1186 -0.8010 -0.5867
vn -0.2726 -0.8895 -0.3666
vn -0.3953 -0.7304 -0.5570
vn -0.0977 -0.8235 0.5588
vn -0.3498 -0.7080 0.6135
vn -0.2892 -0.8614 0.4175
vn -0.1915 -0.9498 0.2475
vn -0.0289 -0.9557 0.2929
vn 0.0747 -0.9108 0.4061
vn 0.1840 -0.9706 0.1552
vn 0.0851 -0.9934 0.0769
vn 0.1778 -0.9837 -0.0256
vn 0.3403 -0.9370 0.0786
vn 0.3111 -0.9278 0.2058
vn 0.3286 -0.9419 -0.0692
vn 0.1313 -0.9829 -0.1288
vn 0.3030 -0.9245 -0.2313
vn 0.4921 -0.8187 -0.2961
vn 0.4795 -0.8746 -0.0722
vn 0.4818 -0.8662 0.1325
vn 0.6145 -0.6345 0.4689
vn 0.4494 -0.8441 0.2924
vn 0.2474 -0.9101 0.3324
vn 0.1428 -0.8403 0.5230
vn 0.1453 -0.9535 0.2641
vn 0.0255 -0.9829 0.1824
vn -0.0965 -0.9877 0.1227
vn -0.0003 -1.0000 0.0014
vn -0.2188 -0.9733 0.0690
vn -0.0895 -0.9940 -0.0627
vn 0.0573 -0.9738 -0.2200
vn -0.1873 -0.9751 -0.1186
vn -0.0373 -0.9579 -0.2845
vn 0.1720 -0.8607 -0.4792
vn 0.2504 -0.8950 -0.3691
vn 0.4481 -0.6617 -0.6011
vn 0.5166 -0.7224 -0.4596
vn 0.7343 -0.3091 -0.6044
vn 0.8113 -0.4200 -0.4067
vn 0.8586 0.1728 -0.4827
vn 0.9823 0.0101 -0.1872
vn 0.7152 0.6446 -0.2703
vn 0.8889 0.4442 0.1122
vn 0.9409 0.0481 0.3352
vn 0.5463 0.7259 0.4179
vn 0.6918 0.2745 0.6679
vn 0.7182 -0.2423 0.6523
vn 0.3191 0.2971 0.9000
vn 0.4763 -0.2209 0.8511
vn -0.0328 0.1186 0.9924
vn 0.2141 -0.3196 0.9230
vn -0.2588 -0.1782 0.9494
vn 0.0236 -0.5085 0.8608
vn -0.3475 -0.4761 0.8078
vn -0.0711 -0.6828 0.7271
vn -0.5595 0.0903 0.8239
vn -0.6105 -0.2990 0.7335
vn -0.5680 -0.5951 0.5686
vn -0.6597 -0.6931 0.2905
vn -0.4793 -0.7889 0.3846
vn -0.5112 -0.8468 0.1471
vn -0.3552 -0.9101 0.2136
vn -0.3368 -0.9416 0.0061
vn -0.6515 -0.7578 0.0349
vn -0.4379 -0.8966 -0.0657
vn -0.2831 -0.9438 -0.1707
vn -0.1453 -0.9352 -0.3229
vn 0.0391 -0.8324 -0.5528
vn 0.0355 -0.5837 -0.8112
vn 0.2735 -0.6335 -0.7238
vn -0.2062 -0.4639 -0.8616
vn -0.4356 -0.3687 -0.8212
vn -0.3344 0.0949 -0.9377
vn -0.6509 0.1083 -0.7514
vn -0.5620 0.5684 -0.6009
vn -0.1498 0.5528 -0.8197
vn -0.4006 0.8834 -0.2429
vn 0.0804 0.8711 -0.4844
vn -0.1787 0.9572 0.2278
vn 0.3243 0.9458 -0.0191
vn 0.0786 0.7451 0.6623
vn -0.6009 0.6704 0.4353
vn -0.3343 0.4922 0.8037
vn -0.7891 0.6141 0.0146
vn -0.8854 0.3391 -0.3180
vn -0.8836 -0.0657 -0.4636
vn -0.9352 -0.3228 -0.1456
vn -0.8299 -0.5456 0.1164
s 1
f 5019//5019 5022//5022 5023//5023 5024//5024
f 5019//5019 5025//5025 5026//5026 5022//5022
f 5019//5019 5024//5024 5027//5027 5025//5025
f 5028//5028 5029//5029 5030//5030 5031//5031
f 5032//5032 5033//5033 5034//5034 5035//5035
f 5036//5036 5037//5037 5038//5038 5039//5039
f 5040//5040 5041//5041 5042//5042 5043//5043
f 5044//5044 5045//5045 5046//5046 5047//5047
f 5020//5020 5048//5048 5049//5049 5050//5050
f 5020//5020 5051//5051 5052//5052 5048//5048
f 5020//5020 5050//5050 5053//5053 5051//5051
f 5021//5021 5054//5054 5055//5055 5056//5056
f 5021//5021 5057//5057 5058//5058 5054//5054
f 5021//5021 5056//5056 5059//5059 5057//5057
f 5059//5059 5056//5056 5060//5060 5061//5061
f 5059//5059 5061//5061 5062//5062 5049//5049
f 5059//5059 5049//5049 5048//5048 5057//5057
f 5062//5062 5061//5061 5063//5063 5064//5064
f 5062//5062 5064//5064 5065//5065 5066//5066
f 5062//5062 5066//5066 5050//5050 5049//5049
f 5066//5066 5065//5065 5067//5067 5068//5068
f 5066//5066 5068//5068 5053//5053 5050//5050
f 5068//5068 5067//5067 5069//5069 5070//5070
f 5068//5068 5070//5070 5071//5071 5053//5053
f 5071//5071 5070//5070 5072//5072 5073//5073
f 5071//5071 5073//5073 5074//5074 5075//5075
f 5071//5071 5075//5075 5051//5051 5053//5053
f 5075//5075 5074//5074 5076//5076 5077//5077
f 5075//5075 5077//5077 5052//5052 5051//5051
f 5077//5077 5076//5076 5078//5078 5079//5079
f 5077//5077 5079//5079 5058//5058 5052//5052
f 5079//5079 5078//5078 5080//5080 5081//5081
f 5079//5079 5081//5081 5054//5054 5058//5058
f 5081//5081 5082//5082 5055//5055 5054//5054
f 5081//5081 5080//5080 5083//5083 5082//5082
f 5083//5083 5084//5084 5085//5085 5082//5082
f 5083//5083 5080//5080 5042//5042 5086//5086
f 5083//5083 5086//5086 5087//5087 5084//5084
f 5087//5087 5088//5088 5089//5089 5084//5084
f 5087//5087 5086//5086 5090//5090 5091//5091
f 5087//5087 5091//5091 5092//5092 5088//5088
f 5092//5092 5093//5093 5094//5094 5088//5088
f 5092//5092 5091//5091 5024//5024 5023//5023
f 5092//5092 5023//5023 5095//5095 5093//5093
f 5095//5095 5096//5096 5035//5035 5093//5093
f 5095//5095 5023//5023 5022//5022 5097//5097
f 5095//5095 5097//5097 5098//5098 5096//5096
f 5098//5098 5099//5099 5100//5100 5096//5096
f 5098//5098 5097//5097 5101//5101 5102//5102
f 5098//5098 5102//5102 5103//5103 5099//5099
f 5103//5103 5104//5104 5105//5105 5099//5099
f 5103//5103 5102//5102 5106//5106 5107//5107
f 5103//5103 5107//5107 5108//5108 5104//5104
f 5108//5108 5031//5031 5109//5109 5104//5104
f 5108//5108 5107//5107 5110//5110 5111//5111
f 5108//5108 5111//5111 5028//5028 5031//5031
f 5111//5111 5110//5110 5112//5112 5113//5113
f 5111//5111 5113//5113 5029//5029 5028//5028
f 5113//5113 5112//5112 5114//5114 5115//5115
f 5113//5113 5115//5115 5116//5116 5029//5029
f 5116//5116 5117//5117 5030//5030 5029//5029
f 5116//5116 5115//5115 5118//5118 5119//5119
f 5116//5116 5119//5119 5120//5120 5117//5117
f 5120//5120 5121//5121 5122//5122 5117//5117
f 5120//5120 5119//5119 5047//5047 5123//5123
f 5120//5120 5123//5123 5124//5124 5121//5121
f 5124//5124 5125//5125 5126//5126 5121//5121
f 5124//5124 5123//5123 5127//5127 5128//5128
f 5124//5124 5128//5128 5129//5129 5125//5125
f 5129//5129 5130//5130 5131//5131 5125//5125
f 5129//5129 5128//5128 5063//5063 5132//5132
f 5129//5129 5132//5132 5133//5133 5130//5130
f 5133//5133 5132//5132 5060//5060 5134//5134
f 5133//5133 5134//5134 5085//5085 5135//5135
f 5133//5133 5135//5135 5136//5136 5130//5130
f 5136//5136 5137//5137 5131//5131 5130//5130
f 5136//5136 5135//5135 5089//5089 5138//5138
f 5136//5136 5138//5138 5139//5139 5137//5137
f 5139//5139 5140//5140 5038//5038 5137//5137
f 5139//5139 5138//5138 5094//5094 5034//5034
f 5139//5139 5034//5034 5033//5033 5140//5140
f 5140//5140 5033//5033 5141//5141 5142//5142
f 5140//5140 5142//5142 5039//5039 5038//5038
f 5142//5142 5141//5141 5105//5105 5143//5143
f 5142//5142 5143//5143 5144//5144 5039//5039
f 5144//5144 5145//5145 5036//5036 5039//5039
f 5144//5144 5143//5143 5109//5109 5146//5146
f 5144//5144 5146//5146 5122//5122 5145//5145
f 5146//5146 5109//5109 5031//5031 5030//5030
f 5146//5146 5030//5030 5117//5117 5122//5122
f 5145//5145 5122//5122 5121//5121 5126//5126
f 5145//5145 5126//5126 5037//5037 5036//5036
f 5143//5143 5105//5105 5104//5104 5109//5109
f 5141//5141 5033//5033 5032//5032 5100//5100
f 5141//5141 5100//5100 5099//5099 5105//5105
f 5138//5138 5089//5089 5088//5088 5094//5094
f 5137//5137 5038//5038 5037//5037 5131//5131
f 5135//5135 5085//5085 5084//5084 5089//5089
f 5134//5134 5060//5060 5056//5056 5055//5055
f 5134//5134 5055//5055 5082//5082 5085//5085
f 5132//5132 5063//5063 5061//5061 5060//5060
f 5131//5131 5037//5037 5126//5126 5125//5125
f 5128//5128 5127//5127 5064//5064 5063//5063
f 5127//5127 5123//5123 5047//5047 5046//5046
f 5127//5127 5046//5046 5065//5065 5064//5064
f 5119//5119 5118//5118 5044//5044 5047//5047
f 5118//5118 5115//5115 5114//5114 5147//5147
f 5118//5118 5147//5147 5045//5045 5044//5044
f 5147//5147 5114//5114 5148//5148 5069//5069
f 5147//5147 5069//5069 5067//5067 5045//5045
f 5148//5148 5114//5114 5112//5112 5149//5149
f 5148//5148 5149//5149 5150//5150 5072//5072
f 5148//5148 5072//5072 5070//5070 5069//5069
f 5150//5150 5149//5149 5151//5151 5152//5152
f 5150//5150 5152//5152 5153//5153 5154//5154
f 5150//5150 5154//5154 5073//5073 5072//5072
f 5154//5154 5153//5153 5155//5155 5156//5156
f 5154//5154 5156//5156 5074//5074 5073//5073
f 5156//5156 5155//5155 5157//5157 5158//5158
f 5156//5156 5158//5158 5076//5076 5074//5074
f 5158//5158 5157//5157 5040//5040 5043//5043
f 5158//5158 5043//5043 5078//5078 5076//5076
f 5157//5157 5155//5155 5159//5159 5160//5160
f 5157//5157 5160//5160 5041//5041 5040//5040
f 5160//5160 5159//5159 5025//5025 5027//5027
f 5160//5160 5027//5027 5090//5090 5041//5041
f 5159//5159 5161//5161 5026//5026 5025//5025
f 5159//5159 5155//5155 5153//5153 5161//5161
f 5161//5161 5162//5162 5101//5101 5026//5026
f 5161//5161 5153//5153 5152//5152 5162//5162
f 5162//5162 5106//5106 5102//5102 5101//5101
f 5162//5162 5152//5152 5151//5151 5106//5106
f 5151//5151 5110//5110 5107//5107 5106//5106
f 5151//5151 5149//5149 5112//5112 5110//5110
f 5101//5101 5097//5097 5022//5022 5026//5026
f 5100//5100 5032//5032 5035//5035 5096//5096
f 5094//5094 5093//5093 5035//5035 5034//5034
f 5091//5091 5090//5090 5027//5027 5024//5024
f 5090//5090 5086//5086 5042//5042 5041//5041
f 5080//5080 5078//5078 5043//5043 5042//5042
f 5067//5067 5065//5065 5046//5046 5045//5045
f 5058//5058 5057//5057 5048//5048 5052//5052
f 5167//5167 5168//5168 5169//5169 5170//5170
f 5171//5171 5172//5172 5173//5173 5174//5174
f 5163//5163 5175//5175 5176//5176 5177//5177
f 5163//5163 5178//5178 5179//5179 5175//5175
f 5163//5163 5177//5177 5180//5180 5178//5178
f 5181//5181 5182//5182 5183//5183 5184//5184
f 5164//5164 5185//5185 5186//5186 5187//5187
f 5164//5164 5188//5188 5189//5189 5185//5185
f 5164//5164 5187//5187 5190//5190 5188//5188
f 5191//5191 5192//5192 5193//5193 5194//5194
f 5165//5165 5195//5195 5196//5196 5197//5197
f 5165//5165 5198//5198 5199//5199 5195//5195
f 5165//5165 5197//5197 5200//5200 5198//5198
f 5166//5166 5201//5201 5202//5202 5203//5203
f 5166//5166 5204//5204 5205//5205 5201//5201
f 5166//5166 5203//5203 5206//5206 5204//5204
f 5206//5206 5203//5203 5207//5207 5208//5208
f 5206//5206 5208//5208 5209//5209 5210//5210
f 5206//5206 5210//5210 5211//5211 5204//5204
f 5211//5211 5210//5210 5212//5212 5213//5213
f 5211//5211 5213//5213 5214//5214 5215//5215
f 5211//5211 5215//5215 5205//5205 5204//5204
f 5215//5215 5214//5214 5216//5216 5194//5194
f 5215//5215 5194//5194 5193//5193 5205//5205
f 5216//5216 5214//5214 5217//5217 5218//5218
f 5216//5216 5218//5218 5219//5219 5220//5220
f 5216//5216 5220//5220 5191//5191 5194//5194
f 5220//5220 5219//5219 5180//5180 5221//5221
f 5220//5220 5221//5221 5192//5192 5191//5191
f 5221//5221 5180//5180 5177//5177 5222//5222
f 5221//5221 5222//5222 5223//5223 5192//5192
f 5223//5223 5224//5224 5193//5193 5192//5192
f 5223//5223 5222//5222 5225//5225 5226//5226
f 5223//5223 5226//5226 5227//5227 5224//5224
f 5227//5227 5202//5202 5201//5201 5224//5224
f 5227//5227 5226//5226 5228//5228 5229//5229
f 5227//5227 5229//5229 5230//5230 5202//5202
f 5230//5230 5207//5207 5203//5203 5202//5202
f 5230//5230 5229//5229 5231//5231 5232//5232
f 5230//5230 5232//5232 5233//5233 5207//5207
f 5233//5233 5196//5196 5234//5234 5235//5235
f 5233//5233 5235//5235 5208//5208 5207//5207
f 5233//5233 5232//5232 5197//5197 5196//5196
f 5235//5235 5234//5234 5236//5236 5237//5237
f 5235//5235 5237//5237 5209//5209 5208//5208
f 5237//5237 5236//5236 5187//5187 5186//5186
f 5237//5237 5186//5186 5238//5238 5209//5209
f 5238//5238 5186//5186 5185//5185 5239//5239
f 5238//5238 5239//5239 5240//5240 5212//5212
f 5238//5238 5212//5212 5210//5210 5209//5209
f 5240//5240 5239//5239 5241//5241 5242//5242
f 5240//5240 5242//5242 5243//5243 5244//5244
f 5240//5240 5244//5244 5213//5213 5212//5212
f 5244//5244 5243//5243 5245//5245 5217//5217
f 5244//5244 5217//5217 5214//5214 5213//5213
f 5245//5245 5243//5243 5246//5246 5247//5247
f 5245//5245 5247//5247 5248//5248 5249//5249
f 5245//5245 5249//5249 5218//5218 5217//5217
f 5249//5249 5248//5248 5250//5250 5251//5251
f 5249//5249 5251//5251 5219//5219 5218//5218
f 5251//5251 5250//5250 5179//5179 5178//5178
f 5251//5251 5178//5178 5180//5180 5219//5219
f 5250//5250 5248//5248 5252//5252 5253//5253
f 5250//5250 5253//5253 5254//5254 5179//5179
f 5254//5254 5253//5253 5255//5255 5256//5256
f 5254//5254 5256//5256 5257//5257 5258//5258
f 5254//5254 5258//5258 5175//5175 5179//5179
f 5258//5258 5257//5257 5184//5184 5259//5259
f 5258//5258 5259//5259 5176//5176 5175//5175
f 5259//5259 5184//5184 5183//5183 5260//5260
f 5259//5259 5260//5260 5225//5225 5176//5176
f 5260//5260 5183//5183 5261//5261 5228//5228
f 5260//5260 5228//5228 5226//5226 5225//5225
f 5261//5261 5231//5231 5229//5229 5228//5228
f 5261//5261 5183//5183 5182//5182 5262//5262
f 5261//5261 5262//5262 5200//5200 5231//5231
f 5262//5262 5182//5182 5263//5263 5264//5264
f 5262//5262 5264//5264 5198//5198 5200//5200
f 5264//5264 5263//5263 5265//5265 5266//5266
f 5264//5264 5266//5266 5199//5199 5198//5198
f 5266//5266 5265//5265 5267//5267 5268//5268
f 5266//5266 5268//5268 5269//5269 5199//5199
f 5269//5269 5268//5268 5270//5270 5271//5271
f 5269//5269 5271//5271 5272//5272 5273//5273
f 5269//5269 5273//5273 5195//5195 5199//5199
f 5273//5273 5272//5272 5236//5236 5234//5234
f 5273//5273 5234//5234 5196//5196 5195//5195
f 5272//5272 5190//5190 5187//5187 5236//5236
f 5272//5272 5271//5271 5274//5274 5190//5190
f 5274//5274 5275//5275 5188//5188 5190//5190
f 5274//5274 5271//5271 5270//5270 5173//5173
f 5274//5274 5173//5173 5172//5172 5275//5275
f 5275//5275 5276//5276 5189//5189 5188//5188
f 5275//5275 5172//5172 5277//5277 5276//5276
f 5277//5277 5170//5170 5169//5169 5276//5276
f 5277//5277 5172//5172 5171//5171 5278//5278
f 5277//5277 5278//5278 5279//5279 5170//5170
f 5279//5279 5280//5280 5167//5167 5170//5170
f 5279//5279 5278//5278 5281//5281 5282//5282
f 5279//5279 5282//5282 5283//5283 5280//5280
f 5283//5283 5247//5247 5246//5246 5280//5280
f 5283//5283 5282//5282 5284//5284 5252//5252
f 5283//5283 5252//5252 5248//5248 5247//5247
f 5284//5284 5282//5282 5281//5281 5285//5285
f 5284//5284 5285//5285 5286//5286 5255//5255
f 5284//5284 5255//5255 5253//5253 5252//5252
f 5286//5286 5285//5285 5287//5287 5267//5267
f 5286//5286 5267//5267 5265//5265 5288//5288
f 5286//5286 5288//5288 5256//5256 5255//5255
f 5288//5288 5265//5265 5263//5263 5289//5289
f 5288//5288 5289//5289 5257//5257 5256//5256
f 5289//5289 5263//5263 5182//5182 5181//5181
f 5289//5289 5181//5181 5184//5184 5257//5257
f 5287//5287 5285//5285 5281//5281 5174//5174
f 5287//5287 5174//5174 5173//5173 5270//5270
f 5287//5287 5270//5270 5268//5268 5267//5267
f 5281//5281 5278//5278 5171//5171 5174//5174
f 5280//5280 5246//5246 5168//5168 5167//5167
f 5276//5276 5169//5169 5241//5241 5189//5189
f 5246//5246 5243//5243 5242//5242 5168//5168
f 5242//5242 5241//5241 5169//5169 5168//5168
f 5241//5241 5239//5239 5185//5185 5189//5189
f 5232//5232 5231//5231 5200//5200 5197//5197
f 5225//5225 5222//5222 5177//5177 5176//5176
f 5224//5224 5201//5201 5205//5205 5193//5193
f 5290//5290 5298//5298 5299//5299 5300//5300
f 5290//5290 5301//5301 5302//5302 5298//5298
f 5291//5291 5303//5303 5304//5304 5305//5305
f 5291//5291 5305//5305 5306//5306 5307//5307
f 5292//5292 5308//5308 5309//5309 5310//5310
f 5292//5292 5310//5310 5311//5311 5312//5312
f 5293//5293 5313//5313 5314//5314 5315//5315
f 5293//5293 5316//5316 5317//5317 5313//5313
f 5293//5293 5315//5315 5318//5318 5316//5316
f 5319//5319 5320//5320 5321//5321 5322//5322
f 5323//5323 5324//5324 5325//5325 5326//5326
f 5294//5294 5314//5314 5327//5327 5328//5328
f 5294//5294 5329//5329 5315//5315 5314//5314
f 5294//5294 5330//5330 5331//5331 5329//5329
f 5295//5295 5332//5332 5333//5333 5334//5334
f 5295//5295 5334//5334 5335//5335 5336//5336
f 5295//5295 5336//5336 5337//5337 5332//5332
f 5296//5296 5338//5338 5339//5339 5340//5340
f 5296//5296 5340//5340 5341//5341 5328//5328
f 5296//5296 5328//5328 5327//5327 5338//5338
f 5297//5297 5330//5330 5342//5342 5343//5343
f 5297//5297 5344//5344 5331//5331 5330//5330
f 5297//5297 5343//5343 5345//5345 5344//5344
f 5345//5345 5346//5346 5321//5321 5320//5320
f 5345//5345 5320//5320 5347//5347 5344//5344
f 5345//5345 5343//5343 5348//5348 5346//5346
f 5348//5348 5349//5349 5350//5350 5351//5351
f 5348//5348 5351//5351 5352//5352 5346//5346
f 5348//5348 5343//5343 5342//5342 5349//5349
f 5352//5352 5351//5351 5353//5353 5354//5354
f 5352//5352 5354//5354 5355//5355 5356//5356
f 5352//5352 5356//5356 5321//5321 5346//5346
f 5356//5356 5355//5355 5357//5357 5358//5358
f 5356//5356 5358//5358 5322//5322 5321//5321
f 5358//5358 5357//5357 5359//5359 5360//5360
f 5358//5358 5360//5360 5361//5361 5322//5322
f 5361//5361 5360//5360 5362//5362 5363//5363
f 5361//5361 5363//5363 5364//5364 5365//5365
f 5361//5361 5365//5365 5319//5319 5322//5322
f 5365//5365 5364//5364 5366//5366 5347//5347
f 5365//5365 5347//5347 5320//5320 5319//5319
f 5366//5366 5364//5364 5367//5367 5368//5368
f 5366//5366 5368//5368 5329//5329 5331//5331
f 5366//5366 5331//5331 5344//5344 5347//5347
f 5368//5368 5367//5367 5369//5369 5318//5318
f 5368//5368 5318//5318 5315//5315 5329//5329
f 5369//5369 5367//5367 5370//5370 5299//5299
f 5369//5369 5299//5299 5298//5298 5371//5371
f 5369//5369 5371//5371 5316//5316 5318//5318
f 5371//5371 5298//5298 5302//5302 5372//5372
f 5371//5371 5372//5372 5317//5317 5316//5316
f 5372//5372 5302//5302 5373//5373 5374//5374
f 5372//5372 5374//5374 5375//5375 5317//5317
f 5375//5375 5374//5374 5376//5376 5377//5377
f 5375//5375 5377//5377 5378//5378 5379//5379
f 5375//5375 5379//5379 5313//5313 5317//5317
f 5379//5379 5378//5378 5338//5338 5327//5327
f 5379//5379 5327//5327 5314//5314 5313//5313
f 5378//5378 5377//5377 5380//5380 5381//5381
f 5378//5378 5381//5381 5339//5339 5338//5338
f 5381//5381 5380//5380 5326//5326 5325//5325
f 5381//5381 5325//5325 5382//5382 5339//5339
f 5382//5382 5383//5383 5340//5340 5339//5339
f 5382//5382 5325//5325 5324//5324 5384//5384
f 5382//5382 5384//5384 5385//5385 5383//5383
f 5385//5385 5386//5386 5387//5387 5383//5383
f 5385//5385 5384//5384 5388//5388 5389//5389
f 5385//5385 5389//5389 5337//5337 5386//5386
f 5389//5389 5388//5388 5390//5390 5391//5391
f 5389//5389 5391//5391 5332//5332 5337//5337
f 5391//5391 5390//5390 5392//5392 5393//5393
f 5391//5391 5393//5393 5333//5333 5332//5332
f 5393//5393 5392//5392 5394//5394 5395//5395
f 5393//5393 5395//5395 5396//5396 5333//5333
f 5396//5396 5397//5397 5334//5334 5333//5333
f 5396//5396 5395//5395 5398//5398 5399//5399
f 5396//5396 5399//5399 5400//5400 5397//5397
f 5400//5400 5399//5399 5310//5310 5309//5309
f 5400//5400 5309//5309 5355//5355 5354//5354
f 5400//5400 5354//5354 5353//5353 5397//5397
f 5399//5399 5398//5398 5311//5311 5310//5310
f 5398//5398 5395//5395 5394//5394 5401//5401
f 5398//5398 5401//5401 5402//5402 5311//5311
f 5402//5402 5401//5401 5403//5403 5404//5404
f 5402//5402 5404//5404 5405//5405 5406//5406
f 5402//5402 5406//5406 5312//5312 5311//5311
f 5406//5406 5405//5405 5407//5407 5408//5408
f 5406//5406 5408//5408 5409//5409 5312//5312
f 5409//5409 5308//5308 5292//5292 5312//5312
f 5409//5409 5408//5408 5410//5410 5359//5359
f 5409//5409 5359//5359 5357//5357 5308//5308
f 5410//5410 5408//5408 5407//5407 5411//5411
f 5410//5410 5411//5411 5412//5412 5362//5362
f 5410//5410 5362//5362 5360//5360 5359//5359
f 5412//5412 5411//5411 5413//5413 5300//5300
f 5412//5412 5300//5300 5299//5299 5370//5370
f 5412//5412 5370//5370 5363//5363 5362//5362
f 5413//5413 5411//5411 5407//5407 5414//5414
f 5413//5413 5414//5414 5415//5415 5301//5301
f 5413//5413 5301//5301 5290//5290 5300//5300
f 5415//5415 5414//5414 5416//5416 5417//5417
f 5415//5415 5417//5417 5418//5418 5373//5373
f 5415//5415 5373//5373 5302//5302 5301//5301
f 5418//5418 5417//5417 5419//5419 5420//5420
f 5418//5418 5420//5420 5421//5421 5376//5376
f 5418//5418 5376//5376 5374//5374 5373//5373
f 5421//5421 5420//5420 5422//5422 5423//5423
f 5421//5421 5423//5423 5326//5326 5380//5380
f 5421//5421 5380//5380 5377//5377 5376//5376
f 5423//5423 5422//5422 5424//5424 5425//5425
f 5423//5423 5425//5425 5323//5323 5326//5326
f 5425//5425 5424//5424 5426//5426 5427//5427
f 5425//5425 5427//5427 5324//5324 5323//5323
f 5427//5427 5388//5388 5384//5384 5324//5324
f 5427//5427 5426//5426 5390//5390 5388//5388
f 5426//5426 5424//5424 5305//5305 5304//5304
f 5426//5426 5304//5304 5392//5392 5390//5390
f 5424//5424 5422//5422 5306//5306 5305//5305
f 5422//5422 5420//5420 5419//5419 5306//5306
f 5419//5419 5428//5428 5307//5307 5306//5306
f 5419//5419 5417//5417 5416//5416 5428//5428
f 5428//5428 5404//5404 5403//5403 5307//5307
f 5428//5428 5416//5416 5405//5405 5404//5404
f 5416//5416 5414//5414 5407//5407 5405//5405
f 5403//5403 5401//5401 5394//5394 5303//5303
f 5403//5403 5303//5303 5291//5291 5307//5307
f 5397//5397 5353//5353 5335//5335 5334//5334
f 5394//5394 5392//5392 5304//5304 5303//5303
f 5387//5387 5429//5429 5430//5430 5341//5341
f 5387//5387 5341//5341 5340//5340 5383//5383
f 5387//5387 5386//5386 5431//5431 5429//5429
f 5431//5431 5350//5350 5349//5349 5429//5429
f 5431//5431 5386//5386 5337//5337 5336//5336
f 5431//5431 5336//5336 5335//5335 5350//5350
f 5430//5430 5342//5342 5330//5330 5294//5294
f 5430//5430 5294//5294 5328//5328 5341//5341
f 5430//5430 5429//5429 5349//5349 5342//5342
f 5370//5370 5367//5367 5364//5364 5363//5363
f 5357//5357 5355//5355 5309//5309 5308//5308
f 5353//5353 5351//5351 5350//5350 5335//5335
f 5432//5432 5440//5440 5441//5441 5442//5442
f 5432//5432 5442//5442 5443//5443 5444//5444
f 5432//5432 5444//5444 5445//5445 5440//5440
f 5433//5433 5446//5446 5447//5447 5448//5448
f 5433//5433 5449//5449 5450//5450 5446//5446
f 5433//5433 5448//5448 5451//5451 5449//5449
f 5434//5434 5452//5452 5453//5453 5447//5447
f 5434//5434 5454//5454 5455//5455 5452//5452
f 5434//5434 5447//5447 5446//5446 5454//5454
f 5435//5435 5456//5456 5457//5457 5458//5458
f 5435//5435 5458//5458 5459//5459 5460//5460
f 5436//5436 5459//5459 5458//5458 5461//5461
f 5436//5436 5462//5462 5463//5463 5459//5459
f 5436//5436 5461//5461 5464//5464 5462//5462
f 5437//5437 5462//5462 5464//5464 5465//5465
f 5437//5437 5466//5466 5463//5463 5462//5462
f 5437//5437 5465//5465 5467//5467 5466//5466
f 5438//5438 5468//5468 5469//5469 5470//5470
f 5438//5438 5443//5443 5442//5442 5468//5468
f 5438//5438 5470//5470 5471//5471 5443//5443
f 5439//5439 5472//5472 5471//5471 5473//5473
f 5439//5439 5474//5474 5475//5475 5472//5472
f 5439//5439 5473//5473 5476//5476 5474//5474
f 5476//5476 5477//5477 5453//5453 5474//5474
f 5476//5476 5473//5473 5478//5478 5479//5479
f 5476//5476 5479//5479 5480//5480 5477//5477
f 5480//5480 5451//5451 5448//5448 5477//5477
f 5480//5480 5479//5479 5481//5481 5482//5482
f 5480//5480 5482//5482 5457//5457 5451//5451
f 5482//5482 5481//5481 5464//5464 5461//5461
f 5482//5482 5461//5461 5458//5458 5457//5457
f 5481//5481 5479//5479 5478//5478 5483//5483
f 5481//5481 5483//5483 5465//5465 5464//5464
f 5483//5483 5478//5478 5470//5470 5469//5469
f 5483//5483 5469//5469 5467//5467 5465//5465
f 5478//5478 5473//5473 5471//5471 5470//5470
f 5477//5477 5448//5448 5447//5447 5453//5453
f 5475//5475 5474//5474 5453//5453 5452//5452
f 5475//5475 5452//5452 5455//5455 5445//5445
f 5475//5475 5445//5445 5444//5444 5472//5472
f 5472//5472 5444//5444 5443//5443 5471//5471
f 5469//5469 5468//5468 5484//5484 5467//5467
f 5484//5484 5468//5468 5442//5442 5441//5441
f 5484//5484 5441//5441 5485//5485 5486//5486
f 5484//5484 5486//5486 5466//5466 5467//5467
f 5486//5486 5485//5485 5487//5487 5488//5488
f 5486//5486 5488//5488 5463//5463 5466//5466
f 5488//5488 5487//5487 5489//5489 5460//5460
f 5488//5488 5460//5460 5459//5459 5463//5463
f 5489//5489 5487//5487 5490//5490 5450//5450
f 5489//5489 5450//5450 5449//5449 5456//5456
f 5489//5489 5456//5456 5435//5435 5460//5460
f 5490//5490 5491//5491 5455//5455 5454//5454
f 5490//5490 5454//5454 5446//5446 5450//5450
f 5490//5490 5487//5487 5485//5485 5491//5491
f 5491//5491 5440//5440 5445//5445 5455//5455
f 5491//5491 5485//5485 5441//5441 5440//5440
f 5457//5457 5456//5456 5449//5449 5451//5451
f 5492//5492 5501//5501 5502//5502 5503//5503
f 5492//5492 5503//5503 5504//5504 5505//5505
f 5492//5492 5505//5505 5506//5506 5501//5501
f 5493//5493 5507//5507 5508//5508 5509//5509
f 5493//5493 5509//5509 5510//5510 5511//5511
f 5494//5494 5512//5512 5513//5513 5514//5514
f 5494//5494 5515//5515 5516//5516 5512//5512
f 5494//5494 5514//5514 5517//5517 5515//5515
f 5495//5495 5510//5510 5509//5509 5518//5518
f 5495//5495 5518//5518 5519//5519 5520//5520
f 5495//5495 5520//5520 5521//5521 5510//5510
f 5496//5496 5522//5522 5523//5523 5524//5524
f 5496//5496 5525//5525 5526//5526 5522//5522
f 5496//5496 5524//5524 5527//5527 5525//5525
f 5497//5497 5527//5527 5524//5524 5528//5528
f 5497//5497 5529//5529 5530//5530 5527//5527
f 5497//5497 5528//5528 5531//5531 5529//5529
f 5498//5498 5531//5531 5532//5532 5533//5533
f 5498//5498 5534//5534 5529//5529 5531//5531
f 5498//5498 5533//5533 5504//5504 5534//5534
f 5499//5499 5535//5535 5536//5536 5537//5537
f 5499//5499 5537//5537 5538//5538 5539//5539
f 5499//5499 5539//5539 5540//5540 5535//5535
f 5541//5541 5542//5542 5500//5500 5523//5523
f 5500//5500 5542//5542 5543//5543 5538//5538
f 5500//5500 5538//5538 5537//5537 5532//5532
f 5543//5543 5513//5513 5520//5520 5519//5519
f 5543//5543 5519//5519 5539//5539 5538//5538
f 5543//5543 5542//5542 5514//5514 5513//5513
f 5500//5500 5528//5528 5524//5524 5523//5523
f 5500//5500 5532//5532 5531//5531 5528//5528
f 5542//5542 5541//5541 5517//5517 5514//5514
f 5541//5541 5523//5523 5522//5522 5517//5517
f 5540//5540 5539//5539 5519//5519 5518//5518
f 5540//5540 5518//5518 5509//5509 5508//5508
f 5540//5540 5508//5508 5506//5506 5535//5535
f 5537//5537 5536//5536 5533//5533 5532//5532
f 5536//5536 5535//5535 5506//5506 5505//5505
f 5536//5536 5505//5505 5504//5504 5533//5533
f 5534//5534 5504//5504 5503//5503 5544//5544
f 5534//5534 5544//5544 5530//5530 5529//5529
f 5544//5544 5503//5503 5502//5502 5545//5545
f 5544//5544 5545//5545 5546//5546 5530//5530
f 5546//5546 5545//5545 5547//5547 5548//5548
f 5546//5546 5548//5548 5526//5526 5525//5525
f 5546//5546 5525//5525 5527//5527 5530//5530
f 5548//5548 5547//5547 5549//5549 5516//5516
f 5548//5548 5516//5516 5515//5515 5526//5526
f 5549//5549 5547//5547 5550//5550 5511//5511
f 5549//5549 5511//5511 5510//5510 5521//5521
f 5549//5549 5521//5521 5512//5512 5516//5516
f 5550//5550 5502//5502 5501//5501 5507//5507
f 5550//5550 5507//5507 5493//5493 5511//5511
f 5550//5550 5547//5547 5545//5545 5502//5502
f 5526//5526 5515//5515 5517//5517 5522//5522
f 5521//5521 5520//5520 5513//5513 5512//5512
f 5508//5508 5507//5507 5501//5501 5506//5506
f 5557//5557 5558//5558 5559//5559 5560//5560
f 5561//5561 5562//5562 5563//5563 5564//5564
f 5551//5551 5565//5565 5566//5566 5567//5567
f 5551//5551 5567//5567 5568//5568 5569//5569
f 5551//5551 5569//5569 5570//5570 5565//5565
f 5552//5552 5571//5571 5572//5572 5573//5573
f 5552//5552 5573//5573 5574//5574 5575//5575
f 5553//5553 5576//5576 5577//5577 5578//5578
f 5553//5553 5578//5578 5579//5579 5580//5580
f 5554//5554 5581//5581 5582//5582 5583//5583
f 5554//5554 5584//5584 5585//5585 5581//5581
f 5554//5554 5583//5583 5586//5586 5584//5584
f 5555//5555 5587//5587 5588//5588 5589//5589
f 5555//5555 5589//5589 5590//5590 5591//5591
f 5555//5555 5591//5591 5592//5592 5587//5587
f 5556//5556 5593//5593 5594//5594 5595//5595
f 5556//5556 5595//5595 5596//5596 5597//5597
f 5597//5597 5596//5596 5577//5577 5598//5598
f 5597//5597 5598//5598 5599//5599 5600//5600
f 5597//5597 5600//5600 5593//5593 5556//5556
f 5600//5600 5599//5599 5601//5601 5602//5602
f 5600//5600 5602//5602 5603//5603 5593//5593
f 5603//5603 5602//5602 5567//5567 5566//5566
f 5603//5603 5566//5566 5604//5604 5605//5605
f 5603//5603 5605//5605 5594//5594 5593//5593
f 5605//5605 5604//5604 5592//5592 5606//5606
f 5605//5605 5606//5606 5607//5607 5594//5594
f 5607//5607 5606//5606 5608//5608 5609//5609
f 5607//5607 5609//5609 5610//5610 5611//5611
f 5607//5607 5611//5611 5595//5595 5594//5594
f 5611//5611 5610//5610 5612//5612 5613//5613
f 5611//5611 5613//5613 5596//5596 5595//5595
f 5613//5613 5612//5612 5579//5579 5578//5578
f 5613//5613 5578//5578 5577//5577 5596//5596
f 5612//5612 5610//5610 5614//5614 5615//5615
f 5612//5612 5615//5615 5616//5616 5579//5579
f 5616//5616 5615//5615 5617//5617 5618//5618
f 5616//5616 5618//5618 5619//5619 5620//5620
f 5616//5616 5620//5620 5580//5580 5579//5579
f 5620//5620 5619//5619 5621//5621 5622//5622
f 5620//5620 5622//5622 5623//5623 5580//5580
f 5623//5623 5622//5622 5624//5624 5625//5625
f 5623//5623 5625//5625 5626//5626 5576//5576
f 5623//5623 5576//5576 5553//5553 5580//5580
f 5626//5626 5625//5625 5627//5627 5628//5628
f 5626//5626 5628//5628 5599//5599 5598//5598
f 5626//5626 5598//5598 5577//5577 5576//5576
f 5628//5628 5627//5627 5629//5629 5630//5630
f 5628//5628 5630//5630 5601//5601 5599//5599
f 5630//5630 5629//5629 5631//5631 5632//5632
f 5630//5630 5632//5632 5568//5568 5601//5601
f 5632//5632 5631//5631 5633//5633 5634//5634
f 5632//5632 5634//5634 5569//5569 5568//5568
f 5634//5634 5633//5633 5560//5560 5635//5635
f 5634//5634 5635//5635 5570//5570 5569//5569
f 5635//5635 5560//5560 5559//5559 5636//5636
f 5635//5635 5636//5636 5637//5637 5570//5570
f 5637//5637 5636//5636 5638//5638 5588//5588
f 5637//5637 5588//5588 5587//5587 5639//5639
f 5637//5637 5639//5639 5565//5565 5570//5570
f 5639//5639 5587//5587 5592//5592 5604//5604
f 5639//5639 5604//5604 5566//5566 5565//5565
f 5638//5638 5636//5636 5559//5559 5640//5640
f 5638//5638 5640//5640 5641//5641 5642//5642
f 5638//5638 5642//5642 5589//5589 5588//5588
f 5642//5642 5641//5641 5586//5586 5643//5643
f 5642//5642 5643//5643 5590//5590 5589//5589
f 5643//5643 5586//5586 5583//5583 5644//5644
f 5643//5643 5644//5644 5645//5645 5590//5590
f 5645//5645 5644//5644 5646//5646 5647//5647
f 5645//5645 5647//5647 5609//5609 5608//5608
f 5645//5645 5608//5608 5591//5591 5590//5590
f 5647//5647 5646//5646 5648//5648 5614//5614
f 5647//5647 5614//5614 5610//5610 5609//5609
f 5648//5648 5646//5646 5582//5582 5649//5649
f 5648//5648 5649//5649 5572//5572 5617//5617
f 5648//5648 5617//5617 5615//5615 5614//5614
f 5649//5649 5582//5582 5581//5581 5650//5650
f 5649//5649 5650//5650 5573//5573 5572//5572
f 5650//5650 5581//5581 5585//5585 5651//5651
f 5650//5650 5651//5651 5574//5574 5573//5573
f 5651//5651 5585//5585 5652//5652 5653//5653
f 5651//5651 5653//5653 5654//5654 5574//5574
f 5654//5654 5563//5563 5575//5575 5574//5574
f 5654//5654 5653//5653 5655//5655 5656//5656
f 5654//5654 5656//5656 5564//5564 5563//5563
f 5656//5656 5655//5655 5657//5657 5658//5658
f 5656//5656 5658//5658 5659//5659 5564//5564
f 5659//5659 5660//5660 5561//5561 5564//5564
f 5659//5659 5658//5658 5661//5661 5662//5662
f 5659//5659 5662//5662 5624//5624 5660//5660
f 5662//5662 5661//5661 5629//5629 5627//5627
f 5662//5662 5627//5627 5625//5625 5624//5624
f 5661//5661 5658//5658 5657//5657 5663//5663
f 5661//5661 5663//5663 5631//5631 5629//5629
f 5663//5663 5657//5657 5664//5664 5665//5665
f 5663//5663 5665//5665 5633//5633 5631//5631
f 5665//5665 5664//5664 5558//5558 5557//5557
f 5665//5665 5557//5557 5560//5560 5633//5633
f 5664//5664 5657//5657 5655//5655 5666//5666
f 5664//5664 5666//5666 5667//5667 5558//5558
f 5667//5667 5666//5666 5652//5652 5668//5668
f 5667//5667 5668//5668 5641//5641 5640//5640
f 5667//5667 5640//5640 5559//5559 5558//5558
f 5668//5668 5652//5652 5585//5585 5584//5584
f 5668//5668 5584//5584 5586//5586 5641//5641
f 5666//5666 5655//5655 5653//5653 5652//5652
f 5660//5660 5621//5621 5562//5562 5561//5561
f 5660//5660 5624//5624 5622//5622 5621//5621
f 5646//5646 5644//5644 5583//5583 5582//5582
f 5621//5621 5619//5619 5669//5669 5562//5562
f 5669//5669 5571//5571 5552//5552 5575//5575
f 5669//5669 5575//5575 5563//5563 5562//5562
f 5669//5669 5619//5619 5618//5618 5571//5571
f 5618//5618 5617//5617 5572//5572 5571//5571
f 5608//5608 5606//5606 5592//5592 5591//5591
f 5602//5602 5601//5601 5568//5568 5567//5567
f 5670//5670 5676//5676 5677//5677 5678//5678
f 5670//5670 5678//5678 5679//5679 5680//5680
f 5671//5671 5681//5681 5682//5682 5683//5683
f 5671//5671 5683//5683 5684//5684 5685//5685
f 5686//5686 5687//5687 5688//5688 5689//5689
f 5672//5672 5690//5690 5691//5691 5692//5692
f 5672//5672 5692//5692 5693//5693 5694//5694
f 5695//5695 5696//5696 5697//5697 5698//5698
f 5673//5673 5699//5699 5700//5700 5701//5701
f 5673//5673 5702//5702 5703//5703 5699//5699
f 5673//5673 5701//5701 5704//5704 5702//5702
f 5674//5674 5705//5705 5706//5706 5707//5707
f 5674//5674 5707//5707 5708//5708 5709//5709
f 5675//5675 5710//5710 5711//5711 5712//5712
f 5675//5675 5712//5712 5713//5713 5714//5714
f 5675//5675 5714//5714 5715//5715 5710//5710
f 5715//5715 5716//5716 5717//5717 5710//5710
f 5715//5715 5714//5714 5718//5718 5719//5719
f 5715//5715 5719//5719 5720//5720 5716//5716
f 5720//5720 5721//5721 5722//5722 5716//5716
f 5720//5720 5719//5719 5697//5697 5696//5696
f 5720//5720 5696//5696 5723//5723 5721//5721
f 5723//5723 5724//5724 5725//5725 5721//5721
f 5723//5723 5696//5696 5695//5695 5726//5726
f 5723//5723 5726//5726 5727//5727 5724//5724
f 5727//5727 5728//5728 5679//5679 5678//5678
f 5727//5727 5678//5678 5677//5677 5724//5724
f 5727//5727 5726//5726 5729//5729 5728//5728
f 5729//5729 5730//5730 5731//5731 5728//5728
f 5729//5729 5726//5726 5695//5695 5698//5698
f 5729//5729 5698//5698 5732//5732 5730//5730
f 5732//5732 5733//5733 5734//5734 5730//5730
f 5732//5732 5698//5698 5697//5697 5735//5735
f 5732//5732 5735//5735 5736//5736 5733//5733
f 5736//5736 5737//5737 5738//5738 5733//5733
f 5736//5736 5735//5735 5718//5718 5739//5739
f 5736//5736 5739//5739 5740//5740 5737//5737
f 5740//5740 5706//5706 5705//5705 5737//5737
f 5740//5740 5739//5739 5713//5713 5741//5741
f 5740//5740 5741//5741 5742//5742 5706//5706
f 5742//5742 5743//5743 5744//5744 5745//5745
f 5742//5742 5745//5745 5707//5707 5706//5706
f 5742//5742 5741//5741 5746//5746 5743//5743
f 5746//5746 5747//5747 5748//5748 5743//5743
f 5746//5746 5741//5741 5713//5713 5712//5712
f 5746//5746 5712//5712 5711//5711 5747//5747
f 5748//5748 5749//5749 5750//5750 5751//5751
f 5748//5748 5751//5751 5744//5744 5743//5743
f 5748//5748 5747//5747 5752//5752 5749//5749
f 5752//5752 5753//5753 5754//5754 5749//5749
f 5752//5752 5747//5747 5711//5711 5755//5755
f 5752//5752 5755//5755 5756//5756 5753//5753
f 5756//5756 5704//5704 5701//5701 5753//5753
f 5756//5756 5755//5755 5717//5717 5757//5757
f 5756//5756 5757//5757 5758//5758 5704//5704
f 5758//5758 5759//5759 5702//5702 5704//5704
f 5758//5758 5757//5757 5722//5722 5760//5760
f 5758//5758 5760//5760 5761//5761 5759//5759
f 5761//5761 5683//5683 5682//5682 5759//5759
f 5761//5761 5760//5760 5725//5725 5762//5762
f 5761//5761 5762//5762 5684//5684 5683//5683
f 5762//5762 5725//5725 5724//5724 5677//5677
f 5762//5762 5677//5677 5676//5676 5684//5684
f 5760//5760 5722//5722 5721//5721 5725//5725
f 5759//5759 5682//5682 5703//5703 5702//5702
f 5757//5757 5717//5717 5716//5716 5722//5722
f 5755//5755 5711//5711 5710//5710 5717//5717
f 5754//5754 5753//5753 5701//5701 5700//5700
f 5754//5754 5700//5700 5763//5763 5764//5764
f 5754//5754 5764//5764 5750//5750 5749//5749
f 5764//5764 5763//5763 5765//5765 5766//5766
f 5764//5764 5766//5766 5693//5693 5750//5750
f 5766//5766 5765//5765 5767//5767 5768//5768
f 5766//5766 5768//5768 5694//5694 5693//5693
f 5768//5768 5767//5767 5769//5769 5770//5770
f 5768//5768 5770//5770 5771//5771 5694//5694
f 5771//5771 5690//5690 5672//5672 5694//5694
f 5771//5771 5770//5770 5772//5772 5689//5689
f 5771//5771 5689//5689 5688//5688 5690//5690
f 5772//5772 5770//5770 5769//5769 5773//5773
f 5772//5772 5773//5773 5774//5774 5775//5775
f 5772//5772 5775//5775 5686//5686 5689//5689
f 5775//5775 5774//5774 5776//5776 5777//5777
f 5775//5775 5777//5777 5687//5687 5686//5686
f 5777//5777 5776//5776 5778//5778 5709//5709
f 5777//5777 5709//5709 5708//5708 5687//5687
f 5778//5778 5776//5776 5779//5779 5738//5738
f 5778//5778 5738//5738 5737//5737 5705//5705
f 5778//5778 5705//5705 5674//5674 5709//5709
f 5779//5779 5776//5776 5774//5774 5780//5780
f 5779//5779 5780//5780 5781//5781 5734//5734
f 5779//5779 5734//5734 5733//5733 5738//5738
f 5781//5781 5780//5780 5782//5782 5783//5783
f 5781//5781 5783//5783 5784//5784 5731//5731
f 5781//5781 5731//5731 5730//5730 5734//5734
f 5784//5784 5783//5783 5785//5785 5786//5786
f 5784//5784 5786//5786 5680//5680 5679//5679
f 5784//5784 5679//5679 5728//5728 5731//5731
f 5786//5786 5785//5785 5787//5787 5788//5788
f 5786//5786 5788//5788 5789//5789 5680//5680
f 5789//5789 5788//5788 5790//5790 5685//5685
f 5789//5789 5685//5685 5684//5684 5676//5676
f 5789//5789 5676//5676 5670//5670 5680//5680
f 5790//5790 5791//5791 5792//5792 5681//5681
f 5790//5790 5681//5681 5671//5671 5685//5685
f 5790//5790 5788//5788 5787//5787 5791//5791
f 5792//5792 5793//5793 5699//5699 5703//5703
f 5792//5792 5703//5703 5682//5682 5681//5681
f 5792//5792 5791//5791 5794//5794 5793//5793
f 5794//5794 5765//5765 5763//5763 5793//5793
f 5794//5794 5791//5791 5787//5787 5795//5795
f 5794//5794 5795//5795 5767//5767 5765//5765
f 5795//5795 5787//5787 5785//5785 5796//5796
f 5795//5795 5796//5796 5769//5769 5767//5767
f 5796//5796 5785//5785 5783//5783 5782//5782
f 5796//5796 5782//5782 5773//5773 5769//5769
f 5793//5793 5763//5763 5700//5700 5699//5699
f 5782//5782 5780//5780 5774//5774 5773//5773
f 5751//5751 5750//5750 5693//5693 5692//5692
f 5751//5751 5692//5692 5691//5691 5744//5744
f 5745//5745 5744//5744 5691//5691 5797//5797
f 5745//5745 5797//5797 5708//5708 5707//5707
f 5797//5797 5691//5691 5690//5690 5688//5688
f 5797//5797 5688//5688 5687//5687 5708//5708
f 5739//5739 5718//5718 5714//5714 5713//5713
f 5735//5735 5697//5697 5719//5719 5718//5718
f 5798//5798 5803//5803 5804//5804 5805//5805
f 5798//5798 5805//5805 5806//5806 5807//5807
f 5808//5808 5809//5809 5810//5810 5811//5811
f 5812//5812 5813//5813 5814//5814 5815//5815
f 5816//5816 5817//5817 5818//5818 5819//5819
f 5799//5799 5820//5820 5821//5821 5822//5822
f 5799//5799 5822//5822 5823//5823 5824//5824
f 5800//5800 5825//5825 5826//5826 5827//5827
f 5800//5800 5828//5828 5829//5829 5825//5825
f 5800//5800 5827//5827 5830//5830 5828//5828
f 5801//5801 5831//5831 5832//5832 5833//5833
f 5801//5801 5833//5833 5834//5834 5835//5835
f 5802//5802 5836//5836 5837//5837 5838//5838
f 5802//5802 5839//5839 5840//5840 5836//5836
f 5802//5802 5838//5838 5841//5841 5839//5839
f 5841//5841 5842//5842 5843//5843 5839//5839
f 5841//5841 5838//5838 5844//5844 5845//5845
f 5841//5841 5845//5845 5846//5846 5842//5842
f 5846//5846 5845//5845 5847//5847 5848//5848
f 5846//5846 5848//5848 5849//5849 5850//5850
f 5846//5846 5850//5850 5851//5851 5842//5842
f 5851//5851 5852//5852 5853//5853 5854//5854
f 5851//5851 5854//5854 5843//5843 5842//5842
f 5851//5851 5850//5850 5832//5832 5852//5852
f 5854//5854 5853//5853 5819//5819 5818//5818
f 5854//5854 5818//5818 5855//5855 5843//5843
f 5855//5855 5840//5840 5839//5839 5843//5843
f 5855//5855 5818//5818 5817//5817 5856//5856
f 5855//5855 5856//5856 5857//5857 5840//5840
f 5857//5857 5858//5858 5836//5836 5840//5840
f 5857//5857 5856//5856 5859//5859 5860//5860
f 5857//5857 5860//5860 5861//5861 5858//5858
f 5861//5861 5823//5823 5862//5862 5858//5858
f 5861//5861 5860//5860 5863//5863 5864//5864
f 5861//5861 5864//5864 5824//5824 5823//5823
f 5864//5864 5863//5863 5865//5865 5866//5866
f 5864//5864 5866//5866 5867//5867 5824//5824
f 5867//5867 5820//5820 5799//5799 5824//5824
f 5867//5867 5866//5866 5868//5868 5869//5869
f 5867//5867 5869//5869 5815//5815 5820//5820
f 5869//5869 5868//5868 5870//5870 5871//5871
f 5869//5869 5871//5871 5812//5812 5815//5815
f 5871//5871 5870//5870 5806//5806 5872//5872
f 5871//5871 5872//5872 5813//5813 5812//5812
f 5872//5872 5806//5806 5805//5805 5873//5873
f 5872//5872 5873//5873 5874//5874 5813//5813
f 5874//5874 5873//5873 5875//5875 5876//5876
f 5874//5874 5876//5876 5877//5877 5878//5878
f 5874//5874 5878//5878 5814//5814 5813//5813
f 5878//5878 5877//5877 5879//5879 5880//5880
f 5878//5878 5880//5880 5821//5821 5814//5814
f 5880//5880 5879//5879 5881//5881 5882//5882
f 5880//5880 5882//5882 5822//5822 5821//5821
f 5882//5882 5881//5881 5837//5837 5862//5862
f 5882//5882 5862//5862 5823//5823 5822//5822
f 5881//5881 5879//5879 5883//5883 5844//5844
f 5881//5881 5844//5844 5838//5838 5837//5837
f 5883//5883 5879//5879 5877//5877 5884//5884
f 5883//5883 5884//5884 5885//5885 5847//5847
f 5883//5883 5847//5847 5845//5845 5844//5844
f 5885//5885 5884//5884 5886//5886 5830//5830
f 5885//5885 5830//5830 5827//5827 5887//5887
f 5885//5885 5887//5887 5848//5848 5847//5847
f 5887//5887 5827//5827 5826//5826 5888//5888
f 5887//5887 5888//5888 5849//5849 5848//5848
f 5888//5888 5826//5826 5889//5889 5834//5834
f 5888//5888 5834//5834 5833//5833 5849//5849
f 5889//5889 5890//5890 5891//5891 5892//5892
f 5889//5889 5892//5892 5835//5835 5834//5834
f 5889//5889 5826//5826 5825//5825 5890//5890
f 5892//5892 5891//5891 5893//5893 5894//5894
f 5892//5892 5894//5894 5895//5895 5835//5835
f 5895//5895 5894//5894 5811//5811 5810//5810
f 5895//5895 5810//5810 5896//5896 5831//5831
f 5895//5895 5831//5831 5801//5801 5835//5835
f 5896//5896 5810//5810 5809//5809 5897//5897
f 5896//5896 5897//5897 5853//5853 5852//5852
f 5896//5896 5852//5852 5832//5832 5831//5831
f 5897//5897 5898//5898 5819//5819 5853//5853
f 5897//5897 5809//5809 5899//5899 5898//5898
f 5899//5899 5900//5900 5901//5901 5898//5898
f 5899//5899 5809//5809 5808//5808 5902//5902
f 5899//5899 5902//5902 5903//5903 5900//5900
f 5903//5903 5904//5904 5905//5905 5900//5900
f 5903//5903 5902//5902 5906//5906 5907//5907
f 5903//5903 5907//5907 5908//5908 5904//5904
f 5908//5908 5909//5909 5910//5910 5904//5904
f 5908//5908 5907//5907 5911//5911 5912//5912
f 5908//5908 5912//5912 5913//5913 5909//5909
f 5913//5913 5914//5914 5915//5915 5909//5909
f 5913//5913 5912//5912 5916//5916 5917//5917
f 5913//5913 5917//5917 5807//5807 5914//5914
f 5917//5917 5916//5916 5918//5918 5803//5803
f 5917//5917 5803//5803 5798//5798 5807//5807
f 5918//5918 5916//5916 5919//5919 5920//5920
f 5918//5918 5920//5920 5829//5829 5921//5921
f 5918//5918 5921//5921 5804//5804 5803//5803
f 5921//5921 5829//5829 5828//5828 5922//5922
f 5921//5921 5922//5922 5875//5875 5804//5804
f 5922//5922 5828//5828 5830//5830 5886//5886
f 5922//5922 5886//5886 5876//5876 5875//5875
f 5920//5920 5919//5919 5891//5891 5890//5890
f 5920//5920 5890//5890 5825//5825 5829//5829
f 5919//5919 5916//5916 5912//5912 5911//5911
f 5919//5919 5911//5911 5893//5893 5891//5891
f 5915//5915 5868//5868 5866//5866 5865//5865
f 5915//5915 5865//5865 5910//5910 5909//5909
f 5915//5915 5914//5914 5870//5870 5868//5868
f 5914//5914 5807//5807 5806//5806 5870//5870
f 5911//5911 5907//5907 5906//5906 5893//5893
f 5910//5910 5865//5865 5863//5863 5923//5923
f 5910//5910 5923//5923 5905//5905 5904//5904
f 5923//5923 5863//5863 5860//5860 5859//5859
f 5923//5923 5859//5859 5924//5924 5905//5905
f 5924//5924 5859//5859 5856//5856 5817//5817
f 5924//5924 5817//5817 5816//5816 5901//5901
f 5924//5924 5901//5901 5900//5900 5905//5905
f 5906//5906 5902//5902 5808//5808 5811//5811
f 5906//5906 5811//5811 5894//5894 5893//5893
f 5901//5901 5816//5816 5819//5819 5898//5898
f 5886//5886 5884//5884 5877//5877 5876//5876
f 5875//5875 5873//5873 5805//5805 5804//5804
f 5862//5862 5837//5837 5836//5836 5858//5858
f 5850//5850 5849//5849 5833//5833 5832//5832
f 5821//5821 5820//5820 5815//5815 5814//5814
f 5925//5925 5931//5931 5932//5932 5933//5933
f 5925//5925 5933//5933 5934//5934 5935//5935
f 5925//5925 5935//5935 5936//5936 5931//5931
f 5926//5926 5937//5937 5938//5938 5939//5939
f 5926//5926 5940//5940 5941//5941 5937//5937
f 5926//5926 5939//5939 5942//5942 5940//5940
f 5927//5927 5943//5943 5944//5944 5945//5945
f 5927//5927 5945//5945 5946//5946 5947//5947
f 5948//5948 5949//5949 5950//5950 5951//5951
f 5928//5928 5952//5952 5953//5953 5954//5954
f 5928//5928 5955//5955 5956//5956 5952//5952
f 5928//5928 5954//5954 5957//5957 5955//5955
f 5958//5958 5959//5959 5960//5960 5961//5961
f 5929//5929 5962//5962 5963//5963 5964//5964
f 5929//5929 5964//5964 5965//5965 5966//5966
f 5929//5929 5966//5966 5967//5967 5962//5962
f 5930//5930 5968//5968 5969//5969 5970//5970
f 5930//5930 5971//5971 5972//5972 5968//5968
f 5930//5930 5970//5970 5973//5973 5971//5971
f 5973//5973 5970//5970 5974//5974 5975//5975
f 5973//5973 5975//5975 5976//5976 5977//5977
f 5973//5973 5977//5977 5978//5978 5971//5971
f 5978//5978 5977//5977 5945//5945 5944//5944
f 5978//5978 5944//5944 5979//5979 5980//5980
f 5978//5978 5980//5980 5972//5972 5971//5971
f 5980//5980 5979//5979 5951//5951 5950//5950
f 5980//5980 5950//5950 5981//5981 5972//5972
f 5981//5981 5950//5950 5949//5949 5982//5982
f 5981//5981 5982//5982 5967//5967 5983//5983
f 5981//5981 5983//5983 5968//5968 5972//5972
f 5983//5983 5967//5967 5966//5966 5984//5984
f 5983//5983 5984//5984 5969//5969 5968//5968
f 5984//5984 5966//5966 5965//5965 5985//5985
f 5984//5984 5985//5985 5986//5986 5969//5969
f 5986//5986 5985//5985 5987//5987 5988//5988
f 5986//5986 5988//5988 5989//5989 5974//5974
f 5986//5986 5974//5974 5970//5970 5969//5969
f 5989//5989 5988//5988 5990//5990 5991//5991
f 5989//5989 5991//5991 5992//5992 5993//5993
f 5989//5989 5993//5993 5975//5975 5974//5974
f 5993//5993 5992//5992 5994//5994 5995//5995
f 5993//5993 5995//5995 5976//5976 5975//5975
f 5995//5995 5994//5994 5996//5996 5997//5997
f 5995//5995 5997//5997 5946//5946 5976//5976
f 5997//5997 5996//5996 5998//5998 5999//5999
f 5997//5997 5999//5999 5947//5947 5946//5946
f 5999//5999 5998//5998 6000//6000 6001//6001
f 5999//5999 6001//6001 6002//6002 5947//5947
f 6002//6002 6001//6001 6003//6003 6004//6004
f 6002//6002 6004//6004 6005//6005 5943//5943
f 6002//6002 5943//5943 5927//5927 5947//5947
f 6005//6005 6004//6004 6006//6006 6007//6007
f 6005//6005 6007//6007 5951//5951 5979//5979
f 6005//6005 5979//5979 5944//5944 5943//5943
f 6007//6007 6006//6006 6008//6008 6009//6009
f 6007//6007 6009//6009 5948//5948 5951//5951
f 6009//6009 6008//6008 6010//6010 6011//6011
f 6009//6009 6011//6011 5949//5949 5948//5948
f 6011//6011 6010//6010 6012//6012 6013//6013
f 6011//6011 6013//6013 5982//5982 5949//5949
f 6013//6013 6012//6012 5963//5963 5962//5962
f 6013//6013 5962//5962 5967//5967 5982//5982
f 6012//6012 6010//6010 6014//6014 6015//6015
f 6012//6012 6015//6015 6016//6016 5963//5963
f 6016//6016 6015//6015 5939//5939 5938//5938
f 6016//6016 5938//5938 6017//6017 6018//6018
f 6016//6016 6018//6018 5964//5964 5963//5963
f 6018//6018 6017//6017 6019//6019 6020//6020
f 6018//6018 6020//6020 5965//5965 5964//5964
f 6020//6020 6019//6019 6021//6021 5987//5987
f 6020//6020 5987//5987 5985//5985 5965//5965
f 6021//6021 6019//6019 6022//6022 6023//6023
f 6021//6021 6023//6023 6024//6024 5990//5990
f 6021//6021 5990//5990 5988//5988 5987//5987
f 6024//6024 6023//6023 5954//5954 5953//5953
f 6024//6024 5953//5953 5960//5960 6025//6025
f 6024//6024 6025//6025 5991//5991 5990//5990
f 6025//6025 5960//5960 5959//5959 6026//6026
f 6025//6025 6026//6026 5992//5992 5991//5991
f 6026//6026 5959//5959 6027//6027 6028//6028
f 6026//6026 6028//6028 5994//5994 5992//5992
f 6028//6028 6027//6027 5935//5935 5934//5934
f 6028//6028 5934//5934 5996//5996 5994//5994
f 6027//6027 5959//5959 5958//5958 6029//6029
f 6027//6027 6029//6029 5936//5936 5935//5935
f 6029//6029 5958//5958 5961//5961 6030//6030
f 6029//6029 6030//6030 6031//6031 5936//5936
f 6031//6031 6030//6030 5956//5956 6032//6032
f 6031//6031 6032//6032 6033//6033 6034//6034
f 6031//6031 6034//6034 5931//5931 5936//5936
f 6034//6034 6033//6033 6035//6035 6036//6036
f 6034//6034 6036//6036 5932//5932 5931//5931
f 6036//6036 6035//6035 6037//6037 6038//6038
f 6036//6036 6038//6038 6000//6000 5932//5932
f 6038//6038 6037//6037 6039//6039 6003//6003
f 6038//6038 6003//6003 6001//6001 6000//6000
f 6039//6039 6037//6037 6040//6040 6041//6041
f 6039//6039 6041//6041 6008//6008 6006//6006
f 6039//6039 6006//6006 6004//6004 6003//6003
f 6041//6041 6040//6040 5942//5942 6014//6014
f 6041//6041 6014//6014 6010//6010 6008//6008
f 6040//6040 6037//6037 6035//6035 6042//6042
f 6040//6040 6042//6042 5940//5940 5942//5942
f 6042//6042 6035//6035 6033//6033 6043//6043
f 6042//6042 6043//6043 5941//5941 5940//5940
f 6043//6043 6033//6033 6032//6032 6044//6044
f 6043//6043 6044//6044 6045//6045 5941//5941
f 6045//6045 6044//6044 5955//5955 5957//5957
f 6045//6045 5957//5957 6022//6022 6046//6046
f 6045//6045 6046//6046 5937//5937 5941//5941
f 6046//6046 6022//6022 6019//6019 6017//6017
f 6046//6046 6017//6017 5938//5938 5937//5937
f 6044//6044 6032//6032 5956//5956 5955//5955
f 6030//6030 5961//5961 5952//5952 5956//5956
f 6023//6023 6022//6022 5957//5957 5954//5954
f 6015//6015 6014//6014 5942//5942 5939//5939
f 6000//6000 5998//5998 5933//5933 5932//5932
f 5998//5998 5996//5996 5934//5934 5933//5933
f 5977//5977 5976//5976 5946//5946 5945//5945
f 5961//5961 5960//5960 5953//5953 5952//5952
