# File exported by ZBrush version 2025
# www.zbrush.com
g ZBrushPolyMesh3D
#Vertex Count 6046
#Face Count 6026
#Auto scale x=1.000000 y=1.000000 z=1.000000
#Auto offset x=-0.000000 y=-0.000000 z=-0.000000
v 0.61475825 -0.59283566 0.26354754
v 0.52294296 -0.54884004 0.19869339
v 0.26446884 1.46746242 0.69990646
v 0.44126942 1.46438503 0.69322729
v 0.59424573 -0.47580066 0.33080482
v 0.60787445 -0.5022698 0.3274497
v 0.59614443 -0.50475859 0.29319044
v 0.58372837 -0.47171089 0.31217771
v 0.60699343 -0.58200055 0.25636461
v 0.62091213 -0.59187382 0.28430667
v 0.62538462 -0.60754966 0.27637821
v 0.60821938 -0.6266635 0.26451525
v 0.58994156 -0.59472048 0.23660165
v 0.59550446 -0.58419317 0.23600356
v 0.4902814 -0.67504829 0.20259222
v 0.49368301 -0.66221737 0.19519159
v 0.52823293 -0.65249157 0.18975593
v 0.52512854 -0.69542557 0.20326677
v 0.55421203 -0.55687493 0.21242168
v 0.55172282 -0.56457036 0.20316697
v 0.53358984 -0.57057333 0.1946402
v 0.50844854 -0.54128885 0.2048155
v 0.527996 -0.52437728 0.22159123
v 0.50643491 -0.5687434 0.19412109
v 0.31796079 1.17979085 0.64165794
v 0.35335919 1.16686058 0.64285075
v 0.33995148 1.21198415 0.67967551
v 0.29565799 1.21357512 0.65669822
v 0.26545846 1.42540812 0.71372348
v 0.31564834 1.4250772 0.7390846
v 0.30120143 1.47898161 0.71127808
v 0.23816637 1.48546719 0.65463525
v 0.22314178 1.43575608 0.66398346
v 0.27591168 1.51754546 0.65672701
v 0.39522936 1.47772431 0.71040695
v 0.42106303 1.41936981 0.73235678
v 0.46995571 1.41574311 0.69797128
v 0.49817511 1.4308623 0.64192748
v 0.45107549 1.49018073 0.64659988
v 0.38851511 1.5230683 0.65772724
v 0.52818918 1.17434227 0.57276821
v 0.53553271 1.20606052 0.58589035
v 0.50963902 1.20701348 0.62973159
v 0.5072208 1.16483271 0.59290432
v 0.50944119 1.12077128 0.53504419
v 0.53456425 1.1516093 0.52525568
v 0.47471931 1.20454025 0.66016125
v 0.47596165 1.15755903 0.61377626
v 0.47712522 1.10576808 0.55284917
v 0.47651609 1.08633351 0.49885577
v 0.50623315 1.07688999 0.4592649
v 0.43782299 1.15621662 0.63139224
v 0.43707212 1.10223794 0.56944799
v 0.42533537 1.05472147 0.49202641
v 0.41542816 1.04585862 0.4411911
v 0.46146404 1.04413104 0.41791519
v 0.39307794 1.11160755 0.5855667
v 0.37848907 1.08020079 0.52143245
v 0.36384269 1.05731785 0.45868688
v 0.34749734 1.03154575 0.39181712
v 0.39942222 1.02034592 0.37387549
v 0.32825902 1.10303819 0.534334
v 0.31159257 1.0827595 0.47165659
v 0.29667466 1.07437765 0.41502976
v 0.28056639 1.04475534 0.34671536
v 0.33299338 1.02832841 0.33713263
v 0.26099139 1.12819159 0.48632448
v 0.24807328 1.1114906 0.42213404
v 0.23471047 1.0948627 0.36046227
v 0.22062222 1.07947444 0.30204778
v 0.26626882 1.04712188 0.29569891
v 0.20495538 1.16108131 0.42638129
v 0.1965751 1.12961185 0.35566437
v 0.18418714 1.10958921 0.29643294
v 0.17172049 1.12972867 0.25389403
v 0.2061667 1.06766283 0.2472188
v 0.16409532 1.20644176 0.36087772
v 0.15978412 1.18076491 0.29643315
v 0.14937534 1.18527996 0.24689956
v 0.13781653 1.17222666 0.19394554
v 0.15830101 1.11276841 0.20013484
v 0.14506086 1.25851368 0.29061803
v 0.14308968 1.21765005 0.2252801
v 0.13267326 1.20827615 0.17322459
v 0.1207683 1.21644401 0.1275825
v 0.1237023 1.13504922 0.14015531
v 0.15195009 1.25931894 0.20326344
v 0.14265742 1.26524841 0.15253484
v 0.12978726 1.23272943 0.09746
v 0.11529694 1.24955797 0.05399999
v 0.10397858 1.18767666 0.07997734
v 0.16443483 1.31729221 0.12951168
v 0.15189519 1.30597877 0.07294809
v 0.1346651 1.26822626 0.01903247
v 0.1132316 1.25370883 -0.02514246
v 0.09294163 1.2282319 0.01083082
v 0.18298938 1.32322895 0.04027685
v 0.16732703 1.32424199 -0.0110143
v 0.14505372 1.31005334 -0.06499376
v 0.11305558 1.27077245 -0.10826394
v 0.08441775 1.246019 -0.06510451
v 0.20703649 1.35236036 -0.0518607
v 0.18330615 1.32007503 -0.11013142
v 0.14910137 1.28880262 -0.15675053
v 0.10374902 1.24836123 -0.19405819
v 0.07500205 1.26312899 -0.14806613
v 0.23474234 1.34958744 -0.15765947
v 0.19005233 1.28947031 -0.20685575
v 0.1405317 1.26043009 -0.24225981
v 0.08749429 1.23513853 -0.28061693
v 0.05814044 1.25109922 -0.23254548
v 0.23465982 1.27463662 -0.25025117
v 0.17690022 1.24728512 -0.28849953
v 0.11450706 1.20405435 -0.32123595
v 0.05435569 1.16567301 -0.34907016
v 0.02966717 1.1923393 -0.30773359
v 0.21211423 1.21846747 -0.32677391
v 0.1415707 1.17400586 -0.35669952
v 0.07447287 1.12366807 -0.37982454
v 0.02018616 1.12010324 -0.41733318
v -0.00250987 1.13955497 -0.37805473
v 0.16007039 1.1210488 -0.37574446
v 0.0991161 1.10659921 -0.41075047
v 0.03258653 1.06522333 -0.43435382
v -0.02532304 1.06018519 -0.47260075
v -0.04116933 1.08867657 -0.4435108
v 0.10556986 1.0392127 -0.41195923
v 0.0389443 1.00233757 -0.43542021
v -0.02188655 0.98808914 -0.46804532
v -0.08810447 0.95178532 -0.49413052
v -0.09432495 1.00350248 -0.4897004
v 0.04490771 0.9577201 -0.42844426
v -0.0186901 0.93640261 -0.45662334
v -0.08288284 0.91780382 -0.4926182
v -0.15288662 0.87352609 -0.5216431
v -0.1509993 0.92881137 -0.53562372
v -0.01821808 0.89468044 -0.4320757
v -0.08396218 0.86845332 -0.46117892
v -0.15482865 0.82212233 -0.48297458
v -0.23237253 0.79060685 -0.52402913
v -0.22953221 0.85081487 -0.57658088
v -0.08738648 0.82926392 -0.41677707
v -0.15620715 0.79089993 -0.43736282
v -0.23069511 0.737531 -0.44238913
v -0.31563398 0.7023608 -0.45886474
v -0.32095381 0.73497617 -0.53069382
v -0.16019627 0.74351614 -0.36343047
v -0.23412519 0.73228997 -0.39356586
v -0.303393 0.6914134 -0.38445931
v -0.37984374 0.66190403 -0.37165844
v -0.39733216 0.66952556 -0.455839
v -0.22939559 0.71205467 -0.31560915
v -0.30035853 0.69634711 -0.31996035
v -0.36296063 0.67178386 -0.30018693
v -0.42748221 0.65783554 -0.27952691
v -0.452701 0.64389371 -0.35501095
v -0.29275968 0.70626014 -0.25447073
v -0.3576731 0.69736146 -0.24509051
v -0.42122036 0.69027203 -0.23166099
v -0.48180225 0.6836223 -0.21496577
v -0.49327269 0.65059977 -0.26070141
v -0.35236486 0.73207563 -0.19871671
v -0.40525776 0.71289265 -0.18072684
v -0.46048998 0.70323681 -0.16342926
v -0.52188074 0.70578074 -0.15130789
v -0.5435754 0.68112361 -0.20056998
v -0.40016654 0.75246268 -0.14216706
v -0.45391473 0.74466097 -0.12790091
v -0.50642705 0.73697817 -0.11231605
v -0.56947344 0.74676412 -0.10416181
v -0.57025051 0.69206798 -0.1303488
v -0.4487285 0.78942847 -0.10144173
v -0.505589 0.79335302 -0.09262599
v -0.56230795 0.79612302 -0.08326687
v -0.61134666 0.78764569 -0.06965835
v -0.62330806 0.74238222 -0.09060535
v -0.50149262 0.84329354 -0.0814717
v -0.55144643 0.83862847 -0.07061067
v -0.59350079 0.82343769 -0.05596808
v -0.6510232 0.83587223 -0.05247493
v -0.64785617 0.76650643 -0.04995246
v -0.55584257 0.90323776 -0.08270272
v -0.60301494 0.89759141 -0.07354214
v -0.65237534 0.89958292 -0.06770157
v -0.68697571 0.88342863 -0.05323716
v -0.69520169 0.83272182 -0.04137022
v -0.59943258 0.94171971 -0.09775756
v -0.65235465 0.95116639 -0.09656155
v -0.68951785 0.9378435 -0.08416579
v -0.74092996 0.95338845 -0.08244507
v -0.72082316 0.87448453 -0.03901387
v -0.66512382 1.01189279 -0.14772063
v -0.69988751 0.99009591 -0.13114166
v -0.73282486 0.97471469 -0.11421686
v -0.78787577 1.00227642 -0.11442514
v -0.7819581 0.95984584 -0.07160974
v -0.71914488 1.04328715 -0.19417761
v -0.74795359 1.01324045 -0.16835783
v -0.79384201 1.02373433 -0.15950553
v -0.84088629 1.05034983 -0.15077924
v -0.80661791 0.98630267 -0.08388368
v -0.77929395 1.06340456 -0.24243678
v -0.81586033 1.05109524 -0.21892498
v -0.86276215 1.07302653 -0.20873946
v -0.88097447 1.06694161 -0.16963088
v -0.85047745 1.03217423 -0.10869187
v -0.84013766 1.06314218 -0.27944481
v -0.89583474 1.0944153 -0.2755481
v -0.91860878 1.09363222 -0.23485522
v -0.94340467 1.12310516 -0.20939604
v -0.90591621 1.09277331 -0.14214652
v -0.92432677 1.08256733 -0.32647341
v -0.95491462 1.09373545 -0.29115986
v -0.99798661 1.1437819 -0.27669766
v -1.01521551 1.15425658 -0.23143078
v -0.97512304 1.1730709 -0.18477685
v -1.00110042 1.08445668 -0.3375096
v -1.03577244 1.11438357 -0.30422428
v -1.04365241 1.15137255 -0.27040696
v -1.07185328 1.18681168 -0.25775674
v -1.0277183 1.20091211 -0.19962211
v -1.09384667 1.10227596 -0.35268488
v -1.12494635 1.15602624 -0.33799746
v -1.17265403 1.20251739 -0.30023109
v -1.23325884 1.1870495 -0.26106497
v -1.1379311 1.25306761 -0.22540429
v -1.20828938 1.0697993 -0.32713609
v -1.27649712 1.09962928 -0.27086553
v -1.2400881 1.15996861 -0.25456848
v -1.30358254 1.16779148 -0.21731968
v -1.22371232 1.2487241 -0.21689009
v -1.26656317 0.989313 -0.22399476
v -1.31997156 1.09043073 -0.23979839
v -1.3629055 1.08553993 -0.14085653
v -1.39629113 1.14117753 -0.08873125
v -1.30852341 1.20145273 -0.17008303
v -1.33425176 0.95813667 -0.09728262
v -1.35268056 0.97492283 -0.02997281
v -1.38383936 1.00981795 0.00690782
v -1.41394317 1.04202568 0.06963338
v -1.40446221 1.10800385 0.02172189
v -1.30976367 0.90137141 0.0502736
v -1.36553227 0.94494193 0.0913852
v -1.36072003 0.94393324 0.17024228
v -1.38197124 0.97324764 0.22500914
v -1.41485893 1.04882538 0.15002289
v -1.29021632 0.87265074 0.16967263
v -1.30811739 0.8885082 0.22731867
v -1.34427905 0.92129474 0.28338903
v -1.35632741 0.94603395 0.35323798
v -1.3833791 0.99245894 0.30148413
v -1.2695055 0.85402095 0.27600058
v -1.30962693 0.88617599 0.33177197
v -1.30956757 0.90009176 0.3992801
v -1.31396317 0.92347985 0.4650473
v -1.3656398 0.97652971 0.422288
v -1.25033056 0.84987491 0.37197139
v -1.27776575 0.87889945 0.43011578
v -1.24164438 0.87090838 0.49851113
v -1.22832262 0.88107717 0.56281179
v -1.27273452 0.91569155 0.53709232
v -1.18780839 0.83312785 0.45771381
v -1.16996204 0.83504414 0.51676309
v -1.1647557 0.84958207 0.57645273
v -1.15828418 0.86434376 0.63675487
v -1.20393025 0.88460272 0.62664383
v -1.14457869 0.84811461 0.51952439
v -1.12380683 0.8493182 0.57696282
v -1.10370981 0.85288703 0.63390255
v -1.08882379 0.86061847 0.69138503
v -1.15614664 0.88175374 0.69812637
v -1.04472303 0.83495402 0.56479811
v -1.04396545 0.8505609 0.61879414
v -1.0476849 0.87035477 0.67501592
v -1.03008949 0.87518739 0.72907024
v -1.04912567 0.85074657 0.74500978
v -1.02436029 0.88712483 0.59715122
v -0.98914039 0.87621986 0.64657437
v -0.97543621 0.88268011 0.69740968
v -0.94145828 0.87433397 0.74290251
v -0.9966914 0.86884397 0.77868902
v -0.96183323 0.91061753 0.61482751
v -0.9472543 0.91472744 0.66316056
v -0.9429481 0.92755514 0.71277058
v -0.93311929 0.93649631 0.76105231
v -0.9324305 0.88538175 0.79245555
v -0.93694812 0.9619916 0.62763363
v -0.94020283 0.97969538 0.67692667
v -0.91550332 0.97469043 0.7216959
v -0.89534097 0.9750418 0.76647526
v -0.88714349 0.91812682 0.79925531
v -0.92296779 1.01506376 0.63864255
v -0.92399913 1.03041696 0.68762725
v -0.89011579 1.01715338 0.73051101
v -0.88470536 1.03135848 0.77915304
v -0.8655039 0.96933233 0.80880659
v -0.94589287 1.08873951 0.65754813
v -0.92198711 1.08287227 0.70475292
v -0.89056813 1.07359921 0.74942523
v -0.88247442 1.08821249 0.79922717
v -0.84411329 1.01812112 0.81945258
v -0.9610036 1.14261829 0.68416744
v -0.90760505 1.11257493 0.72864913
v -0.90114903 1.1288166 0.77984941
v -0.85723757 1.11450481 0.8239898
v -0.8236556 1.0611689 0.83643811
v -0.95937156 1.16948485 0.72007823
v -0.95926839 1.19085288 0.77508944
v -0.92962449 1.18906056 0.82766163
v -0.86977833 1.16189003 0.87369543
v -0.84842276 1.13323652 0.88015818
v -0.97959351 1.20493781 0.77279037
v -0.96630585 1.21754252 0.8312807
v -0.94462221 1.22397136 0.89056116
v -0.87971073 1.19357359 0.93841189
v -0.85333609 1.17430853 0.93244612
v -1.02540028 1.25198614 0.84830123
v -0.97966808 1.23772513 0.90638274
v -0.94034379 1.2293024 0.96437305
v -0.90449702 1.22390568 1.02293789
v -0.84136503 1.1864649 0.99273246
v -1.02355563 1.24591279 0.93460196
v -1.00327968 1.25307118 1.00010681
v -0.95460969 1.23717641 1.05793476
v -0.90795117 1.22315418 1.11497199
v -0.83654326 1.19192254 1.0680567
v -0.99933505 1.21281242 1.02718567
v -0.98130375 1.22155952 1.0946834
v -0.93897473 1.21152949 1.15469443
v -0.87164026 1.18267107 1.2028625
v -0.85900771 1.20760428 1.17021811
v -1.01116454 1.20199942 1.14066147
v -0.96737372 1.19165182 1.20191538
v -0.92896843 1.18560969 1.26633131
v -0.84743356 1.14894473 1.30854797
v -0.85078346 1.19018685 1.27465534
v -0.94504785 1.13254857 1.23283982
v -0.92124742 1.13792443 1.30451118
v -0.83233672 1.09780871 1.34113812
v -0.80022913 1.099527 1.41426372
v -0.79954284 1.13817429 1.36940598
v -0.90721941 1.08683872 1.34239566
v -0.85180741 1.07181274 1.40029394
v -0.77502173 1.04336285 1.44478023
v -0.71207797 1.02708184 1.50171911
v -0.7314744 1.07741975 1.46477186
v -0.80626374 1.0040313 1.41680192
v -0.76191693 0.99907732 1.4857099
v -0.71683514 0.99640607 1.56273102
v -0.61486685 0.95910978 1.58829343
v -0.66741013 1.02805864 1.58013379
v -0.73104089 0.94849753 1.50927913
v -0.64006048 0.91559022 1.54177665
v -0.57891219 0.90721464 1.60714674
v -0.51226395 0.90060085 1.66821849
v -0.53862565 0.94455742 1.63611233
v -0.63144147 0.88882482 1.580657
v -0.52915394 0.85249131 1.59779584
v -0.46373924 0.84687852 1.65732622
v -0.37626195 0.82793521 1.6763091
v -0.4217197 0.87961387 1.68811786
v -0.49746108 0.81813156 1.59570777
v -0.41095119 0.79628896 1.61886668
v -0.33280426 0.78304344 1.64432215
v -0.26353794 0.77734851 1.67713546
v -0.30820906 0.82418495 1.71695458
v -0.36745724 0.75897985 1.56922924
v -0.30163708 0.75347012 1.60722363
v -0.22063672 0.73564612 1.60740995
v -0.15077139 0.72690069 1.6249876
v -0.18651102 0.76385617 1.68702149
v -0.26839685 0.72794711 1.53826725
v -0.19375734 0.71246057 1.54101061
v -0.13644082 0.71462011 1.58248126
v -0.06153037 0.69752323 1.57382357
v -0.08384198 0.72050952 1.64682412
v -0.18544992 0.71252733 1.49116587
v -0.13400428 0.71886962 1.5385822
v -0.05250505 0.69165289 1.50202179
v 0.00963752 0.68655359 1.52013862
v 0.00847682 0.68409496 1.57192182
v -0.11987289 0.71292245 1.43897986
v -0.058596 0.70734798 1.44902002
v 0.00382073 0.69935554 1.45705413
v 0.06785525 0.68841904 1.45898687
v 0.07646437 0.67432248 1.51902401
v -0.07328371 0.73894941 1.40823733
v -0.01239131 0.73098421 1.42041134
v 0.04569311 0.72292661 1.42738473
v 0.10989674 0.70838964 1.41630816
v 0.13267655 0.67664456 1.46039557
v -0.02978447 0.76305264 1.34191203
v 0.03582212 0.74657362 1.35688853
v 0.08936355 0.7428652 1.35934317
v 0.15158844 0.73684263 1.36407768
v 0.17723977 0.69839292 1.42941772
v -0.01576343 0.80668681 1.28938555
v 0.06755951 0.79565215 1.29865109
v 0.12052381 0.80955523 1.31486439
v 0.14996576 0.80344051 1.33795642
v 0.20992068 0.73501265 1.39788126
v 0.04835071 0.86660933 1.25549185
v 0.08288393 0.89668935 1.28038036
v 0.10978631 0.84810727 1.30377411
v 0.15785771 0.86416798 1.31240475
v 0.21407525 0.77446043 1.3502947
v 0.02863231 0.95259124 1.25369596
v 0.06438671 0.93237018 1.25886762
v 0.13844077 0.94319909 1.32130992
v 0.16904459 0.93453919 1.35124397
v 0.22468298 0.85652935 1.35777056
v 0.01319007 1.06154513 1.31564235
v 0.07146004 1.03218054 1.34484028
v 0.1223711 1.00651705 1.3782413
v 0.17598904 0.97793173 1.39798057
v 0.21189764 0.91274511 1.37263357
v 0.02171758 1.09493064 1.42186713
v 0.08772912 1.05797576 1.44005417
v 0.15567337 1.02079165 1.44989442
v 0.21920926 0.99498885 1.45851016
v 0.22912898 0.958848 1.41573238
v 0.07928743 1.07532548 1.517645
v 0.15295052 1.03669965 1.50556242
v 0.21235577 1.03056788 1.55797851
v 0.27850785 1.00067389 1.50310742
v 0.27484726 0.98211276 1.45856869
v 0.16247578 1.04321789 1.61003089
v 0.23410506 1.01671302 1.57704031
v 0.2907207 1.01285386 1.5713303
v 0.34710645 1.01316309 1.56476604
v 0.33096995 0.99724435 1.49137878
v 0.25613406 1.00643193 1.63619411
v 0.3185347 1.00714945 1.63931286
v 0.38306948 0.99274939 1.59372639
v 0.43875664 0.99591887 1.58179104
v 0.40701639 0.99184596 1.50268697
v 0.357317 0.98855012 1.70975339
v 0.42178484 0.98581683 1.68542599
v 0.48710587 0.96154284 1.60466325
v 0.54485058 0.94866567 1.54907941
v 0.49349048 0.99505674 1.55637133
v 0.47733345 0.9392445 1.70523834
v 0.53995221 0.93680191 1.67556691
v 0.60002833 0.92004728 1.6054461
v 0.65540015 0.90792626 1.54371845
v 0.59863531 0.95776319 1.54234635
v 0.59857404 0.86786198 1.64319503
v 0.65834194 0.86577546 1.61023592
v 0.71398866 0.85657054 1.55298745
v 0.76491415 0.8500753 1.49564337
v 0.70754087 0.90694797 1.5040729
v 0.71791595 0.81774812 1.63748419
v 0.77675682 0.81541025 1.59705269
v 0.82911032 0.81009721 1.53874683
v 0.86516106 0.79391026 1.43905317
v 0.81846249 0.86868459 1.49548554
v 0.8168109 0.74343812 1.53922522
v 0.87031424 0.74289751 1.49499738
v 0.91095638 0.73825401 1.42625188
v 0.96038043 0.7538945 1.41062545
v 0.91456478 0.81246352 1.43038737
v 0.89368939 0.68132299 1.44387662
v 0.94917959 0.69251531 1.4268018
v 0.97506666 0.68632131 1.34253811
v 1.01021766 0.69248598 1.29582464
v 0.97867828 0.74155575 1.30967235
v 0.94501251 0.63406491 1.35297727
v 0.98910254 0.64341366 1.32172226
v 1.0207082 0.64762526 1.26908719
v 1.03168463 0.63770479 1.17465508
v 1.03628671 0.69189822 1.22912907
v 0.97673517 0.60538113 1.28061795
v 0.99924671 0.60386472 1.21205139
v 1.02153241 0.60315144 1.14723992
v 1.05491209 0.60900366 1.1025058
v 1.0634253 0.64199471 1.12388575
v 0.96589642 0.57781875 1.17075407
v 0.98229646 0.57342815 1.09867274
v 1.00852143 0.5751304 1.04573524
v 1.02782893 0.57218533 0.98055315
v 1.07056582 0.60262727 1.02356386
v 0.9396097 0.56612527 1.07551538
v 0.96437573 0.56683844 1.02278614
v 0.99680775 0.57240682 0.98252099
v 1.01766586 0.57149988 0.92268747
v 1.07386457 0.58488041 0.95485717
v 0.9183706 0.58173477 1.02156519
v 0.94561845 0.58451205 0.9752658
v 0.94824147 0.57186055 0.88961368
v 0.9722554 0.57722991 0.84581512
v 1.04121172 0.57474595 0.87028336
v 0.87091249 0.59774971 0.93839365
v 0.90519225 0.60943865 0.91339302
v 0.90694975 0.59990537 0.83856087
v 0.91154772 0.59767353 0.78104507
v 0.99074244 0.58438068 0.802208
v 0.82790857 0.63061177 0.87846297
v 0.85724133 0.64491242 0.85871297
v 0.86202532 0.64183396 0.80341923
v 0.86881703 0.64681959 0.76511091
v 0.91378366 0.59864234 0.73199486
v 0.80479395 0.69204664 0.86763835
v 0.81067442 0.68788957 0.81503057
v 0.82207429 0.69824516 0.78873956
v 0.80589026 0.68449294 0.72267192
v 0.85934424 0.64172852 0.71141743
v 0.77366751 0.74551528 0.8379172
v 0.77664947 0.74433541 0.79333567
v 0.77059 0.7416144 0.74636828
v 0.75829738 0.73893493 0.69966274
v 0.79632914 0.68534994 0.68177402
v 0.74362075 0.78662216 0.78987562
v 0.73993778 0.78608661 0.74619597
v 0.7316522 0.78919398 0.70691537
v 0.71815276 0.79173833 0.66495353
v 0.74321836 0.73923879 0.65588814
v 0.74507933 0.86392611 0.7963866
v 0.72813004 0.84903258 0.72815066
v 0.71105706 0.84370476 0.67294234
v 0.69167792 0.83903521 0.61778402
v 0.70043927 0.79127043 0.616737
v 0.73254746 0.88708752 0.72667503
v 0.72549688 0.90134775 0.6930778
v 0.70079737 0.88261538 0.61846053
v 0.68394213 0.88180977 0.56512743
v 0.67544293 0.84026813 0.5686171
v 0.74591469 0.93086969 0.68794101
v 0.7352702 0.94114577 0.64401203
v 0.71148544 0.92355614 0.56880801
v 0.69643348 0.92497247 0.51387292
v 0.66793513 0.88319075 0.51237255
v 0.77464401 0.97052425 0.64702433
v 0.74972325 0.95114797 0.56673485
v 0.73600786 0.95448261 0.51154029
v 0.71661359 0.94653642 0.4446699
v 0.68501657 0.93425464 0.46441006
v 0.79973465 0.97150796 0.56743431
v 0.77925014 0.96260505 0.49705216
v 0.76985102 0.97454708 0.44807621
v 0.75416046 0.97368782 0.38284629
v 0.69827145 0.9415096 0.38040995
v 0.83516514 0.97313499 0.49285885
v 0.83117002 0.98973977 0.44573739
v 0.80536752 0.97402888 0.36069318
v 0.79397738 0.98260641 0.30490362
v 0.73316764 0.96427714 0.31228023
v 0.9002667 0.98049998 0.42325949
v 0.87388598 0.97720754 0.34753605
v 0.8731125 0.97900635 0.28203395
v 0.83328884 0.9674831 0.20759873
v 0.77021873 0.95664155 0.21264524
v 0.9471203 0.95918643 0.31477287
v 0.94696843 0.95376032 0.2503106
v 0.92033821 0.96133619 0.21200923
v 0.92825627 0.94812089 0.12445832
v 0.82064968 0.96974253 0.14707572
v 1.02805852 0.91881024 0.22145079
v 1.02492141 0.90320587 0.14218887
v 1.01856076 0.88459676 0.0760309
v 0.99021697 0.8796733 0.01184079
v 0.87814629 0.93883627 0.05202662
v 1.08761763 0.83186078 0.10422097
v 1.07798719 0.81260561 0.03873996
v 1.05204439 0.79800725 -0.02288246
v 1.0257225 0.8024069 -0.05493427
v 0.95541769 0.85118061 -0.07483345
v 1.10323512 0.71459835 -0.01215319
v 1.08291935 0.7361077 -0.03570825
v 1.04955446 0.67908525 -0.11168989
v 0.9952653 0.64847987 -0.18860338
v 0.95987045 0.78349149 -0.16709263
v 1.06927442 0.59765654 -0.08205293
v 0.99411511 0.5544613 -0.15841871
v 0.933537 0.54546481 -0.21018321
v 0.87815403 0.54024869 -0.26222005
v 0.91726189 0.64499121 -0.27442982
v 0.93439263 0.48718759 -0.12785305
v 0.90496313 0.49383997 -0.18408373
v 0.83175903 0.48488649 -0.24647262
v 0.76510036 0.48328134 -0.30056917
v 0.81318968 0.54256248 -0.3273949
v 0.82606798 0.45493167 -0.1470354
v 0.76617479 0.45305317 -0.20351527
v 0.72544932 0.45448869 -0.26126974
v 0.67434197 0.45295763 -0.31405171
v 0.69897127 0.47940275 -0.35042548
v 0.71417695 0.4499787 -0.1594816
v 0.6658653 0.44352084 -0.21461813
v 0.61486548 0.43248081 -0.26481092
v 0.57776045 0.42503932 -0.31222787
v 0.59826582 0.43267503 -0.35468202
v 0.62088495 0.45007729 -0.1732482
v 0.58967709 0.44223147 -0.2224283
v 0.53763258 0.42231404 -0.26394131
v 0.49050262 0.40584418 -0.30135574
v 0.50831192 0.39665293 -0.3465031
v 0.53635942 0.44833764 -0.1788228
v 0.50501644 0.43954584 -0.21909786
v 0.45283898 0.41570097 -0.25178223
v 0.40923729 0.40214926 -0.28371277
v 0.4290803 0.38037622 -0.3297393
v 0.45848119 0.45564323 -0.17821601
v 0.42504662 0.44644871 -0.2115377
v 0.37885293 0.42778292 -0.23931823
v 0.33370265 0.41340041 -0.26584056
v 0.35213306 0.37900406 -0.30810436
v 0.39816391 0.48667824 -0.17981541
v 0.35750272 0.47197327 -0.20714315
v 0.31455391 0.45775756 -0.23238766
v 0.26660382 0.43953222 -0.25439745
v 0.2770951 0.38816016 -0.28492751
v 0.34052932 0.52606236 -0.1878297
v 0.28958803 0.49787944 -0.20909917
v 0.2495452 0.48772025 -0.23280549
v 0.20198684 0.46611219 -0.25032553
v 0.21941961 0.42462357 -0.274879
v 0.28131449 0.55814069 -0.20665668
v 0.2336152 0.53228133 -0.226664
v 0.19674962 0.52701741 -0.25104793
v 0.15071867 0.50416237 -0.26468431
v 0.16013948 0.45590174 -0.268139
v 0.23697114 0.59903943 -0.24516204
v 0.19324164 0.57977569 -0.26694023
v 0.15372832 0.57196521 -0.28887203
v 0.10659382 0.54790931 -0.29657378
v 0.11300137 0.50453901 -0.28187117
v 0.19497473 0.6249054 -0.29723861
v 0.15471373 0.61767762 -0.3213953
v 0.10734301 0.59652751 -0.33202403
v 0.0601925 0.58025056 -0.33518528
v 0.06100105 0.53050726 -0.29725116
v 0.15909022 0.65076422 -0.36482238
v 0.10493724 0.61742502 -0.370155
v 0.05982055 0.61420166 -0.38154658
v 0.01140781 0.61005532 -0.38324636
v 0.01179489 0.56213003 -0.32791546
v 0.11218056 0.64714771 -0.42838648
v 0.05843744 0.62902391 -0.4308319
v 0.00830514 0.63183599 -0.43836861
v -0.04861512 0.61028474 -0.42274758
v -0.03962983 0.60715478 -0.37939995
v 0.06178232 0.64607751 -0.4968425
v 0.00277723 0.63634061 -0.49558496
v -0.05611748 0.61861306 -0.47910842
v -0.11465598 0.61245667 -0.47362238
v -0.10297136 0.60736554 -0.41563627
v 0.00467742 0.63956695 -0.56944221
v -0.06492183 0.63055187 -0.56289285
v -0.12974105 0.61051625 -0.54067343
v -0.19315235 0.59528714 -0.5258755
v -0.17350348 0.59563487 -0.45515343
v -0.08168743 0.5897873 -0.62354832
v -0.14971283 0.58569419 -0.60956186
v -0.21158245 0.55931186 -0.57175689
v -0.27269485 0.55835676 -0.56354349
v -0.25337448 0.57780849 -0.5007776
v -0.16702203 0.53416168 -0.66218245
v -0.23389452 0.52898478 -0.6357932
v -0.30299994 0.51265913 -0.61044985
v -0.36921766 0.49721601 -0.58725416
v -0.34309014 0.54782033 -0.54457187
v -0.25763905 0.45363193 -0.66621494
v -0.32865887 0.44917309 -0.64714705
v -0.39183187 0.43899041 -0.61219739
v -0.46525231 0.43068933 -0.5927397
v -0.43443235 0.49200058 -0.56048578
v -0.34073051 0.37015283 -0.63936096
v -0.4143905 0.36289051 -0.61961478
v -0.48784428 0.34791284 -0.5797187
v -0.54476505 0.33905476 -0.53455478
v -0.53932684 0.41062673 -0.54983466
v -0.41269186 0.28460484 -0.57426804
v -0.4815824 0.28177338 -0.55393385
v -0.55883199 0.27978169 -0.51783758
v -0.6253795 0.26999881 -0.45484161
v -0.62624794 0.3353067 -0.48949453
v -0.47220063 0.22688947 -0.50725525
v -0.54263991 0.22052003 -0.46768301
v -0.61601036 0.21930329 -0.41772735
v -0.67528969 0.21641409 -0.34670561
v -0.69486409 0.26722696 -0.38477981
v -0.52364069 0.1835242 -0.42051786
v -0.58837944 0.18015089 -0.36947324
v -0.64812779 0.17886354 -0.3082835
v -0.68518257 0.17640602 -0.23129911
v -0.73110282 0.21888101 -0.26999881
v -0.54548019 0.15709121 -0.31806671
v -0.59733605 0.15304733 -0.26280096
v -0.64460063 0.15265843 -0.20121468
v -0.66829842 0.15496966 -0.12937368
v -0.70585721 0.17921002 -0.15202726
v -0.54417443 0.14333212 -0.22193124
v -0.58773124 0.14261537 -0.1702781
v -0.61576592 0.14489059 -0.10702686
v -0.60761845 0.14207163 -0.03426008
v -0.66715681 0.15500208 -0.0532085
v -0.52500182 0.14884191 -0.14016023
v -0.54720729 0.14852863 -0.08341984
v -0.55993562 0.14905384 -0.02112765
v -0.57306236 0.15144847 0.04213227
v -0.62500882 0.14638029 0.03146139
v -0.50073987 0.17298282 -0.06626795
v -0.51012742 0.17064917 -0.00921001
v -0.52054268 0.17138902 0.0499318
v -0.5172106 0.16891868 0.10886728
v -0.5634216 0.14822867 0.10374801
v -0.46335932 0.20386458 0.00122557
v -0.47190731 0.20333945 0.05543145
v -0.47266283 0.20140913 0.11067482
v -0.48626193 0.20577193 0.16814658
v -0.51756674 0.1682983 0.16623765
v -0.43811574 0.24798974 0.05785793
v -0.44161585 0.24637024 0.11014629
v -0.44541454 0.24548202 0.16330158
v -0.45162531 0.2457183 0.21743412
v -0.48440554 0.20319572 0.22267161
v -0.42491129 0.30050292 0.10612318
v -0.4343155 0.30214622 0.15874213
v -0.44166967 0.30193528 0.21237719
v -0.44318699 0.29796323 0.26451724
v -0.46653315 0.25038087 0.27624005
v -0.42794308 0.35501802 0.14834229
v -0.43652221 0.35442626 0.20060552
v -0.44562205 0.35461762 0.2536973
v -0.45588955 0.35696232 0.30805385
v -0.45098173 0.2991566 0.31971579
v -0.45466435 0.41067376 0.18668323
v -0.46691179 0.41178199 0.2398259
v -0.47870507 0.41405171 0.29358917
v -0.47776559 0.40832847 0.34297838
v -0.45856368 0.35504567 0.35951775
v -0.49734276 0.46000278 0.22160963
v -0.5198884 0.46971881 0.27739191
v -0.52989941 0.47067701 0.33124291
v -0.52772831 0.46556046 0.38174289
v -0.48783657 0.4137052 0.39771843
v -0.55830538 0.50657808 0.25599473
v -0.57179713 0.50930488 0.3108209
v -0.57306039 0.50540959 0.36349472
v -0.58279264 0.51138949 0.41965812
v -0.52473229 0.46222299 0.43215012
v -0.62306553 0.5396232 0.29116162
v -0.6254608 0.53583043 0.34559699
v -0.64268463 0.54683792 0.40471115
v -0.64904213 0.55107295 0.46314322
v -0.59355509 0.51953601 0.47845181
v -0.68198275 0.55278569 0.33015319
v -0.68620461 0.55339372 0.38762784
v -0.70908403 0.56976014 0.45107853
v -0.68934142 0.55576318 0.50377893
v -0.64881324 0.55117148 0.52029502
v -0.74773353 0.55785393 0.38014459
v -0.76966929 0.57334476 0.44462686
v -0.74664753 0.55946135 0.49951669
v -0.75919771 0.57202953 0.55835503
v -0.71904671 0.58233332 0.57082301
v -0.79921287 0.54345428 0.44099867
v -0.82013839 0.56197542 0.50498426
v -0.8050515 0.56028854 0.5569266
v -0.85526686 0.60409551 0.61386132
v -0.7685278 0.59080034 0.61557555
v -0.8440485 0.52021294 0.50891023
v -0.88107532 0.55731076 0.56813806
v -0.90524601 0.56976187 0.62655502
v -0.95271122 0.60005849 0.69582992
v -0.87894147 0.63477611 0.68576163
v -0.92692679 0.50574618 0.59384155
v -0.94883042 0.53310376 0.6568579
v -0.98143321 0.54118412 0.72446477
v -0.99464076 0.58339631 0.77033859
v -0.95457655 0.62635439 0.77923613
v -0.95749074 0.46226573 0.68147826
v -0.98507648 0.48994359 0.74218773
v -1.02156519 0.49933981 0.85863775
v -0.9812569 0.45290082 0.98171746
v -1.01183986 0.59155499 0.88348805
v -0.98006206 0.4156647 0.80989182
v -0.94604021 0.36643332 0.93342608
v -0.95312571 0.39847314 0.98998934
v -0.90050327 0.37305709 1.08984971
v -0.96155542 0.47866487 1.04466414
v -0.87919652 0.30254703 0.94200116
v -0.86594647 0.30100458 1.02921223
v -0.8084923 0.28105247 1.08909452
v -0.79246568 0.3046489 1.17033994
v -0.87823224 0.41620528 1.12753653
v -0.76100802 0.22797533 1.03102052
v -0.72662097 0.22946992 1.0915234
v -0.67318129 0.22128546 1.15451157
v -0.62186414 0.22908067 1.23371434
v -0.71089631 0.29661557 1.24940681
v -0.64209348 0.18355116 1.08011627
v -0.59531027 0.18227517 1.1421374
v -0.54880398 0.18634523 1.20606398
v -0.48998296 0.18846285 1.23550331
v -0.53991574 0.22005447 1.25018382
v -0.5126931 0.16002622 1.0794816
v -0.47814217 0.16153651 1.14920067
v -0.43491783 0.16264019 1.2119497
v -0.37560659 0.15776534 1.24416613
v -0.44030934 0.18911083 1.30828249
v -0.43344405 0.15366144 1.12641298
v -0.38156491 0.14961263 1.15995597
v -0.32783776 0.14319565 1.19293952
v -0.28356277 0.14061181 1.2617414
v -0.3197951 0.15353891 1.29660069
v -0.33651116 0.14894393 1.10243129
v -0.29503178 0.14524005 1.15466022
v -0.24819006 0.1402632 1.19909179
v -0.19203732 0.13221263 1.22314679
v -0.21324221 0.12826447 1.25672066
v -0.26887154 0.16132547 1.10712242
v -0.22770625 0.15772821 1.15285694
v -0.17438028 0.14891596 1.16835498
v -0.1233708 0.14284569 1.20628309
v -0.13380339 0.12465509 1.25270664
v -0.2170849 0.18870088 1.11035168
v -0.17494641 0.18445724 1.14996564
v -0.11592781 0.17049932 1.1332463
v -0.06695134 0.16765035 1.17786788
v -0.06250367 0.13121087 1.19153344
v -0.16863226 0.22036247 1.08072853
v -0.12608102 0.21916045 1.11973083
v -0.07508686 0.20909823 1.12810254
v -0.02628023 0.20572954 1.15561425
v -0.01322021 0.15927656 1.18461382
v -0.14366692 0.27089071 1.09482705
v -0.09391076 0.26441276 1.10997998
v -0.04861471 0.25987941 1.13715219
v 0.00235583 0.25037208 1.12617683
v 0.02297641 0.19776842 1.16675472
v -0.12021227 0.32095921 1.09448003
v -0.06972731 0.31521254 1.11023068
v -0.02630868 0.3160825 1.15129649
v 0.02592111 0.30333432 1.14971935
v 0.05407009 0.24396118 1.14508509
v -0.10973399 0.38067787 1.1506772
v -0.05949261 0.37244474 1.16649627
v -0.00313548 0.35960885 1.16926026
v 0.05261665 0.34831583 1.18699395
v 0.07648082 0.29552698 1.17441678
v -0.09207543 0.42205804 1.20047748
v -0.03601106 0.41264182 1.22263014
v 0.0277594 0.39381805 1.21460509
v 0.08662266 0.38408187 1.24388504
v 0.10475027 0.34132289 1.21818208
v -0.06282205 0.44731226 1.25721621
v 0.00089614 0.43668046 1.28334248
v 0.06900658 0.42128559 1.29525554
v 0.13524328 0.4095295 1.31531822
v 0.14649935 0.36999291 1.25288927
v -0.01564359 0.45305854 1.30737125
v 0.05358941 0.44590604 1.34849143
v 0.12890234 0.42948189 1.35494267
v 0.20153763 0.41237726 1.35340535
v 0.2005179 0.38916176 1.29564559
v 0.0406806 0.4591653 1.41251385
v 0.12711428 0.43534517 1.39823091
v 0.20916406 0.41997811 1.40757644
v 0.29376649 0.39919436 1.40127956
v 0.27486807 0.38830435 1.32868599
v 0.12140101 0.44429418 1.49467659
v 0.22333779 0.42332458 1.49190151
v 0.32229068 0.39231461 1.46166753
v 0.41116946 0.36456984 1.4291439
v 0.37536922 0.37233245 1.37258207
v 0.25010418 0.40573161 1.58052134
v 0.36375376 0.36901187 1.51243639
v 0.45804923 0.33963877 1.47587513
v 0.51889085 0.30736672 1.39245021
v 0.49050855 0.32682675 1.36453723
v 0.40150794 0.33819684 1.58105182
v 0.494286 0.31052091 1.54140734
v 0.57775014 0.28290328 1.49273574
v 0.67449361 0.24357004 1.44701671
v 0.60176634 0.28905013 1.37651026
v 0.57768011 0.23345439 1.59286928
v 0.65008276 0.20780013 1.52088499
v 0.75703924 0.15736617 1.48042631
v 0.85973 0.11496768 1.40808236
v 0.76215493 0.21893605 1.39167928
v 0.71817189 0.11062583 1.54867196
v 0.82523119 0.06084246 1.45842838
v 0.91061657 0.03243584 1.40710806
v 0.9867661 0.00866344 1.36987912
v 0.90327805 0.10464038 1.40314626
v 0.82564437 -0.02650046 1.42205083
v 0.91330248 -0.03596459 1.37520384
v 0.95752394 -0.0505872 1.36931598
v 1.08854687 -0.12368691 1.2756387
v 1.04203808 -0.0068538 1.34182012
v 0.86756646 -0.07894688 1.36275982
v 0.96592718 -0.1660097 1.25054109
v 1.02136361 -0.19507663 1.20368671
v 1.12097728 -0.21093776 1.15419375
v 1.17171466 -0.1621097 1.16449499
v 0.8701775 -0.17093661 1.17978334
v 0.94196128 -0.19361189 1.18348979
v 1.02463066 -0.24175158 1.10455167
v 1.07833945 -0.26932677 1.00385952
v 1.17323005 -0.2295866 1.02110457
v 0.88040816 -0.2007284 1.12189579
v 0.94188809 -0.24029763 1.04053771
v 0.95700389 -0.24575933 0.95757776
v 1.00026285 -0.25745284 0.90236717
v 1.104128 -0.26337611 0.91208243
v 0.8407067 -0.19718436 0.99666464
v 0.87265926 -0.21028521 0.93362188
v 0.90812516 -0.22354456 0.87779325
v 0.93346911 -0.23477894 0.81950259
v 1.02482748 -0.26181215 0.83048409
v 0.80994987 -0.17797717 0.92031282
v 0.8456943 -0.19446156 0.87006819
v 0.85311889 -0.20162227 0.80612462
v 0.88545882 -0.22591134 0.76117003
v 0.94784593 -0.25010779 0.75695341
v 0.77521324 -0.15383544 0.85236966
v 0.81601846 -0.17590104 0.81848412
v 0.82175749 -0.19061364 0.76097601
v 0.81575065 -0.20453678 0.69999903
v 0.8756681 -0.23946969 0.69345903
v 0.75247728 -0.13095435 0.80701059
v 0.76916474 -0.14785978 0.76266038
v 0.75433188 -0.15867838 0.69843071
v 0.76515865 -0.17754992 0.65504229
v 0.80277091 -0.2172501 0.63816189
v 0.72334951 -0.09732102 0.75998699
v 0.71484261 -0.10919961 0.70208168
v 0.7094196 -0.12244497 0.65012091
v 0.72071522 -0.13968926 0.6104716
v 0.75338667 -0.1900319 0.59736901
v 0.69271987 -0.05624281 0.70704764
v 0.68966198 -0.06875365 0.65740984
v 0.6848281 -0.08132493 0.60682374
v 0.69536209 -0.09688334 0.56713253
v 0.7022587 -0.14915913 0.5508275
v 0.67668539 -0.01428107 0.65385073
v 0.68777984 -0.0281313 0.61555469
v 0.68440687 -0.04114048 0.56441116
v 0.67706239 -0.0535497 0.51223021
v 0.67658656 -0.1063618 0.50844311
v 0.69863098 0.02066392 0.61481148
v 0.70050549 0.00694592 0.56573474
v 0.68142902 -0.00527328 0.50344878
v 0.67192095 -0.01703718 0.45318242
v 0.67363965 -0.06591852 0.46648934
v 0.72186332 0.04677837 0.55839264
v 0.71971571 0.03528227 0.50686538
v 0.70671421 0.02509409 0.45372566
v 0.68032717 0.01422357 0.39642286
v 0.67555064 -0.02755812 0.41780164
v 0.76278537 0.06816293 0.50449782
v 0.74628162 0.0610482 0.44745937
v 0.72216945 0.05285276 0.38767576
v 0.71921265 0.0501312 0.34958902
v 0.67542874 0.00872548 0.35709062
v 0.78827101 0.08802002 0.42936274
v 0.78204196 0.08772982 0.38013699
v 0.76040929 0.08020474 0.3273184
v 0.72653561 0.06364613 0.26796454
v 0.69423097 0.03972972 0.29992976
v 0.84618437 0.10627132 0.35863345
v 0.82864517 0.10029936 0.30019006
v 0.78729528 0.08051373 0.23768165
v 0.77204293 0.06645371 0.18558256
v 0.71125781 0.05360378 0.21863523
v 0.91842079 0.09717225 0.26463469
v 0.87965953 0.08362916 0.20314557
v 0.83219879 0.05562036 0.13887946
v 0.79165077 0.03196766 0.08328905
v 0.73548126 0.0449333 0.12745937
v 0.97538054 0.04076132 0.14604798
v 0.90204173 0.02798257 0.09458804
v 0.86622774 -0.00261565 0.03459313
v 0.80014336 -0.0271689 -0.022028
v 0.73689878 0.00514586 0.02557427
v 0.98396152 -0.04217109 0.03420978
v 0.88985669 -0.06279721 -0.01842075
v 0.83638411 -0.08591706 -0.06737157
v 0.76337128 -0.1020855 -0.11630236
v 0.7330473 -0.05380455 -0.07950369
v 0.93721067 -0.13509336 -0.0570389
v 0.85119938 -0.1509532 -0.10213779
v 0.7866072 -0.16711606 -0.15210044
v 0.70735746 -0.18020519 -0.20440156
v 0.71375501 -0.12444296 -0.18193018
v 0.8595165 -0.22565864 -0.12437649
v 0.78053838 -0.2321255 -0.1663116
v 0.71777004 -0.24484668 -0.2227659
v 0.6387155 -0.25933477 -0.2763845
v 0.63897389 -0.19790619 -0.26375773
v 0.77344644 -0.29605287 -0.16896107
v 0.69321787 -0.29790663 -0.21398776
v 0.61716347 -0.31029927 -0.26072794
v 0.5247147 -0.3197574 -0.28240501
v 0.53240478 -0.26718446 -0.2952699
v 0.69008553 -0.35421618 -0.20271399
v 0.60500544 -0.35833454 -0.23828537
v 0.52448225 -0.3707886 -0.26153048
v 0.44405356 -0.38545483 -0.26753312
v 0.45243662 -0.34536445 -0.30358925
v 0.58626747 -0.39252278 -0.19876284
v 0.51197874 -0.40227872 -0.21751783
v 0.44576484 -0.42206749 -0.22772339
v 0.36824515 -0.43527409 -0.222698
v 0.36781278 -0.40871101 -0.2737706
v 0.50541794 -0.42462456 -0.16738916
v 0.43811771 -0.43566137 -0.17164863
v 0.36866337 -0.44656899 -0.16612124
v 0.30068844 -0.46093833 -0.15870183
v 0.2892335 -0.44869449 -0.21535186
v 0.42744872 -0.4309602 -0.10941368
v 0.36698824 -0.44224724 -0.10668573
v 0.30440074 -0.45211511 -0.09838713
v 0.24636523 -0.46925312 -0.09047608
v 0.23466891 -0.47893706 -0.14943233
v 0.36597964 -0.42772662 -0.04933348
v 0.31099844 -0.43872866 -0.04369336
v 0.25283271 -0.44473666 -0.03356672
v 0.19630086 -0.44767499 -0.02022365
v 0.18664385 -0.48339697 -0.07729142
v 0.30901616 -0.40514305 0.00983957
v 0.25535541 -0.40776678 0.01769407
v 0.20693948 -0.41480335 0.02764812
v 0.15974049 -0.41739699 0.04206732
v 0.14692513 -0.46005061 -0.00426555
v 0.25955435 -0.36967906 0.06071893
v 0.21028974 -0.36815342 0.06870576
v 0.1670819 -0.37032392 0.08033721
v 0.12938362 -0.37732985 0.09825221
v 0.11832653 -0.42355212 0.06206229
v 0.20794872 -0.31583222 0.09783031
v 0.17138819 -0.3261055 0.10933521
v 0.13068644 -0.32465201 0.1237601
v 0.0947441 -0.32451775 0.1439033
v 0.09157659 -0.37453177 0.1195944
v 0.16165204 -0.2671639 0.12023363
v 0.12011417 -0.26450496 0.13234569
v 0.08692795 -0.27127549 0.15492291
v 0.05364571 -0.2703194 0.17854592
v 0.06359782 -0.32771626 0.16952526
v 0.10591254 -0.21361424 0.1267998
v 0.07038009 -0.22012732 0.15019299
v 0.03490257 -0.22132194 0.17709036
v 0.00170129 -0.22214475 0.20731635
v 0.02394716 -0.27105918 0.20535418
v 0.04736274 -0.17026276 0.12807644
v 0.00857562 -0.17037084 0.15549661
v -0.02831912 -0.17047257 0.18793593
v -0.06374853 -0.1728775 0.22502671
v -0.0283289 -0.22200901 0.23737531
v -0.02059699 -0.13185694 0.12472333
v -0.0637113 -0.13360865 0.16269534
v -0.10486649 -0.13265658 0.20037688
v -0.14212633 -0.13513326 0.24273635
v -0.09403128 -0.17538452 0.26070237
v -0.0994668 -0.10528235 0.12384097
v -0.1476247 -0.10621001 0.16836449
v -0.19443255 -0.10829423 0.21787551
v -0.23191018 -0.11453077 0.27237471
v -0.1735913 -0.14367789 0.29328933
v -0.19199015 -0.095398 0.13248679
v -0.24353517 -0.09551829 0.18459112
v -0.29081049 -0.1021654 0.2484436
v -0.32039684 -0.11888336 0.32709071
v -0.25194704 -0.12629556 0.32933366
v -0.29180944 -0.10105789 0.15141332
v -0.34883013 -0.10742037 0.22481979
v -0.37233918 -0.12169768 0.30714145
v -0.37680932 -0.14375388 0.40292072
v -0.32010889 -0.1416136 0.40672913
v -0.38857513 -0.12601767 0.19597199
v -0.42701965 -0.13959077 0.29500934
v -0.442786 -0.15539966 0.40530398
v -0.42312324 -0.17943739 0.50406378
v -0.35594344 -0.17055566 0.48634728
v -0.48101204 -0.17523323 0.28669017
v -0.49964201 -0.18258306 0.39580783
v -0.50296592 -0.20293945 0.52013385
v -0.44625106 -0.25238174 0.61871022
v -0.38913378 -0.22393584 0.59846532
v -0.54830467 -0.23246532 0.38787904
v -0.56304079 -0.26008966 0.52159935
v -0.49408572 -0.31592473 0.63998317
v -0.38896989 -0.37115424 0.72189366
v -0.37211734 -0.31264984 0.71017116
v -0.57423549 -0.35852107 0.53294235
v -0.48903662 -0.40849176 0.63623803
v -0.3814933 -0.43353605 0.71283865
v -0.29882526 -0.46398332 0.79725188
v -0.31885838 -0.3989928 0.81318861
v -0.44753018 -0.4795719 0.60827523
v -0.35326147 -0.4990116 0.69503939
v -0.26784148 -0.53379637 0.78858631
v -0.16523373 -0.58146858 0.85904121
v -0.2108432 -0.50765377 0.91089671
v -0.30993166 -0.54392272 0.65568125
v -0.22872488 -0.58131605 0.74346101
v -0.13514512 -0.61008834 0.78729915
v -0.02532619 -0.6539914 0.84496069
v -0.05549135 -0.59981751 0.91874182
v -0.19104556 -0.60798031 0.68966418
v -0.10516993 -0.63863712 0.73861658
v -0.00478826 -0.67195528 0.76823961
v 0.08105184 -0.67377758 0.76586097
v 0.07079177 -0.6568368 0.83154392
v -0.07561988 -0.65563267 0.68470382
v 0.00643923 -0.6683647 0.69593262
v 0.09133662 -0.68681043 0.7105298
v 0.17445784 -0.7002784 0.7150461
v 0.17501406 -0.69368714 0.77753353
v 0.01888657 -0.65710371 0.63308405
v 0.09237363 -0.67289942 0.64558661
v 0.17004714 -0.69478672 0.65750324
v 0.23703049 -0.70534944 0.64715373
v 0.25202888 -0.71035724 0.70535808
v 0.09241005 -0.64700609 0.58577191
v 0.15985615 -0.67143482 0.60073137
v 0.2108322 -0.67126917 0.58573305
v 0.26689311 -0.69310069 0.57579118
v 0.29578542 -0.71896278 0.6256805
v 0.14630542 -0.62663805 0.5461449
v 0.19868068 -0.64385372 0.54832303
v 0.23444265 -0.64073854 0.52384185
v 0.2709532 -0.64882743 0.49685204
v 0.29279035 -0.67959165 0.52942848
v 0.18116916 -0.58934414 0.50801986
v 0.21737186 -0.59471595 0.49322095
v 0.2511377 -0.60354524 0.47066327
v 0.28535771 -0.61876094 0.44266629
v 0.30341091 -0.65897476 0.46098193
v 0.21293477 -0.5544998 0.48470723
v 0.2459547 -0.56425017 0.46514591
v 0.2698549 -0.56446784 0.43085756
v 0.29296144 -0.56645649 0.39271998
v 0.30993995 -0.62304449 0.40193539
v 0.23652885 -0.50396966 0.46124234
v 0.26117155 -0.50479257 0.43007668
v 0.28614503 -0.50818824 0.39539542
v 0.30983567 -0.50997072 0.35559174
v 0.31314578 -0.56443661 0.34958007
v 0.2673127 -0.45646527 0.4496884
v 0.29781934 -0.46412682 0.41852673
v 0.32286658 -0.4655396 0.3773742
v 0.35403871 -0.4747067 0.33728975
v 0.33992037 -0.51855248 0.31714138
v 0.30946812 -0.41632664 0.4463143
v 0.34682938 -0.42877125 0.41068619
v 0.37260073 -0.4311921 0.36209189
v 0.40757864 -0.44333219 0.31586545
v 0.38183122 -0.47770848 0.29095408
v 0.36418628 -0.38786333 0.43913936
v 0.39632833 -0.39588251 0.38975578
v 0.43342995 -0.41132253 0.34165683
v 0.47627246 -0.43743595 0.29722988
v 0.4494144 -0.46390521 0.27353343
v 0.43680828 -0.38276514 0.42620727
v 0.46763736 -0.39492183 0.37038135
v 0.5129618 -0.43068662 0.3244684
v 0.54738605 -0.46554985 0.28236222
v 0.51589548 -0.47116291 0.2597725
v 0.49683985 -0.38618597 0.39468729
v 0.54743379 -0.43443477 0.34928402
v 0.56270831 -0.45841056 0.29770746
v 0.59525865 -0.51503592 0.27998906
v 0.57147628 -0.50860887 0.25552439
v 0.57062536 -0.44102147 0.36646494
v 0.53467333 -0.40059113 0.41999238
v 0.57334047 -0.43769136 0.43952551
v 0.58475929 -0.45321333 0.37400656
v 0.59842819 -0.47947245 0.44490268
v 0.61318367 -0.49922731 0.38498556
v 0.6015526 -0.51017439 0.44545954
v 0.61987763 -0.52813923 0.37572494
v 0.62540417 -0.53893178 0.33385586
v 0.60772866 -0.53415119 0.29099893
v 0.62671667 -0.5680207 0.37392967
v 0.61992442 -0.55269998 0.32790765
v 0.61873567 -0.56993168 0.28525924
v 0.61087948 -0.57252097 0.26205581
v 0.59413641 -0.5312736 0.26497435
v 0.62683361 -0.59049958 0.32369834
v 0.63285595 -0.59808373 0.36726626
v 0.62800282 -0.62187677 0.35285121
v 0.62105089 -0.61067056 0.30748283
v 0.61930668 -0.66678488 0.34666332
v 0.61408627 -0.65293109 0.29208365
v 0.60611981 -0.70152205 0.31426948
v 0.61244428 -0.68365532 0.26783514
v 0.60402965 -0.6615287 0.24004612
v 0.59144651 -0.6216222 0.2239149
v 0.58109974 -0.6935321 0.24146525
v 0.59191823 -0.66930079 0.22207947
v 0.57354676 -0.62225163 0.20871302
v 0.56277656 -0.59113866 0.20292609
v 0.59058332 -0.59919244 0.22181205
v 0.55245101 -0.6558997 0.2003736
v 0.5407688 -0.61675697 0.19153361
v 0.53178757 -0.5861594 0.18870097
v 0.52519297 -0.62993919 0.18638332
v 0.50848847 -0.59466624 0.18666426
v 0.47522276 -0.62825876 0.19429008
v 0.45420959 -0.58158683 0.19644181
v 0.46337556 -0.55769163 0.20770031
v 0.41317284 -0.58154493 0.22759097
v 0.40936887 -0.53368699 0.2357023
v 0.42377769 -0.49538496 0.25174015
v 0.46427154 -0.51291018 0.21952576
v 0.48839432 -0.48842257 0.23862755
v 0.54874533 -0.50991767 0.23759198
v 0.56550246 -0.53690064 0.22589814
v 0.57684522 -0.5285201 0.24188479
v 0.59604853 -0.56972765 0.24093838
v 0.57237333 -0.56282556 0.21932995
v 0.37255081 -0.52552145 0.27516487
v 0.38411289 -0.5892049 0.27010989
v 0.33861494 -0.56665873 0.30766561
v 0.39082482 -0.63085252 0.26731827
v 0.35435023 -0.62162023 0.31020629
v 0.3304502 -0.6215918 0.35580802
v 0.38535937 -0.67821186 0.32175093
v 0.35795834 -0.67418223 0.37047067
v 0.33009526 -0.66582739 0.41697207
v 0.39559468 -0.72174495 0.39126497
v 0.36396533 -0.70793587 0.44300088
v 0.32929191 -0.69152456 0.48901104
v 0.40009763 -0.73101812 0.470826
v 0.37645044 -0.73350238 0.53487318
v 0.34259498 -0.73091292 0.59000432
v 0.4231503 -0.75309872 0.58053553
v 0.38504061 -0.74993908 0.64757794
v 0.324945 -0.72933912 0.68371975
v 0.41057252 -0.73201102 0.69127965
v 0.348901 -0.72152757 0.74577999
v 0.27027571 -0.7118197 0.77665823
v 0.36466276 -0.69765353 0.80381429
v 0.27251908 -0.684713 0.83470624
v 0.17192351 -0.67505234 0.84442389
v 0.26478958 -0.63922905 0.88176608
v 0.16178187 -0.63625705 0.90920954
v 0.04950958 -0.62049436 0.9043954
v 0.13709923 -0.57044035 0.95992273
v 0.01970195 -0.56663817 0.95662778
v -0.08672582 -0.53693008 0.95445114
v 0.0065998 -0.49110227 1.00982618
v -0.12729632 -0.47444653 0.98874282
v -0.24728186 -0.41500508 0.91582411
v -0.1529445 -0.36820006 0.98472338
v -0.25769731 -0.33985841 0.88433373
v -0.3127526 -0.3311603 0.78762412
v -0.2382317 -0.29022744 0.85855817
v -0.29438403 -0.28653037 0.77017581
v -0.33662885 -0.26880672 0.6807971
v -0.26014775 -0.25401625 0.7490372
v -0.2955428 -0.24212306 0.65974104
v -0.3348647 -0.20834228 0.58163201
v -0.24742767 -0.22476312 0.62831097
v -0.28313657 -0.20016019 0.56690537
v -0.29906731 -0.16683165 0.47576484
v -0.22552117 -0.1985585 0.53918677
v -0.24921652 -0.17506085 0.47867763
v -0.25973105 -0.14976023 0.40643033
v -0.18907241 -0.1902088 0.45774945
v -0.1976058 -0.17119309 0.401167
v -0.19288989 -0.15483364 0.34452918
v -0.13984867 -0.20462679 0.39081192
v -0.13518634 -0.19434411 0.34868955
v -0.12204052 -0.18870408 0.31253203
v -0.08882883 -0.24559147 0.35061368
v -0.0750471 -0.23329336 0.30720102
v -0.05419435 -0.22579427 0.27037912
v -0.04394721 -0.29381188 0.30766335
v -0.02562724 -0.28626203 0.27302041
v -0.00184173 -0.28271856 0.24211905
v -0.01301475 -0.34054908 0.25996765
v 0.00987925 -0.33943748 0.23092512
v 0.03638669 -0.33735594 0.20131373
v 0.00478971 -0.3882313 0.2099885
v 0.03204231 -0.39007955 0.18021807
v 0.06003531 -0.37972483 0.14712621
v 0.01448117 -0.43796518 0.15421426
v 0.04559385 -0.4319317 0.11904873
v 0.07979863 -0.42659148 0.0879576
v 0.01885391 -0.47534665 0.08425539
v 0.05569604 -0.4575822 0.04725102
v 0.09853076 -0.46145829 0.01898006
v 0.02552781 -0.48517593 0.00323769
v 0.07210797 -0.48746016 -0.03033906
v 0.12708424 -0.492435 -0.05780818
v 0.04069446 -0.51030236 -0.08409175
v 0.10222236 -0.51074671 -0.12020273
v 0.16771385 -0.49593552 -0.1409775
v 0.0776286 -0.5132249 -0.18818813
v 0.14523147 -0.4978832 -0.20074315
v 0.22373858 -0.48149377 -0.21652045
v 0.13058921 -0.49390801 -0.28452873
v 0.21366298 -0.46353361 -0.28935509
v 0.28512954 -0.43437635 -0.27665177
v 0.19522361 -0.42792111 -0.35959804
v 0.28103178 -0.39837646 -0.3358474
v 0.36515224 -0.36586836 -0.31572553
v 0.28272607 -0.33729901 -0.38369813
v 0.36487251 -0.30749169 -0.34358847
v 0.45494797 -0.28992962 -0.32022562
v 0.36468067 -0.23684945 -0.34800732
v 0.44736895 -0.22454814 -0.31292352
v 0.54149848 -0.21222634 -0.29350209
v 0.45100036 -0.16715222 -0.29393672
v 0.53930324 -0.15547692 -0.26993018
v 0.62651228 -0.13924154 -0.23358564
v 0.52093076 -0.10328757 -0.22720007
v 0.60945963 -0.08916685 -0.19445161
v 0.6772331 -0.07207208 -0.13838599
v 0.58808153 -0.05123352 -0.14793703
v 0.63769865 -0.03554691 -0.09339181
v 0.70842027 -0.01482012 -0.03542525
v 0.60654306 -0.013046 -0.04720955
v 0.648669 0.00266452 0.00958295
v 0.70296198 0.02515208 0.0691845
v 0.60869836 0.00622747 0.05209226
v 0.64666271 0.02190323 0.10749532
v 0.67920178 0.03766848 0.16348072
v 0.593858 0.00444454 0.13881881
v 0.6383593 0.01796252 0.19510349
v 0.65921247 0.02682136 0.2428956
v 0.6001572 -0.01294723 0.2188737
v 0.63345074 -0.00495372 0.2683328
v 0.65626406 0.00167598 0.31344816
v 0.59551507 -0.04585738 0.27809929
v 0.62979388 -0.04115415 0.32521754
v 0.64223951 -0.03433969 0.36294522
v 0.62478661 -0.09086868 0.33759126
v 0.64103525 -0.08335304 0.37608712
v 0.66538715 -0.07635103 0.42301073
v 0.6337406 -0.13484999 0.37216907
v 0.65789824 -0.12795798 0.41697183
v 0.6683557 -0.11750568 0.46063479
v 0.66632729 -0.18024259 0.40468406
v 0.68495219 -0.17160368 0.45197284
v 0.69179165 -0.15998084 0.49859923
v 0.71973574 -0.22442787 0.43788024
v 0.73514521 -0.21461981 0.48977616
v 0.75148224 -0.20499984 0.54639428
v 0.79159623 -0.2643156 0.4748952
v 0.79024434 -0.24703383 0.5260337
v 0.80218333 -0.23409372 0.58472764
v 0.84145402 -0.28077754 0.50583779
v 0.87392097 -0.27561166 0.57595562
v 0.8661459 -0.25418114 0.62996119
v 0.92458093 -0.29684972 0.55426496
v 0.92350792 -0.27823507 0.61479717
v 0.96097457 -0.27349099 0.69431817
v 1.0116285 -0.30218607 0.60889452
v 1.00881636 -0.28075793 0.67466646
v 1.0271908 -0.26922282 0.75370818
v 1.08396613 -0.28304046 0.67093855
v 1.07557594 -0.26204249 0.74031937
v 1.09107363 -0.25666898 0.82269746
v 1.13968014 -0.24415475 0.74009525
v 1.13632619 -0.23313985 0.83259862
v 1.14778065 -0.23543146 0.92256224
v 1.18214762 -0.19765952 0.8392415
v 1.20215761 -0.19596752 0.96908861
v 1.19686281 -0.18159693 1.08343744
v 1.20699548 -0.11367197 1.00707113
v 1.2118293 -0.11260098 1.10309851
v 1.14954066 -0.06450792 1.24651789
v 1.13523793 0.04220622 1.17464268
v 1.06488955 0.08926685 1.26708984
v 1.0079422 0.08351771 1.3460865
v 0.99734979 0.15225735 1.23292636
v 0.92999732 0.17834961 1.29917943
v 0.86748647 0.18072141 1.35488998
v 0.8447619 0.23148161 1.26828265
v 0.73986893 0.25973063 1.31416201
v 0.6603254 0.26733064 1.30127823
v 0.67382592 0.27523174 1.23219597
v 0.61279791 0.279951 1.25193202
v 0.55237519 0.2966243 1.29603242
v 0.57024037 0.29019764 1.2098577
v 0.51883429 0.3149873 1.28281211
v 0.44734638 0.33929503 1.31794071
v 0.482342 0.31644672 1.23902404
v 0.41211926 0.33406186 1.24992346
v 0.34802788 0.36721378 1.31474423
v 0.38847029 0.32477998 1.21114444
v 0.32599857 0.34596681 1.23927903
v 0.26356485 0.37092402 1.28067493
v 0.31623053 0.31885683 1.19859683
v 0.25983867 0.33584544 1.21895647
v 0.20512993 0.35765656 1.2601794
v 0.26519858 0.29717937 1.19822907
v 0.21354582 0.31235155 1.21433568
v 0.15955919 0.32346463 1.20348036
v 0.22386118 0.25938427 1.17128491
v 0.1758975 0.27383157 1.18616342
v 0.12617436 0.28347787 1.17200899
v 0.19581557 0.2208842 1.186504
v 0.14828904 0.23050862 1.18220329
v 0.10115545 0.24048936 1.18254327
v 0.17049956 0.17743998 1.19264268
v 0.1232847 0.1861985 1.19113946
v 0.07472204 0.18813909 1.15622365
v 0.14160922 0.13711755 1.19438743
v 0.0916016 0.14626711 1.21553945
v 0.03989266 0.15327598 1.2064948
v 0.10477561 0.10965947 1.23807299
v 0.0492425 0.1186527 1.24493193
v -0.00708344 0.12559719 1.22810864
v 0.05172076 0.09910737 1.30374991
v -0.01060861 0.10829854 1.29564464
v -0.0699087 0.11403181 1.25258159
v -0.02054598 0.10359188 1.33319103
v -0.086329 0.11283316 1.31575119
v -0.15145605 0.12117734 1.29110801
v -0.11114292 0.12701484 1.37052202
v -0.18476845 0.13811312 1.36328959
v -0.24843725 0.14387841 1.31109046
v -0.21904096 0.16627124 1.39662802
v -0.2887136 0.17266517 1.35225725
v -0.36637571 0.18193393 1.33764362
v -0.34105745 0.21673762 1.40438032
v -0.42002281 0.22403106 1.36748218
v -0.49320313 0.22779637 1.31727242
v -0.46719452 0.27519249 1.38342475
v -0.56340986 0.28864926 1.35698711
v -0.63869798 0.29149675 1.2916789
v -0.62890917 0.36159086 1.33677589
v -0.70391708 0.37440276 1.25936651
v -0.80243253 0.41339093 1.22298014
v -0.75233876 0.43519309 1.23230493
v -0.83484715 0.48196032 1.16562628
v -0.89348304 0.47250896 1.12771475
v -0.83659482 0.54782575 1.12860643
v -0.90308558 0.54832822 1.08222568
v -0.96004611 0.57624518 1.01014256
v -0.85808563 0.61142897 1.03420603
v -0.92254662 0.63732081 0.91352796
v -0.93079322 0.64205563 0.82511317
v -0.83366119 0.65298265 0.89481306
v -0.87668168 0.65479081 0.81678795
v -0.87050348 0.64761465 0.74927276
v -0.77636069 0.63876557 0.80449593
v -0.78063172 0.62512707 0.73847478
v -0.78764617 0.62217462 0.68077051
v -0.71802574 0.61342769 0.74498957
v -0.70372736 0.5880863 0.68136692
v -0.71697586 0.58795017 0.62955677
v -0.63966459 0.55744558 0.68930369
v -0.65023064 0.55884611 0.63664645
v -0.65132063 0.55492389 0.57920146
v -0.58658635 0.51727408 0.64265948
v -0.58135151 0.51108616 0.58352029
v -0.5837953 0.51280927 0.52926451
v -0.52682304 0.4655525 0.59260112
v -0.5253697 0.46436053 0.53815257
v -0.53341633 0.46926358 0.4892233
v -0.48721256 0.41557428 0.55400151
v -0.49556163 0.42028847 0.50641369
v -0.48655811 0.4127255 0.44850504
v -0.46850049 0.36386677 0.5223062
v -0.45819467 0.35423836 0.46223369
v -0.46064564 0.35583376 0.41113579
v -0.46250623 0.30463126 0.48452875
v -0.45096799 0.29661855 0.42276677
v -0.46078941 0.30312115 0.37640297
v -0.46563404 0.24575159 0.43634074
v -0.47103741 0.24889615 0.38563334
v -0.4690409 0.24891708 0.33102479
v -0.49846887 0.20417931 0.39384713
v -0.49874073 0.20540794 0.33880817
v -0.49976632 0.20759886 0.28371599
v -0.53087359 0.16977791 0.33951947
v -0.53050404 0.17066499 0.28305211
v -0.52328127 0.16936001 0.22413666
v -0.58113735 0.1520657 0.28416067
v -0.57871168 0.15182651 0.22503781
v -0.5773639 0.15182462 0.16558797
v -0.63389921 0.14908455 0.21977898
v -0.62995225 0.14798234 0.15833668
v -0.63526845 0.14919491 0.0964863
v -0.68197274 0.16117022 0.14601112
v -0.68032902 0.16020959 0.08256802
v -0.67759591 0.15870179 0.01655914
v -0.73880213 0.19140619 0.06377454
v -0.72961199 0.18786861 -0.00401612
v -0.71174508 0.18112514 -0.07434094
v -0.76436984 0.22718672 -0.02783517
v -0.76423811 0.22565706 -0.10328751
v -0.74126792 0.21845194 -0.17905452
v -0.77678942 0.27222293 -0.12706734
v -0.78218501 0.27496224 -0.21542871
v -0.74615681 0.26779237 -0.29912021
v -0.78235101 0.33065497 -0.2397466
v -0.74266797 0.32289299 -0.3214474
v -0.70175182 0.33050406 -0.41687598
v -0.7352662 0.38685384 -0.34363687
v -0.68391084 0.39313399 -0.42904639
v -0.61036074 0.40553689 -0.49758398
v -0.65595585 0.45131972 -0.42687702
v -0.57647907 0.45964732 -0.47694772
v -0.51078546 0.48108547 -0.52992886
v -0.54293304 0.50228393 -0.4472092
v -0.47581836 0.52188277 -0.48445752
v -0.41016465 0.5359379 -0.5188862
v -0.44460463 0.54960221 -0.43912559
v -0.38150206 0.56702065 -0.46832481
v -0.31573641 0.57344567 -0.48799184
v -0.35473835 0.5786556 -0.41154569
v -0.29571104 0.59304827 -0.43613439
v -0.23394849 0.59525471 -0.44967556
v -0.27168124 0.57615786 -0.36849224
v -0.21736085 0.59757852 -0.3948889
v -0.15906514 0.59447664 -0.40031924
v -0.20017549 0.57717311 -0.33668625
v -0.14597939 0.58256006 -0.34938308
v -0.09308275 0.57989347 -0.35552328
v -0.13360822 0.55086213 -0.30019629
v -0.08364787 0.55661618 -0.3128654
v -0.035315 0.55546867 -0.31998357
v -0.07495874 0.50928795 -0.27260068
v -0.02842024 0.5163306 -0.28561961
v 0.01864722 0.53393209 -0.30075112
v -0.02138475 0.4719004 -0.26685944
v 0.02423283 0.48347988 -0.27957928
v 0.06681839 0.48529967 -0.28025358
v 0.02877025 0.42696094 -0.27581843
v 0.07236246 0.43262451 -0.27926027
v 0.11755161 0.44667756 -0.27948707
v 0.07600069 0.3782745 -0.29448705
v 0.12407226 0.39497855 -0.29762893
v 0.17222407 0.41070002 -0.29071897
v 0.12922732 0.34897393 -0.33214312
v 0.17684538 0.35816127 -0.32060614
v 0.22798632 0.37388736 -0.30609214
v 0.18394935 0.32170137 -0.36650317
v 0.23710526 0.33584222 -0.34806472
v 0.29712066 0.35954096 -0.33161747
v 0.25091123 0.31632965 -0.40236255
v 0.3123174 0.33815699 -0.38155832
v 0.37236657 0.36000406 -0.35739928
v 0.32689902 0.33038988 -0.43452921
v 0.38744705 0.35106045 -0.40661174
v 0.45608282 0.37872558 -0.38275018
v 0.41331607 0.36103901 -0.46596369
v 0.48186716 0.38879242 -0.43653604
v 0.54041749 0.41285249 -0.39686775
v 0.49821925 0.40607836 -0.48421555
v 0.56365245 0.43693676 -0.44250452
v 0.63504195 0.46629345 -0.3988907
v 0.59052676 0.47855299 -0.48429268
v 0.65182906 0.50476658 -0.42863437
v 0.72532439 0.52547031 -0.37849482
v 0.68255519 0.57149571 -0.45122662
v 0.75225937 0.59408348 -0.38824001
v 0.82163918 0.60837632 -0.33614739
v 0.73779195 0.65058529 -0.38258639
v 0.83082145 0.69701415 -0.31812343
v 0.88739949 0.73343926 -0.24754855
v 0.79174917 0.75802218 -0.28889149
v 0.8546887 0.8043794 -0.21020405
v 0.89607006 0.84258592 -0.132238
v 0.78761255 0.83483344 -0.18403446
v 0.82675546 0.87540352 -0.12055187
v 0.86662811 0.92462396 -0.01775199
v 0.7585842 0.89470595 -0.07381044
v 0.77025967 0.91642713 -0.00490514
v 0.79351615 0.9331454 0.04863819
v 0.71883231 0.91913849 0.01407205
v 0.73816239 0.93799281 0.08586131
v 0.75002336 0.94784212 0.15266461
v 0.67615258 0.92223399 0.09800273
v 0.70685786 0.95777821 0.17885296
v 0.72613507 0.97011339 0.25273352
v 0.64664441 0.92152637 0.18388843
v 0.66957622 0.94279706 0.25820007
v 0.6869058 0.9484983 0.32440778
v 0.62286096 0.90254503 0.26101502
v 0.65169674 0.93097758 0.34094435
v 0.66210466 0.92028427 0.3930512
v 0.61672985 0.88074928 0.3389689
v 0.63237255 0.87885993 0.39554762
v 0.65566676 0.89217996 0.46464669
v 0.62129175 0.83797007 0.40278363
v 0.63543623 0.8309316 0.45217013
v 0.66478639 0.85380333 0.52954256
v 0.63516533 0.77548533 0.44602844
v 0.65688198 0.77987289 0.50318783
v 0.68185448 0.79060924 0.56636333
v 0.67527753 0.72450256 0.49269327
v 0.7034282 0.73627483 0.55669045
v 0.72290146 0.73611003 0.60532683
v 0.73710602 0.68059372 0.53617548
v 0.74956798 0.67074096 0.57146662
v 0.77320104 0.67648237 0.62491476
v 0.80571949 0.63522684 0.56435334
v 0.83101433 0.64002084 0.61934822
v 0.84555941 0.63840299 0.66255408
v 0.88717925 0.6044963 0.59820157
v 0.88914853 0.59187173 0.62605464
v 0.91257917 0.60105794 0.68861144
v 0.96870678 0.58421081 0.6326673
v 0.98553681 0.58570104 0.68959909
v 0.99019843 0.58384352 0.74240106
v 1.044775 0.57555741 0.67603182
v 1.05601704 0.57694762 0.74368149
v 1.05576026 0.57732981 0.81114131
v 1.105919 0.58347833 0.74448043
v 1.0959239 0.57870048 0.80712842
v 1.07317733 0.57237958 0.86119049
v 1.12868404 0.6021409 0.81968092
v 1.11361122 0.59955358 0.887398
v 1.09682095 0.60263264 0.96181798
v 1.15387404 0.65243619 0.94431591
v 1.10875928 0.63611662 0.97867196
v 1.0931034 0.64358162 1.06409812
v 1.1142832 0.68684405 1.01726865
v 1.10672676 0.70217263 1.12554681
v 1.05421805 0.68422853 1.14442801
v 1.06693351 0.7403711 1.11644601
v 1.03592586 0.74040591 1.18068575
v 1.01406085 0.74809187 1.26396024
v 0.99696701 0.796754 1.20244669
v 0.964576 0.79515534 1.25982725
v 0.93479996 0.79603499 1.32338047
v 0.92195332 0.8650062 1.30638015
v 0.88446795 0.85568976 1.34445083
v 0.85432934 0.86260503 1.42152631
v 0.82352733 0.90094572 1.33342886
v 0.79227656 0.90999013 1.41127395
v 0.75496542 0.91570037 1.47914183
v 0.7309708 0.94887989 1.39265406
v 0.6913591 0.94149673 1.42604506
v 0.64840447 0.9484294 1.48481142
v 0.63670808 0.97749853 1.41589117
v 0.59427267 0.98823678 1.47964465
v 0.54679262 0.98329418 1.50244402
v 0.5507791 0.99129974 1.42333841
v 0.50749874 0.98244369 1.4365648
v 0.45555514 1.00273084 1.50440943
v 0.47953936 0.9757815 1.39241731
v 0.43296665 0.98331886 1.43101334
v 0.38365256 0.98990023 1.46325194
v 0.41821938 0.9737758 1.41235387
v 0.37257367 0.97447675 1.43012976
v 0.32296812 0.98264062 1.45815837
v 0.3810164 0.91845428 1.35306346
v 0.33829176 0.9202528 1.36933708
v 0.28735715 0.93494439 1.39737975
v 0.35334479 0.88557446 1.36756455
v 0.30740681 0.89584076 1.38898229
v 0.26043745 0.90200704 1.3871994
v 0.34314501 0.82758581 1.35526454
v 0.28641763 0.85369473 1.39652466
v 0.25401961 0.85928833 1.38672232
v 0.34007543 0.77997195 1.3761065
v 0.29300928 0.78839206 1.38671886
v 0.25659522 0.79252576 1.37573957
v 0.33783888 0.73843401 1.42352223
v 0.2936401 0.73083484 1.39835155
v 0.24649535 0.73747175 1.42301797
v 0.33117798 0.69293046 1.45003128
v 0.27691865 0.70382964 1.46764504
v 0.22899542 0.70740038 1.47472178
v 0.31105613 0.66134852 1.48706364
v 0.24883969 0.68009668 1.52226126
v 0.19042295 0.68176919 1.50473368
v 0.27033469 0.64871722 1.53713357
v 0.20426994 0.66107457 1.54491913
v 0.1366688 0.67521554 1.5550363
v 0.20843242 0.65859097 1.60187947
v 0.13922655 0.67092788 1.60455679
v 0.07465333 0.67531567 1.58162772
v 0.13105554 0.68003255 1.64400374
v 0.05347872 0.70355379 1.67739367
v -0.01260013 0.70854562 1.65233397
v 0.03019751 0.73032039 1.71942663
v -0.03140122 0.72919583 1.67433106
v -0.11604371 0.75532656 1.70623207
v -0.07910922 0.78418231 1.74958014
v -0.14096906 0.78464591 1.70772004
v -0.22630047 0.80733883 1.72257602
v -0.19219496 0.84263384 1.74635839
v -0.26096582 0.84992241 1.71956694
v -0.33167693 0.8581025 1.69288349
v -0.30268403 0.90257209 1.71163046
v -0.39518138 0.92884022 1.71975827
v -0.46364116 0.9339593 1.67752134
v -0.42915999 0.97971105 1.68651199
v -0.48537778 0.97711575 1.6317929
v -0.57326912 0.99912792 1.60876429
v -0.54238677 1.04954361 1.6282835
v -0.585482 1.03981232 1.55588793
v -0.6694709 1.0642935 1.52254855
v -0.60133528 1.08406806 1.51395571
v -0.69686347 1.11972308 1.49336862
v -0.73831403 1.11977005 1.42293512
v -0.69145435 1.15043211 1.44287264
v -0.74639797 1.16202652 1.38872516
v -0.77305162 1.15607726 1.31449878
v -0.68963956 1.15568733 1.3076173
v -0.73794931 1.16361773 1.26406383
v -0.81993699 1.20066773 1.2305063
v -0.71596729 1.17401075 1.22850465
v -0.74467486 1.1691395 1.16871273
v -0.81112134 1.19584715 1.13035547
v -0.72739177 1.17207384 1.1529169
v -0.74795901 1.16068613 1.09059822
v -0.78705483 1.16605579 1.03951692
v -0.70046609 1.1263647 1.06847262
v -0.74530029 1.13430404 1.02336859
v -0.80850863 1.16183078 0.98309606
v -0.7079631 1.09357857 1.01828789
v -0.75654971 1.10705733 0.97397738
v -0.79138225 1.11005044 0.9225251
v -0.71661549 1.04978823 0.97752183
v -0.76527953 1.06428217 0.93422085
v -0.79106527 1.05921626 0.88242411
v -0.72470957 0.99397808 0.94569802
v -0.78541111 1.01867127 0.91104203
v -0.83170598 1.03195536 0.87003284
v -0.77678215 0.96697115 0.94386386
v -0.7844966 0.94740909 0.88693308
v -0.82578319 0.95788538 0.84798216
v -0.81105345 0.92142039 0.93558365
v -0.8226487 0.90766996 0.88213509
v -0.8595888 0.9158647 0.84203696
v -0.85393416 0.8848586 0.92912381
v -0.89161437 0.8925938 0.88651084
v -0.93694728 0.90731406 0.84665799
v -0.91710043 0.86800867 0.9238727
v -0.93939012 0.8646276 0.8741309
v -0.97156959 0.86900341 0.82777619
v -1.00118231 0.87267965 0.91172343
v -1.04612875 0.88486868 0.86338877
v -1.03971064 0.86220234 0.80207729
v -1.09146344 0.89199674 0.87879794
v -1.10621714 0.88397473 0.81686836
v -1.1141678 0.87159985 0.75538873
v -1.16255486 0.91233795 0.81592726
v -1.16924119 0.89906644 0.75120854
v -1.19187581 0.89595538 0.68931627
v -1.26216828 0.96675527 0.735089
v -1.25817763 0.94567489 0.66887658
v -1.25339162 0.92287391 0.60418236
v -1.32097053 1.00903272 0.6341862
v -1.33153402 0.99721366 0.56538188
v -1.33200359 0.97658801 0.49758991
v -1.33409953 1.03181409 0.5266298
v -1.37125659 1.037606 0.45113796
v -1.39071679 1.02517437 0.37437453
v -1.39168596 1.10132587 0.39898222
v -1.41989886 1.10083687 0.3097229
v -1.42064642 1.06522536 0.23220476
v -1.38884568 1.149585 0.26134759
v -1.4272871 1.13688564 0.17320053
v -1.41515469 1.10006392 0.0858813
v -1.41613435 1.21820628 0.13278277
v -1.41689193 1.20993495 0.008811
v -1.36965584 1.2061795 -0.1043109
v -1.32318639 1.27362668 -0.03884441
v -1.27695477 1.25637912 -0.10350243
v -1.28929007 1.2428745 -0.14080421
v -1.2491672 1.27322387 -0.08596742
v -1.18831551 1.27111995 -0.14503191
v -1.1575725 1.24245405 -0.16052763
v -1.11091256 1.27098465 -0.06639102
v -1.10573232 1.26908707 -0.1415515
v -1.03237414 1.21324229 -0.14631496
v -1.01552116 1.22461712 -0.04900636
v -0.98872071 1.1933825 -0.08653906
v -0.97090369 1.16718363 -0.1155669
v -0.94844895 1.16385436 -0.03275268
v -0.92699444 1.12449061 -0.06041811
v -0.91930037 1.10999655 -0.10220597
v -0.90217834 1.10069906 -0.01047691
v -0.90414345 1.10617625 -0.06250835
v -0.86926078 1.0468378 -0.07829736
v -0.87249696 1.04342401 0.00175342
v -0.84770751 1.0041958 -0.02497245
v -0.8413617 1.01005137 -0.06492189
v -0.84813773 0.97052699 0.01181135
v -0.83506959 0.966865 -0.02251983
v -0.8087393 0.9570871 -0.04842083
v -0.83015155 0.90661764 0.01354177
v -0.80056875 0.89565527 -0.01148379
v -0.76012575 0.88044244 -0.02651205
v -0.79848229 0.83053702 0.01308039
v -0.77034378 0.83037865 -0.01083959
v -0.73282349 0.82791018 -0.02699616
v -0.78677356 0.77911442 -0.00813217
v -0.76000791 0.79067868 -0.0337042
v -0.71116727 0.78449386 -0.04586984
v -0.76143246 0.72065317 -0.03584424
v -0.71560531 0.72168964 -0.05467222
v -0.67031633 0.7309525 -0.07317763
v -0.74512696 0.69310551 -0.08715407
v -0.69389605 0.7000246 -0.10681053
v -0.63211578 0.69625824 -0.11844063
v -0.71103888 0.67000681 -0.14554581
v -0.65057611 0.66924309 -0.16171172
v -0.60075086 0.67963993 -0.18422041
v -0.6750673 0.65176045 -0.21480913
v -0.60716748 0.64727681 -0.22750006
v -0.56278401 0.65583366 -0.25426614
v -0.64427429 0.64327848 -0.30713522
v -0.58537161 0.63832795 -0.31985974
v -0.5224815 0.63665056 -0.34126502
v -0.61268723 0.64119076 -0.40803057
v -0.55361926 0.64043396 -0.43306118
v -0.47712981 0.64669948 -0.44067075
v -0.57573354 0.67577314 -0.53600221
v -0.50592625 0.68681794 -0.55681204
v -0.42118084 0.7095471 -0.56123352
v -0.50953829 0.74870449 -0.63074237
v -0.42417886 0.77955085 -0.64105224
v -0.32364249 0.8054617 -0.61096811
v -0.40170243 0.86961346 -0.68187183
v -0.31507372 0.88973254 -0.64463186
v -0.22426119 0.91936647 -0.59975129
v -0.30578458 0.95687443 -0.63967955
v -0.22190465 0.99710243 -0.59771066
v -0.15222771 0.9866063 -0.52966511
v -0.22031605 1.05750751 -0.56006264
v -0.16103556 1.03968691 -0.50907695
v -0.10119233 1.06804931 -0.47613352
v -0.17303027 1.09831059 -0.47592213
v -0.1134407 1.11940944 -0.44641101
v -0.05624607 1.1341412 -0.41385221
v -0.13044968 1.1472032 -0.40106239
v -0.07429108 1.1750133 -0.37587744
v -0.02299239 1.17600858 -0.33935481
v -0.09653918 1.18413221 -0.32269319
v -0.0466582 1.19080603 -0.29028889
v 0.00526619 1.21781277 -0.2624287
v -0.07009591 1.17389237 -0.2331475
v -0.0210655 1.20310437 -0.20809529
v 0.02596667 1.21715426 -0.17792831
v -0.04176811 1.18021476 -0.15598213
v 0.00254811 1.19064271 -0.12838459
v 0.04746383 1.23439288 -0.10041746
v -0.01232566 1.18243527 -0.08530359
v 0.02753587 1.18030786 -0.05712544
v 0.0645735 1.22226834 -0.02606945
v 0.01983553 1.14728546 -0.02221771
v 0.05411365 1.16210019 0.00636131
v 0.08152539 1.1575824 0.03890185
v 0.05701746 1.11292791 0.02883926
v 0.08539127 1.1263647 0.06126697
v 0.10666713 1.12323737 0.09743044
v 0.1010003 1.06958901 0.06926265
v 0.12468104 1.08851206 0.10820154
v 0.14279362 1.09421932 0.15027762
v 0.15284688 1.03329753 0.10216203
v 0.17266859 1.0345273 0.14349192
v 0.19104784 1.0600667 0.19594234
v 0.21161292 0.99896031 0.12905484
v 0.23368255 1.02964472 0.18568135
v 0.24883385 1.02357888 0.23428149
v 0.28055834 1.00070393 0.16382059
v 0.29703354 0.99784904 0.21603268
v 0.31281566 0.99641478 0.26826721
v 0.34811058 0.99405252 0.19602447
v 0.36449766 0.99436986 0.2514992
v 0.38357242 1.01091265 0.31460252
v 0.41429352 1.00791156 0.2328009
v 0.43142202 1.0153737 0.29304233
v 0.44811114 1.02816259 0.35564622
v 0.47344744 1.03980994 0.27464503
v 0.48936271 1.05124235 0.33789393
v 0.50720614 1.08391654 0.41448444
v 0.5258789 1.10241937 0.33250498
v 0.53157252 1.09903264 0.38717314
v 0.54019415 1.12190759 0.45800688
v 0.55376637 1.14465534 0.37894836
v 0.55781674 1.16914296 0.45429632
v 0.54957777 1.19017076 0.52477818
v 0.56735318 1.21989882 0.45344141
v 0.55877137 1.23730444 0.52962166
v 0.54112875 1.24958384 0.59990876
v 0.55996054 1.29512584 0.5395354
v 0.53991174 1.30278933 0.61515134
v 0.50624066 1.30405914 0.67601972
v 0.51095128 1.25304806 0.65576779
v 0.47072288 1.25299274 0.69417071
v 0.46121692 1.30459451 0.71785479
v 0.40814131 1.3073728 0.73956477
v 0.42311647 1.25454878 0.71576559
v 0.49249729 1.36002981 0.69140708
v 0.44465774 1.36032891 0.73188114
v 0.38936844 1.36403536 0.75035291
v 0.331483 1.36801457 0.74662631
v 0.35067865 1.31165754 0.73965245
v 0.36832007 1.42408096 0.74473321
v 0.34700834 1.48283696 0.71585857
v 0.32806459 1.53073036 0.66063952
v 0.31498619 1.56092453 0.58393317
v 0.25576084 1.53970551 0.58158034
v 0.38730266 1.55237007 0.58297753
v 0.38822594 1.55869627 0.49310335
v 0.3086909 1.56825232 0.49467846
v 0.45964792 1.51042878 0.57686531
v 0.46478012 1.51368022 0.48960807
v 0.46524784 1.4981296 0.39746496
v 0.39012801 1.54193162 0.40040013
v 0.51546472 1.44248151 0.56844097
v 0.52371019 1.44128108 0.48272359
v 0.52366423 1.42795062 0.39440599
v 0.51924824 1.40907204 0.30123975
v 0.46408006 1.47259175 0.30525645
v 0.5568642 1.35789525 0.47073715
v 0.5578432 1.34344935 0.38854813
v 0.55635494 1.33496141 0.30958861
v 0.53708332 1.30357193 0.22521716
v 0.51039218 1.35197734 0.20370283
v 0.56844937 1.2577939 0.37626192
v 0.56643694 1.25963318 0.31353399
v 0.54890918 1.24144351 0.23611028
v 0.5292927 1.20471811 0.15649057
v 0.52936124 1.29543006 0.15684622
v 0.56217396 1.20160305 0.31535354
v 0.53168839 1.15528905 0.23002818
v 0.52094656 1.14389538 0.16321872
v 0.51333379 1.13600087 0.09558682
v 0.5270133 1.20471048 0.08902759
v 0.52722251 1.12483382 0.24873554
v 0.50877362 1.10115516 0.17659987
v 0.49375209 1.08588314 0.10721912
v 0.47526478 1.06965029 0.03428867
v 0.50807821 1.13560569 0.02232954
v 0.48906719 1.06584012 0.19426
v 0.46582505 1.03776788 0.12118426
v 0.44858247 1.03023469 0.05457354
v 0.42255547 1.01134824 -0.01827923
v 0.45649701 1.06053173 -0.0403119
v 0.43245267 1.00384366 0.14132115
v 0.41488283 1.00045537 0.07890677
v 0.38424876 0.96855127 0.00749124
v 0.35177651 0.94775384 -0.05789367
v 0.38755941 0.9847716 -0.09100275
v 0.3687987 0.96582853 0.10125303
v 0.34691694 0.9589433 0.04101045
v 0.31241044 0.9291386 -0.0192537
v 0.27557387 0.9113183 -0.06770647
v 0.31651425 0.9394409 -0.11286664
v 0.3001829 0.95131027 0.07287389
v 0.2697649 0.92913276 0.02034457
v 0.23950225 0.92658561 -0.02188106
v 0.19608268 0.89364773 -0.05911343
v 0.2323966 0.89522731 -0.10730441
v 0.23084172 0.96661257 0.05863559
v 0.20073886 0.95564425 0.01768348
v 0.16074891 0.91668248 -0.01833525
v 0.12207786 0.91604358 -0.04459631
v 0.14987908 0.87357854 -0.08805538
v 0.159639 0.97219485 0.04512777
v 0.12581794 0.94877052 0.01283241
v 0.08937045 0.94487637 -0.01180455
v 0.04623442 0.91889047 -0.03292342
v 0.0745336 0.89012444 -0.0673809
v 0.09506163 0.99094408 0.0315912
v 0.05993228 0.98279458 0.00789561
v 0.02028495 0.97176301 -0.01240109
v -0.02281806 0.94735539 -0.03083236
v 0.00085505 0.90939652 -0.05225097
v 0.03693451 1.03544759 0.0130442
v -0.00172293 1.04043877 -0.00760094
v -0.04301676 0.99923527 -0.0260849
v -0.08643126 0.98862481 -0.04526435
v -0.06800498 0.93604862 -0.04939253
v -0.01585529 1.09209346 -0.01990158
v -0.05657193 1.05551886 -0.03921619
v -0.09830675 1.02955734 -0.05780527
v -0.14173592 1.02121615 -0.07817378
v -0.13025744 0.96836364 -0.06344685
v -0.06094875 1.11131727 -0.06855385
v -0.10376057 1.09786582 -0.09044974
v -0.14647568 1.07416617 -0.11023713
v -0.19045634 1.06688523 -0.13181942
v -0.18639579 1.01929509 -0.09939082
v -0.09958226 1.14199388 -0.13330879
v -0.1437041 1.12021184 -0.15479038
v -0.18883472 1.11628985 -0.17891123
v -0.23299782 1.09692287 -0.19624315
v -0.23390312 1.05178773 -0.14880478
v -0.13353216 1.13895106 -0.20347903
v -0.17942568 1.12749934 -0.22704108
v -0.22574007 1.11931896 -0.24861398
v -0.27239945 1.10748982 -0.26382291
v -0.27491781 1.06193363 -0.20211985
v -0.16621874 1.14354109 -0.28427833
v -0.21447934 1.11567246 -0.29996645
v -0.26419377 1.11940836 -0.32225963
v -0.31165224 1.09424746 -0.32342022
v -0.31799593 1.08314847 -0.26650568
v -0.20160226 1.12864816 -0.36377978
v -0.25504085 1.11878776 -0.38412225
v -0.30491364 1.10202133 -0.38314583
v -0.35871681 1.12050247 -0.40494656
v -0.36487543 1.1121478 -0.33864513
v -0.24078396 1.10339355 -0.43806687
v -0.29371234 1.12163209 -0.4641211
v -0.35774192 1.12402463 -0.49425622
v -0.42116734 1.12396085 -0.4903565
v -0.41320443 1.10926652 -0.39549922
v -0.30483925 1.08934748 -0.5416215
v -0.36174327 1.07675528 -0.56991201
v -0.41580304 1.08363735 -0.58398842
v -0.47475099 1.08853185 -0.5760672
v -0.49171686 1.11282599 -0.49135154
v -0.3739334 1.05635964 -0.61922073
v -0.43170931 1.03450226 -0.65151572
v -0.48909419 1.04207611 -0.64917385
v -0.58029031 1.03067541 -0.63534945
v -0.55218946 1.09651541 -0.54494619
v -0.46753311 0.96291232 -0.69000262
v -0.52289372 0.9448592 -0.69457966
v -0.61145615 0.9288569 -0.67240303
v -0.66392558 0.93140959 -0.63623619
v -0.62675541 1.01393854 -0.60944712
v -0.57373201 0.8355264 -0.67734545
v -0.62359833 0.83098679 -0.65698915
v -0.67176741 0.8469879 -0.63322824
v -0.74516409 0.8462609 -0.58494281
v -0.71047252 0.91948169 -0.60137796
v -0.63912129 0.74912363 -0.6060301
v -0.7002238 0.75003176 -0.56693041
v -0.75518488 0.74999415 -0.51778173
v -0.80134785 0.74665659 -0.46605256
v -0.79433548 0.82333844 -0.52777016
v -0.6904819 0.6817829 -0.47589582
v -0.74098551 0.68794 -0.43580856
v -0.79399699 0.69432151 -0.39498642
v -0.85474056 0.70342886 -0.35897573
v -0.8676151 0.7613042 -0.42994347
v -0.72662651 0.66050672 -0.36034956
v -0.77848941 0.66336113 -0.32174995
v -0.85321152 0.68260181 -0.30321449
v -0.92351001 0.69279325 -0.27751314
v -0.94818204 0.73839676 -0.34877231
v -0.76267916 0.65548503 -0.25933417
v -0.83138597 0.666143 -0.24060848
v -0.90289712 0.67458373 -0.21812556
v -0.97850966 0.68297064 -0.19024974
v -1.00367939 0.70368957 -0.24739216
v -0.79977029 0.65953314 -0.17940941
v -0.86220377 0.65943956 -0.15400293
v -0.91922861 0.65625804 -0.12057159
v -0.97764766 0.66835391 -0.08348222
v -1.03842592 0.68921101 -0.1416108
v -0.83940565 0.6763544 -0.11065835
v -0.89907318 0.68066877 -0.08366327
v -0.94148904 0.68508213 -0.04654471
v -0.9626311 0.68629896 0.00413653
v -1.01518333 0.68255853 -0.03076135
v -0.84471243 0.69366085 -0.04068118
v -0.88734537 0.70237124 -0.01088414
v -0.91419369 0.7071051 0.03000333
v -0.94752156 0.72545611 0.07383193
v -0.99125385 0.70379459 0.05590485
v -0.85461038 0.74390763 0.00620295
v -0.87516868 0.74247241 0.04487429
v -0.90260428 0.7549923 0.08524078
v -0.93623828 0.77813512 0.12691748
v -0.95751738 0.73078811 0.12711542
v -0.84905099 0.79028064 0.04732035
v -0.87658584 0.80316019 0.08319324
v -0.90208196 0.81895589 0.12366616
v -0.90932065 0.82060867 0.17124106
v -0.96073824 0.79587614 0.17295846
v -0.85131621 0.84987968 0.07363833
v -0.87960529 0.86993211 0.11051201
v -0.8876627 0.87310814 0.15516994
v -0.90233999 0.88272559 0.19983284
v -0.92241221 0.82894396 0.2171494
v -0.84754777 0.90226548 0.09340799
v -0.87276363 0.93253016 0.13060087
v -0.87738037 0.93004459 0.17538158
v -0.90056002 0.95084029 0.22024722
v -0.91742366 0.89358449 0.24234478
v -0.87647211 1.00832533 0.09155555
v -0.88017308 1.00846183 0.13258378
v -0.89418476 1.01621079 0.1807897
v -0.91703105 1.03535294 0.22024999
v -0.92671603 0.97857666 0.25507164
v -0.89343631 1.07686996 0.08331774
v -0.90304952 1.0807867 0.13068437
v -0.92736059 1.10308837 0.16974631
v -0.93605899 1.09169101 0.21452142
v -0.92789131 1.03200233 0.25522837
v -0.93552845 1.15124011 0.06986776
v -0.95721513 1.16658699 0.11337318
v -0.9752255 1.1676917 0.15799903
v -1.00367546 1.17768859 0.19576634
v -0.97092348 1.1166774 0.24691271
v -1.01077604 1.22767603 0.05038035
v -1.01398861 1.21316349 0.10948945
v -1.03996634 1.21981716 0.14267231
v -1.08269023 1.23436987 0.18829493
v -1.00931215 1.1625638 0.2423668
v -1.0809822 1.26531875 0.04220289
v -1.08816528 1.250777 0.09997849
v -1.14789104 1.27280461 0.13650576
v -1.15574848 1.25645768 0.21544285
v -1.08903431 1.21983099 0.24748536
v -1.18342769 1.29266452 0.04246962
v -1.21740078 1.28877425 0.10919146
v -1.21371185 1.26705789 0.18873977
v -1.21254968 1.26096272 0.2620812
v -1.13538074 1.22869634 0.28447863
v -1.27911782 1.28931665 0.09030994
v -1.26966857 1.26357245 0.17495097
v -1.28292226 1.27180218 0.25728887
v -1.24253761 1.23637652 0.34843534
v -1.23298823 1.28050959 0.32869082
v -1.3363825 1.24683785 0.18845483
v -1.33572769 1.24428927 0.27345353
v -1.3152641 1.24400854 0.35456109
v -1.29846298 1.24017465 0.42991703
v -1.24741852 1.25259983 0.41282209
v -1.34184312 1.18178772 0.31408864
v -1.34181404 1.2009598 0.38702651
v -1.34005296 1.21445465 0.45815166
v -1.33621895 1.22479641 0.52862548
v -1.28339695 1.23975634 0.50164061
v -1.36418569 1.15702343 0.42827388
v -1.321509 1.13920629 0.50753694
v -1.35204541 1.17852497 0.57022017
v -1.3097366 1.15968167 0.64866083
v -1.33106637 1.233392 0.6020329
v -1.35076844 1.10775983 0.54730725
v -1.32676136 1.1060971 0.61999929
v -1.32638514 1.12106597 0.69153332
v -1.30000543 1.1171863 0.7686727
v -1.33163631 1.19105041 0.72221851
v -1.31101727 1.05108988 0.66487228
v -1.31942737 1.07354021 0.73529565
v -1.3036983 1.07852768 0.81120741
v -1.25182974 1.06065201 0.88868928
v -1.27316927 1.11608934 0.84879738
v -1.26824951 1.0067693 0.7735936
v -1.27154147 1.02559864 0.84772139
v -1.21699404 1.00714218 0.9199875
v -1.17615294 1.00155663 0.99310034
v -1.23266816 1.06895709 0.96951991
v -1.17938423 0.94568002 0.86704748
v -1.17652046 0.96223139 0.94113665
v -1.14337539 0.96196168 1.01050496
v -1.09081637 0.95166432 1.07310795
v -1.13033127 0.99574852 1.06198179
v -1.11512827 0.91717296 0.94523656
v -1.0528078 0.89719206 0.99861013
v -1.02263891 0.9006077 1.0607531
v -0.99075472 0.90416652 1.12399256
v -1.03953063 0.94279217 1.1329112
v -1.02233719 0.8846333 0.99133068
v -0.97917062 0.87822049 1.0447781
v -0.91330599 0.85805797 1.08768439
v -0.86466968 0.84994852 1.13744401
v -0.90785992 0.87395799 1.16146242
v -0.93578887 0.86882323 1.01567971
v -0.88168609 0.85497486 1.05978941
v -0.81348753 0.83208107 1.09517788
v -0.79767835 0.84667009 1.16312003
v -0.82978898 0.8512327 1.19619703
v -0.83731478 0.85431331 1.01440501
v -0.79619538 0.84921872 1.06171274
v -0.75310427 0.84399139 1.10968029
v -0.69856399 0.83104699 1.15038394
v -0.73190546 0.82664847 1.19925487
v -0.78575342 0.88078403 1.02427268
v -0.72893363 0.864133 1.0614593
v -0.66198337 0.84029334 1.09030985
v -0.61690878 0.83372438 1.13516676
v -0.65471631 0.82646024 1.20010757
v -0.72891235 0.90825551 1.023947
v -0.6805281 0.89783924 1.06629431
v -0.60901808 0.86855322 1.0906825
v -0.56679189 0.86390531 1.13876164
v -0.57971483 0.83384907 1.18916392
v -0.66363769 0.92830169 1.01543724
v -0.62285971 0.9234451 1.06171381
v -0.57601928 0.91403031 1.10261178
v -0.51506215 0.8935945 1.13141071
v -0.53282165 0.86447894 1.19646441
v -0.63077527 0.97081261 1.02818131
v -0.59066212 0.96995627 1.07656467
v -0.55808615 0.97734975 1.1297965
v -0.52078563 0.9667086 1.15587365
v -0.47856283 0.89707803 1.17435061
v -0.6339187 1.04067254 1.06803464
v -0.57165205 1.01723241 1.09194791
v -0.51724058 1.00491321 1.12494707
v -0.47871288 1.0101664 1.15115165
v -0.45145851 0.93846088 1.15478265
v -0.63041299 1.09292423 1.10847842
v -0.577973 1.08379709 1.13814866
v -0.53390252 1.07781398 1.16628468
v -0.4781937 1.06667506 1.1773442
v -0.42977526 0.99669027 1.16734445
v -0.63892 1.13886737 1.16755747
v -0.56046074 1.11015558 1.17205584
v -0.54064029 1.12746095 1.22194171
v -0.49432754 1.12197792 1.23088645
v -0.44649437 1.0752201 1.20481669
v -0.64128482 1.16392827 1.23719239
v -0.59297215 1.1595447 1.26981246
v -0.54740953 1.15729701 1.29256558
v -0.5072534 1.16191184 1.32480597
v -0.44421285 1.11793255 1.2353841
v -0.6360237 1.16825246 1.31696856
v -0.59188389 1.16915845 1.36028158
v -0.54069066 1.16678249 1.40699756
v -0.47210496 1.15951573 1.38301813
v -0.44554156 1.15818655 1.31833183
v -0.61911809 1.16127848 1.43009376
v -0.54218661 1.14356434 1.43666291
v -0.49997162 1.14758384 1.48142397
v -0.43345943 1.14176321 1.49441182
v -0.44008034 1.16876435 1.43916475
v -0.56435722 1.12699174 1.52077102
v -0.49316883 1.11302352 1.53957939
v -0.44058525 1.11283993 1.58306956
v -0.37429928 1.10323333 1.60855639
v -0.39114475 1.14630425 1.52072346
v -0.48623284 1.07860994 1.60508561
v -0.4078691 1.0614283 1.62080049
v -0.34116873 1.04796862 1.6396749
v -0.2857607 1.05002129 1.68502879
v -0.3146803 1.10015809 1.63821721
v -0.39316341 1.02263081 1.67922961
v -0.3101499 1.00091028 1.68084371
v -0.2493809 0.99701464 1.71749723
v -0.17259854 0.97932636 1.71669137
v -0.20831213 1.02974677 1.68920302
v -0.2827464 0.9556114 1.73038399
v -0.21729113 0.94953227 1.76166474
v -0.14355875 0.93615007 1.77567303
v -0.06151944 0.91422945 1.76761066
v -0.10926058 0.97381377 1.75466466
v -0.16565419 0.88647824 1.76320707
v -0.08699601 0.8681631 1.76187944
v -0.01918474 0.86198103 1.79033243
v 0.05849163 0.84605866 1.79223883
v 0.00733844 0.90787071 1.79594194
v -0.0340579 0.80490028 1.73505175
v 0.03224428 0.80079424 1.7671827
v 0.10558783 0.79035633 1.78168344
v 0.1805669 0.78340613 1.80860459
v 0.13865666 0.82985848 1.79272973
v 0.0756363 0.74882638 1.73413431
v 0.14802281 0.73894828 1.74722158
v 0.22267656 0.73123002 1.76901221
v 0.30445554 0.72010672 1.78133297
v 0.26634788 0.76470363 1.7983371
v 0.18071472 0.69725084 1.69967544
v 0.25542095 0.68366038 1.69655406
v 0.33181113 0.68477278 1.74895501
v 0.41553476 0.67208683 1.74983143
v 0.39106604 0.70544141 1.77756118
v 0.27028486 0.67040157 1.69424605
v 0.34675926 0.65338796 1.67484796
v 0.42312666 0.63544786 1.6479218
v 0.49931275 0.63010948 1.65885198
v 0.49874067 0.65726679 1.72908437
v 0.34755757 0.64262068 1.62019574
v 0.41929969 0.63612544 1.63052344
v 0.48446902 0.61901831 1.58984601
v 0.54891347 0.61904919 1.60026323
v 0.5694431 0.62310409 1.64400768
v 0.39879339 0.63994544 1.56136524
v 0.45872336 0.63387882 1.55601859
v 0.51621729 0.63035184 1.55147337
v 0.56470143 0.61476707 1.49207198
v 0.6023401 0.60475266 1.5399059
v 0.42141938 0.65631979 1.497074
v 0.47170722 0.65024608 1.481884
v 0.52193594 0.6471433 1.47124147
v 0.56609427 0.63231205 1.41578257
v 0.61663448 0.61111295 1.46868896
v 0.42715206 0.69201362 1.4543724
v 0.47085803 0.67315459 1.39848482
v 0.5147196 0.66753733 1.37536442
v 0.5558415 0.65924239 1.3372823
v 0.61147177 0.62645477 1.38224697
v 0.42547977 0.72676903 1.39188051
v 0.46720191 0.72341674 1.3747822
v 0.5066176 0.71349382 1.33413219
v 0.54431134 0.7068693 1.29675865
v 0.59401476 0.65156149 1.29430329
v 0.42160829 0.77665334 1.35936617
v 0.46057701 0.77358835 1.33693087
v 0.4976826 0.76344448 1.29370808
v 0.53255593 0.75521653 1.25084745
v 0.57785344 0.69628608 1.24452865
v 0.42201933 0.82823336 1.33272945
v 0.45991089 0.817896 1.29178011
v 0.49642029 0.81492298 1.26347529
v 0.53168404 0.81973409 1.24683785
v 0.56628423 0.75462597 1.22124898
v 0.43482026 0.87170571 1.30788195
v 0.47264421 0.86725711 1.27784133
v 0.50779926 0.86364793 1.24437677
v 0.54083406 0.87374132 1.23209035
v 0.55935889 0.80108386 1.17526233
v 0.4623079 0.91421413 1.30725705
v 0.49925661 0.92074734 1.29402291
v 0.53251606 0.90657788 1.23337197
v 0.56272137 0.91092252 1.20222699
v 0.56752073 0.85749697 1.16199445
v 0.50300759 0.96069765 1.33754563
v 0.53878599 0.96060568 1.30277454
v 0.57138854 0.95713001 1.25530326
v 0.60208058 0.95363533 1.20545923
v 0.59061515 0.90444028 1.14855468
v 0.55829364 0.96253359 1.30186033
v 0.59222811 0.96800357 1.27106356
v 0.62321263 0.95715016 1.20608735
v 0.65415787 0.95722937 1.1605097
v 0.63131886 0.94730484 1.14893007
v 0.62606889 0.96644157 1.29245626
v 0.6602469 0.97459101 1.26105833
v 0.69548118 0.99123704 1.24323093
v 0.72898829 0.99167799 1.19364309
v 0.68843442 0.97430324 1.14375281
v 0.7083168 0.96766811 1.29924535
v 0.7399109 0.95898723 1.23105514
v 0.77624303 0.97135144 1.20220232
v 0.80873918 0.96750253 1.14080202
v 0.76273548 0.99241495 1.14364802
v 0.79910856 0.94580119 1.27764987
v 0.8327403 0.94620388 1.22251606
v 0.86832213 0.95114618 1.17388296
v 0.89887684 0.94400489 1.09974503
v 0.84107726 0.96606719 1.0814228
v 0.90101468 0.92697846 1.27327239
v 0.93189245 0.92088347 1.19814288
v 0.95372778 0.89993315 1.09253704
v 0.99461108 0.91495209 1.05535578
v 0.93120223 0.94540029 1.04004466
v 0.99232202 0.87299644 1.19868302
v 1.01773059 0.86252909 1.10982441
v 1.0466516 0.86204189 1.03710746
v 1.08432197 0.88148689 0.99138021
v 1.02695977 0.9265275 1.00133431
v 1.07784593 0.81752485 1.11676418
v 1.0989691 0.81228816 1.02776229
v 1.12108206 0.81694144 0.95016455
v 1.13325893 0.82021683 0.86655372
v 1.0806452 0.86328858 0.87147563
v 1.13845479 0.75946891 1.00937891
v 1.13657689 0.74711334 0.89685684
v 1.14687895 0.74932766 0.81623441
v 1.16206026 0.76323694 0.75523757
v 1.12968146 0.81724798 0.77387821
v 1.15135693 0.69327199 0.87063413
v 1.15145289 0.6894685 0.78149765
v 1.17106354 0.70538532 0.7273966
v 1.16023337 0.70639503 0.64578169
v 1.13770473 0.75040322 0.64793831
v 1.15565383 0.64555406 0.76876121
v 1.16996884 0.65763813 0.71019631
v 1.13634741 0.64357578 0.60682231
v 1.10944688 0.6246103 0.51154571
v 1.14463436 0.70003914 0.55940079
v 1.13420033 0.60874015 0.67792987
v 1.1051259 0.60144209 0.59116101
v 1.08181011 0.59068441 0.51354849
v 1.06626784 0.57090491 0.43610268
v 1.11989033 0.62634879 0.45572918
v 1.07020926 0.58068633 0.59754556
v 1.04486393 0.57412862 0.52965694
v 1.02267861 0.55886364 0.46208867
v 1.00424838 0.53607797 0.39114701
v 1.06939387 0.55676406 0.37244135
v 0.98906832 0.56494289 0.54164034
v 0.96777588 0.55805844 0.4857901
v 0.93441766 0.53668701 0.41459739
v 0.91872692 0.52400016 0.35915005
v 0.97618234 0.50938403 0.3212088
v 0.91488528 0.57371705 0.5148102
v 0.868833 0.55312889 0.44200295
v 0.84235054 0.54335057 0.38601976
v 0.81847101 0.53434741 0.33166915
v 0.89348536 0.50954216 0.30603769
v 0.83162319 0.59446078 0.48700368
v 0.80341732 0.5873245 0.43222615
v 0.76916903 0.5752055 0.37113586
v 0.73539573 0.56472462 0.31003296
v 0.79751938 0.52846628 0.28351712
v 0.74784511 0.62151932 0.44971641
v 0.71929425 0.61476171 0.39329156
v 0.69514596 0.61265093 0.34210094
v 0.67458397 0.61110651 0.29174765
v 0.72049135 0.56932878 0.26956281
v 0.67819994 0.66141074 0.41429069
v 0.66108155 0.66584056 0.36817452
v 0.6365987 0.65945035 0.31209474
v 0.61128366 0.65000802 0.25520917
v 0.65575707 0.61073309 0.24314296
v 0.63218855 0.72015929 0.38427069
v 0.61057645 0.71622765 0.32873559
v 0.58698535 0.70679813 0.27018818
v 0.55758655 0.68665808 0.20674143
v 0.58522212 0.63711911 0.19787526
v 0.59974545 0.77808702 0.34031385
v 0.5754494 0.76572948 0.27753517
v 0.54586821 0.74167883 0.2103255
v 0.53496098 0.74591016 0.16165238
v 0.54993766 0.6959331 0.16297645
v 0.58122175 0.82546979 0.28065541
v 0.55383122 0.80151408 0.21104204
v 0.54439896 0.80705136 0.16029132
v 0.52586555 0.79356509 0.10066457
v 0.51474267 0.7320714 0.10453447
v 0.57899212 0.86238193 0.2112654
v 0.55330056 0.83626228 0.14150519
v 0.53737402 0.82593876 0.08230362
v 0.52233028 0.81624269 0.02511503
v 0.5014463 0.76966708 0.03998773
v 0.59089386 0.88467538 0.13366358
v 0.57412326 0.86989522 0.06947162
v 0.5628727 0.86464554 0.01021417
v 0.53369551 0.83263611 -0.05512917
v 0.49638617 0.78976136 -0.0346806
v 0.61133396 0.88717812 0.04890466
v 0.58846455 0.86191004 -0.01863466
v 0.57241791 0.84994417 -0.08068222
v 0.5553205 0.84243339 -0.14044572
v 0.51549983 0.82314854 -0.11064499
v 0.65173143 0.89928543 -0.03170723
v 0.62043201 0.86325156 -0.10514437
v 0.58647102 0.82991218 -0.17303152
v 0.55532258 0.80971187 -0.23333618
v 0.52308476 0.8200885 -0.19766311
v 0.67560106 0.87100654 -0.12606361
v 0.65752327 0.85613101 -0.19821202
v 0.60534071 0.80887007 -0.26751467
v 0.57198554 0.79762762 -0.32854682
v 0.51990503 0.79428452 -0.28810834
v 0.69747519 0.82717174 -0.2290332
v 0.6599726 0.80016392 -0.30037519
v 0.60069167 0.76283913 -0.36610147
v 0.55349201 0.7501645 -0.42966955
v 0.51683908 0.77348047 -0.38360992
v 0.68167936 0.74961191 -0.33214539
v 0.63440662 0.72957593 -0.3999398
v 0.57698035 0.70400059 -0.46698623
v 0.5277093 0.69663798 -0.53072929
v 0.48558417 0.72469228 -0.48053157
v 0.65910786 0.68285483 -0.43021801
v 0.59941262 0.65563577 -0.50320118
v 0.53520393 0.61971503 -0.5673055
v 0.48116236 0.60592842 -0.60914766
v 0.45326826 0.66013681 -0.58015817
v 0.59996235 0.58739054 -0.51874452
v 0.53981465 0.55823129 -0.57855343
v 0.47342431 0.53666377 -0.62407779
v 0.40098276 0.49813544 -0.65768533
v 0.41188368 0.58353227 -0.65939605
v 0.53492665 0.49801763 -0.56628644
v 0.47734886 0.47775942 -0.61957752
v 0.39207235 0.44319284 -0.64136064
v 0.32166701 0.42489528 -0.67093676
v 0.32221078 0.48168516 -0.67842435
v 0.45611897 0.41636651 -0.57648909
v 0.38611942 0.39522168 -0.61150741
v 0.29989057 0.36764752 -0.62388068
v 0.21388863 0.34351843 -0.63652193
v 0.22878183 0.39695996 -0.68703115
v 0.3653526 0.35729065 -0.5526821
v 0.2874993 0.33454403 -0.57215786
v 0.21145774 0.31438037 -0.59691315
v 0.12941874 0.29225546 -0.61142629
v 0.12443471 0.31654769 -0.64165204
v 0.27766883 0.31686669 -0.51981639
v 0.20329918 0.29321834 -0.53903639
v 0.12795446 0.27080622 -0.55117374
v 0.05164381 0.24724476 -0.54001772
v 0.04595478 0.27011531 -0.60696655
v 0.19646178 0.28692808 -0.47899723
v 0.12851554 0.26578411 -0.4892877
v 0.06344258 0.25004658 -0.49044311
v -0.00145062 0.23729805 -0.47787463
v -0.01821841 0.23316122 -0.52577656
v 0.12987643 0.27896687 -0.4295808
v 0.07125258 0.26390883 -0.4284619
v 0.01180924 0.24847877 -0.41210526
v -0.04589373 0.23833224 -0.39394694
v -0.06486916 0.22060528 -0.44472101
v 0.07474417 0.28952258 -0.36912062
v 0.02246791 0.27857065 -0.36042839
v -0.03075606 0.26770827 -0.34379616
v -0.08424375 0.26042318 -0.32546716
v -0.10134363 0.22333791 -0.3610998
v 0.02867019 0.32088786 -0.31935429
v -0.02079527 0.30884689 -0.30312874
v -0.070975 0.30291324 -0.28726759
v -0.11919768 0.28651356 -0.25819933
v -0.13684132 0.25052115 -0.3005166
v -0.0162665 0.3598715 -0.27530276
v -0.06383986 0.35064598 -0.25787875
v -0.11098466 0.33911961 -0.2358877
v -0.15815286 0.33187055 -0.21634024
v -0.16859856 0.28033211 -0.23807694
v -0.06320682 0.4089905 -0.24737383
v -0.11016527 0.40066835 -0.22970041
v -0.15732784 0.39428722 -0.21241024
v -0.20240716 0.38522738 -0.19340257
v -0.20770123 0.33173513 -0.20173654
v -0.11417993 0.45580375 -0.23620131
v -0.16188761 0.451642 -0.22167192
v -0.20862965 0.44476389 -0.20554365
v -0.25111362 0.43243446 -0.18593622
v -0.2442808 0.37434676 -0.17302034
v -0.17212133 0.50494223 -0.24858593
v -0.21864414 0.49134764 -0.22929495
v -0.26426306 0.48201277 -0.21216414
v -0.31280496 0.48349073 -0.1997466
v -0.29856306 0.4351691 -0.173708
v -0.23412643 0.53179985 -0.26779589
v -0.2839306 0.52492839 -0.25219371
v -0.33487054 0.52398133 -0.23833887
v -0.37230867 0.50802201 -0.21018993
v -0.34801796 0.46927991 -0.17411239
v -0.30862021 0.56100791 -0.30488506
v -0.3558824 0.54233241 -0.27827528
v -0.40599414 0.54050815 -0.2585119
v -0.44382017 0.53172618 -0.22625137
v -0.41724035 0.51470714 -0.1901378
v -0.38865339 0.56815981 -0.33746823
v -0.44147029 0.55731463 -0.31033524
v -0.48712876 0.55189418 -0.27810713
v -0.52405768 0.55062419 -0.24022492
v -0.48247471 0.53764593 -0.19606979
v -0.47632604 0.55735468 -0.36092439
v -0.53118926 0.55276948 -0.32854169
v -0.56581479 0.53983229 -0.27568158
v -0.60140365 0.54630082 -0.224968
v -0.55205589 0.54871577 -0.18972842
v -0.57322162 0.53157538 -0.36955824
v -0.61404293 0.52033895 -0.30901354
v -0.64937907 0.52199322 -0.24753265
v -0.66749209 0.5193181 -0.17590665
v -0.6311742 0.55199617 -0.16505387
v -0.6645137 0.48861309 -0.33601549
v -0.69809055 0.48876655 -0.26330512
v -0.72179454 0.49219751 -0.19115172
v -0.73729497 0.49270987 -0.11940633
v -0.68983548 0.52439624 -0.11152595
v -0.73960781 0.44340539 -0.26724928
v -0.75809246 0.44515532 -0.18895317
v -0.78281348 0.45310148 -0.12028378
v -0.7899636 0.45092189 -0.04903568
v -0.74355071 0.4881272 -0.05006983
v -0.7881121 0.39299309 -0.17908048
v -0.79315596 0.39131212 -0.10153392
v -0.81717735 0.39995178 -0.03577321
v -0.821603 0.39839816 0.03218202
v -0.81342339 0.45878464 0.01351965
v -0.80467861 0.33537524 -0.08158106
v -0.82534426 0.34279617 -0.01376876
v -0.81834197 0.33799922 0.05578685
v -0.83267146 0.34213036 0.11980444
v -0.82347512 0.39552465 0.09765585
v -0.81239455 0.28539699 0.01303365
v -0.80756849 0.2832342 0.08118092
v -0.8283739 0.29025724 0.14576871
v -0.82369214 0.28747317 0.21005146
v -0.86355501 0.35350027 0.18391424
v -0.77688074 0.23242715 0.1065837
v -0.7921012 0.23747536 0.17134977
v -0.80014789 0.23969376 0.23606479
v -0.80362564 0.24066448 0.30061429
v -0.83707976 0.29172387 0.27548381
v -0.73619729 0.19171959 0.19173823
v -0.75828856 0.19815675 0.25809449
v -0.76498621 0.20035451 0.32318884
v -0.76664376 0.20196254 0.3880344
v -0.81755638 0.2464153 0.36889264
v -0.68939441 0.16363443 0.26994752
v -0.704593 0.16791921 0.33611974
v -0.69803637 0.16723902 0.39590308
v -0.7035135 0.17143093 0.46243488
v -0.76557636 0.2046678 0.45333483
v -0.65622806 0.1552397 0.34816429
v -0.65066206 0.154602 0.40712848
v -0.65554565 0.15830302 0.47272509
v -0.64290887 0.1584182 0.53009992
v -0.70864158 0.17724545 0.53128922
v -0.60057914 0.15797334 0.41129747
v -0.58833158 0.15555359 0.46484866
v -0.57916867 0.15568833 0.52126044
v -0.57817608 0.1599241 0.58446532
v -0.64439427 0.16407463 0.59747546
v -0.54662585 0.175544 0.46433028
v -0.53578847 0.17395533 0.51748085
v -0.53207182 0.17689663 0.57692283
v -0.51927453 0.1769932 0.6285398
v -0.56660223 0.16153955 0.64003688
v -0.48280614 0.19957819 0.49659878
v -0.49201986 0.20696774 0.56405454
v -0.48541772 0.20848438 0.61779183
v -0.47810468 0.21051725 0.6705324
v -0.50780916 0.17805582 0.68057191
v -0.46427354 0.24891731 0.5477373
v -0.45568093 0.24873402 0.59746718
v -0.45621788 0.25281816 0.6540687
v -0.43932819 0.24897371 0.69175857
v -0.47260582 0.21368058 0.72478771
v -0.45471888 0.30550545 0.58872246
v -0.44068077 0.29973247 0.62909817
v -0.44486963 0.30547931 0.68657547
v -0.43390575 0.30350655 0.72974515
v -0.43537977 0.25286424 0.74514967
v -0.46621462 0.36544451 0.62671172
v -0.45288404 0.35829702 0.66718536
v -0.46044212 0.36680769 0.72946214
v -0.44385841 0.36242198 0.7705878
v -0.43519234 0.31131053 0.79301846
v -0.48923581 0.4185476 0.66106063
v -0.48167926 0.41604843 0.70889681
v -0.46816256 0.41285079 0.75349038
v -0.46144384 0.41820365 0.80900943
v -0.42856565 0.36173769 0.81699353
v -0.5293703 0.47148305 0.70438951
v -0.53066128 0.48062637 0.76453
v -0.50453639 0.47020587 0.80238139
v -0.4810628 0.46559503 0.84560591
v -0.43461814 0.41127342 0.84550315
v -0.58056634 0.52726829 0.75557035
v -0.56147271 0.52294153 0.80277997
v -0.53362453 0.5136373 0.84623378
v -0.51794451 0.5167045 0.90503567
v -0.45571303 0.46139574 0.88940161
v -0.61701381 0.56252902 0.79713952
v -0.59356695 0.55709499 0.84937298
v -0.57152319 0.55343192 0.90815138
v -0.55332666 0.55284243 0.97649127
v -0.49780491 0.51662796 0.96391385
v -0.66988921 0.60296177 0.86211818
v -0.6416046 0.59232395 0.92141193
v -0.61928004 0.58592969 0.99757164
v -0.56858462 0.56081628 1.04886436
v -0.50077307 0.52818286 1.01055491
v -0.71427524 0.61707788 0.929439
v -0.69273507 0.60781997 1.02902126
v -0.60895872 0.5654518 1.06544351
v -0.57281142 0.55247134 1.13642978
v -0.53088533 0.55024504 1.10981988
v -0.76501244 0.5986846 1.04665696
v -0.68863689 0.5831812 1.12132024
v -0.61874234 0.54958462 1.18159866
v -0.55313938 0.52813488 1.23817873
v -0.51177167 0.53283 1.18246376
v -0.75223803 0.55736625 1.17033863
v -0.65203833 0.52485734 1.23056042
v -0.57835918 0.50400352 1.28463625
v -0.50517153 0.48884782 1.34565055
v -0.47825476 0.50693786 1.27651369
v -0.6659978 0.48660668 1.25567126
v -0.58535277 0.46496743 1.32603371
v -0.50078421 0.44444742 1.39111769
v -0.40636327 0.42240381 1.40992808
v -0.42182841 0.46922823 1.38125884
v -0.57198458 0.41064077 1.38260746
v -0.46749368 0.38404193 1.403602
v -0.38717412 0.37292495 1.44576764
v -0.30360215 0.35756781 1.47532999
v -0.33028546 0.41099166 1.44772172
v -0.43715232 0.32659238 1.42773842
v -0.35417193 0.3171541 1.4681468
v -0.26084151 0.29677203 1.46521806
v -0.19244514 0.28994837 1.52461469
v -0.22516594 0.34486064 1.50491488
v -0.305413 0.25745764 1.44802355
v -0.22393974 0.24450866 1.47190773
v -0.14731247 0.2327433 1.51114034
v -0.06345482 0.21347625 1.52284383
v -0.10846921 0.27425634 1.56283962
v -0.17910692 0.19350878 1.43708956
v -0.10834621 0.18477033 1.5022397
v -0.02446671 0.16663697 1.4849565
v 0.05339437 0.15127939 1.49907183
v 0.01728043 0.19996021 1.56274998
v -0.06843188 0.14246685 1.43029034
v 0.00506699 0.13039194 1.46911907
v 0.08286962 0.1165994 1.49174618
v 0.16313625 0.10097572 1.49173116
v 0.13814957 0.13548249 1.5216391
v 0.03041046 0.10377879 1.38946902
v 0.10221748 0.09203692 1.41806006
v 0.17495341 0.07910461 1.42082679
v 0.24707122 0.06555856 1.41307616
v 0.24402084 0.08454088 1.48823058
v 0.11178369 0.08290498 1.35646665
v 0.17825979 0.07185529 1.36061418
v 0.24188646 0.06016083 1.34792459
v 0.31097155 0.0465216 1.36608982
v 0.32521814 0.04829796 1.42271077
v 0.17070296 0.07933206 1.28673374
v 0.23214708 0.07041144 1.31011283
v 0.28913179 0.05931527 1.30753684
v 0.34907096 0.04442771 1.31013596
v 0.37643715 0.02925825 1.36212956
v 0.21528945 0.09580104 1.27275562
v 0.26413154 0.08545433 1.25328612
v 0.31366953 0.07231152 1.23911798
v 0.36359143 0.05557013 1.22242856
v 0.39719957 0.02650334 1.26828825
v 0.23948913 0.12253922 1.21215212
v 0.28533852 0.10990847 1.19637596
v 0.33014696 0.09439995 1.17531907
v 0.37531998 0.07666818 1.1533308
v 0.41286134 0.0358551 1.19900548
v 0.25973269 0.15495421 1.16503799
v 0.30438566 0.14109244 1.15209066
v 0.3481718 0.12498191 1.13214612
v 0.38980075 0.10701851 1.10026705
v 0.41968032 0.05741777 1.12413549
v 0.28837004 0.19503845 1.16581177
v 0.33258488 0.17925979 1.14214813
v 0.37594378 0.16203895 1.11176919
v 0.41769826 0.14341646 1.07302653
v 0.43504869 0.08864738 1.07435083
v 0.31754231 0.23064789 1.13783526
v 0.36051431 0.21275162 1.09936451
v 0.40843635 0.1959714 1.07605361
v 0.4512743 0.17626115 1.03363907
v 0.45818251 0.12444355 1.03039133
v 0.36395797 0.26230084 1.13738775
v 0.41700705 0.24483087 1.11502277
v 0.45809418 0.22137665 1.05400812
v 0.51533126 0.20423886 1.03909361
v 0.49634572 0.15728361 0.99789571
v 0.42136842 0.27651077 1.11829829
v 0.47139868 0.25509661 1.07537782
v 0.52788919 0.2371401 1.05196225
v 0.58208876 0.21840632 1.02112186
v 0.5548101 0.18258172 0.98424857
v 0.50138181 0.27978158 1.12748193
v 0.55196666 0.25802081 1.07797396
v 0.616746 0.24645388 1.06428861
v 0.66105967 0.22195889 1.00464189
v 0.62540239 0.19640302 0.96986156
v 0.58398681 0.26961162 1.1135174
v 0.64873528 0.26022893 1.09315896
v 0.69191867 0.23079821 1.0205897
v 0.76158112 0.21877697 1.00030994
v 0.71376633 0.20251292 0.965218
v 0.69682812 0.26944151 1.14193511
v 0.7465344 0.24402146 1.0742917
v 0.8055197 0.21595042 1.02291035
v 0.87004137 0.1886544 0.97436672
v 0.79495823 0.18308132 0.92255914
v 0.81207847 0.24180266 1.12384033
v 0.85764753 0.21022516 1.05544245
v 0.93839168 0.16911976 1.0016812
v 0.96124208 0.12210181 0.89840132
v 0.90799397 0.15032942 0.89880096
v 0.96335953 0.18510194 1.12428164
v 1.01117157 0.13350458 1.02182114
v 1.0458157 0.08350467 0.91586774
v 1.03845906 0.05095547 0.80609339
v 0.99181246 0.09373356 0.82563459
v 1.09168875 0.07930392 1.03959131
v 1.09731793 0.0251839 0.89547222
v 1.09146595 0.00270012 0.79623848
v 1.12168061 -0.02432268 0.72402262
v 1.05738675 0.0348188 0.73379015
v 1.15559792 -0.03428044 0.8959307
v 1.16325616 -0.07049017 0.78511172
v 1.14741408 -0.08935421 0.68363589
v 1.13745808 -0.11179263 0.59914302
v 1.12425911 -0.03835631 0.64032149
v 1.16382885 -0.14191357 0.74602949
v 1.17743718 -0.15979945 0.67282706
v 1.14824092 -0.16670094 0.58230149
v 1.14836478 -0.18677656 0.50773686
v 1.13889062 -0.12515659 0.52584034
v 1.15041136 -0.2151595 0.6543414
v 1.15052247 -0.22793062 0.58179974
v 1.12817812 -0.24730758 0.50388974
v 1.13009083 -0.26232847 0.42839017
v 1.13905572 -0.2011663 0.43192964
v 1.11311197 -0.27155235 0.57514405
v 1.07359921 -0.27951747 0.50127136
v 1.07286214 -0.29649013 0.43691703
v 1.07537484 -0.32384523 0.35703587
v 1.11900043 -0.29195913 0.33502212
v 1.03081834 -0.3001222 0.51389175
v 1.028692 -0.3182674 0.44886893
v 1.0033791 -0.33330035 0.37465679
v 0.98974955 -0.35373383 0.30170139
v 1.04961371 -0.34241586 0.27183568
v 0.96573966 -0.31914293 0.46600446
v 0.94529616 -0.3324635 0.39767852
v 0.93506979 -0.35221707 0.33140972
v 0.91163545 -0.3690131 0.26740315
v 0.96345931 -0.37320134 0.23118838
v 0.8942362 -0.32271745 0.42382574
v 0.89250868 -0.34437939 0.36427193
v 0.85983651 -0.35377243 0.30447518
v 0.83118051 -0.36462974 0.25109791
v 0.87868881 -0.37956476 0.21000509
v 0.82533532 -0.31254524 0.39248734
v 0.79856056 -0.32182693 0.33771681
v 0.78161853 -0.33655783 0.28979259
v 0.75606232 -0.34830474 0.24394099
v 0.79081618 -0.36984181 0.20183093
v 0.74753511 -0.28238904 0.36726543
v 0.73348641 -0.29644924 0.32349312
v 0.690324 -0.29895257 0.27674454
v 0.66873961 -0.31152385 0.23718586
v 0.70952886 -0.35022223 0.198559
v 0.69637274 -0.24952167 0.35154798
v 0.65670603 -0.2527143 0.30600026
v 0.63634592 -0.26418414 0.26882153
v 0.5898475 -0.26371988 0.2269579
v 0.63433754 -0.31778812 0.19695344
v 0.62171059 -0.19648008 0.32254192
v 0.60740757 -0.20814222 0.28856763
v 0.57272094 -0.21198983 0.24940301
v 0.53347462 -0.21337431 0.21106062
v 0.56981647 -0.27460822 0.19289289
v 0.57867044 -0.14631415 0.29147049
v 0.55239421 -0.15227825 0.25476986
v 0.53331524 -0.16088663 0.22109487
v 0.49373224 -0.16331651 0.18384368
v 0.5184555 -0.22494199 0.18096293
v 0.55830544 -0.09959489 0.25157415
v 0.53306031 -0.10643129 0.21433563
v 0.4986242 -0.11207844 0.17666402
v 0.47309169 -0.12082219 0.14613869
v 0.47209814 -0.17267514 0.1559055
v 0.54997849 -0.0597614 0.19875605
v 0.51732093 -0.06742594 0.15840736
v 0.47648188 -0.07432062 0.12161526
v 0.44101345 -0.08172313 0.09387749
v 0.439877 -0.12772178 0.12059183
v 0.53823489 -0.03091502 0.12806667
v 0.50061422 -0.03981662 0.08894231
v 0.45561945 -0.0470607 0.057705
v 0.41920024 -0.05462927 0.03575191
v 0.40238755 -0.08790602 0.07413069
v 0.5226413 -0.01594865 0.04691384
v 0.49078431 -0.02517787 0.01247853
v 0.43422547 -0.03249725 -0.01226341
v 0.37758034 -0.0384259 -0.02860333
v 0.3648895 -0.05923626 0.02059083
v 0.51334369 -0.01736384 -0.03969951
v 0.45808568 -0.02691022 -0.06793141
v 0.39774644 -0.03356749 -0.08461379
v 0.33263039 -0.0362419 -0.09531427
v 0.32388955 -0.04332093 -0.03859171
v 0.48322784 -0.03812537 -0.12416967
v 0.41089296 -0.0439569 -0.14190025
v 0.34128028 -0.04354413 -0.15587994
v 0.27427461 -0.03516258 -0.17215862
v 0.26770767 -0.03400632 -0.10369668
v 0.43448409 -0.07197444 -0.2024535
v 0.35132125 -0.06675373 -0.21871367
v 0.27921089 -0.05363311 -0.24543096
v 0.20590437 -0.04043704 -0.27182284
v 0.20284269 -0.02307051 -0.18744917
v 0.36429125 -0.11125243 -0.28165504
v 0.28306502 -0.0968174 -0.31814339
v 0.20842215 -0.09073299 -0.35787695
v 0.11997652 -0.08903486 -0.37244868
v 0.12471917 -0.03738029 -0.28744447
v 0.28158322 -0.16219633 -0.37270188
v 0.20257566 -0.16610102 -0.41565349
v 0.11477618 -0.17062073 -0.43490764
v 0.00228856 -0.19730307 -0.4224838
v 0.01863279 -0.10679682 -0.36607015
v 0.19690114 -0.26242721 -0.44089406
v 0.10234475 -0.28063765 -0.45789343
v -0.00643009 -0.30664688 -0.43444073
v -0.11516682 -0.31313419 -0.35810557
v -0.10545381 -0.21356689 -0.3468559
v 0.09576438 -0.3877674 -0.42339173
v 0.00039041 -0.38722559 -0.40551611
v -0.10258343 -0.41435554 -0.32447651
v -0.17024903 -0.39265227 -0.22304147
v -0.18624 -0.32634964 -0.24586583
v 0.01673017 -0.46754944 -0.34362188
v -0.07126723 -0.47093093 -0.26674684
v -0.14086993 -0.45820462 -0.18793366
v -0.17931121 -0.4359689 -0.09818238
v -0.20973815 -0.38873469 -0.12741278
v -0.03601625 -0.50024175 -0.21313625
v -0.09424476 -0.49578189 -0.13607959
v -0.14250798 -0.46939119 -0.06577998
v -0.18506555 -0.45869958 -0.00020098
v -0.2252424 -0.43079158 -0.02505301
v -0.05026767 -0.50006967 -0.08923108
v -0.10098479 -0.49767223 -0.03074846
v -0.14595569 -0.49114149 0.02948463
v -0.18844971 -0.48874983 0.08820503
v -0.23196019 -0.45772332 0.06240828
v -0.0573973 -0.49742865 0.00647867
v -0.10140829 -0.50574195 0.06104745
v -0.13777694 -0.49479076 0.11178712
v -0.1703507 -0.50020635 0.16701515
v -0.22370453 -0.48416024 0.14599834
v -0.05510097 -0.4857963 0.09001077
v -0.08996901 -0.49722665 0.14031767
v -0.11686331 -0.49063417 0.18468351
v -0.13605283 -0.49016463 0.22912105
v -0.19431234 -0.51294362 0.22553859
v -0.04658743 -0.46125838 0.16023424
v -0.07286781 -0.47417894 0.20676371
v -0.09123621 -0.47153583 0.2451601
v -0.10104683 -0.48248308 0.28884506
v -0.14671939 -0.50217229 0.27832683
v -0.03885678 -0.4302012 0.22065421
v -0.05671549 -0.44185698 0.26231202
v -0.06616444 -0.44819408 0.29932582
v -0.06619067 -0.45730808 0.33527049
v -0.10011314 -0.4944798 0.33032015
v -0.03541544 -0.39281204 0.27385625
v -0.0449526 -0.39898005 0.30742058
v -0.04611296 -0.4139887 0.34660053
v -0.03982352 -0.42345315 0.37919941
v -0.05776136 -0.46754702 0.36932414
v -0.040627 -0.35227051 0.32473361
v -0.04319831 -0.36509284 0.36287418
v -0.03912757 -0.36572819 0.38639247
v -0.02839774 -0.37446293 0.41562211
v -0.02754192 -0.42896956 0.40510943
v -0.05932155 -0.30320695 0.36894869
v -0.05568919 -0.31610786 0.40746665
v -0.04557044 -0.32220152 0.43368616
v -0.02869751 -0.33582985 0.4670166
v -0.01169913 -0.38576114 0.44489046
v -0.08985506 -0.26971817 0.43279975
v -0.0772753 -0.27761185 0.46043548
v -0.05791539 -0.29842281 0.50647044
v -0.03183566 -0.30643281 0.52731752
v -0.00452373 -0.35035166 0.49814325
v -0.12072005 -0.23935093 0.48775139
v -0.09852794 -0.26045477 0.5363391
v -0.06724175 -0.27708926 0.57344847
v -0.0285848 -0.29068419 0.60527104
v 0.00278304 -0.32276445 0.56157863
v -0.14396017 -0.23291268 0.56286412
v -0.10947515 -0.25133055 0.60736942
v -0.06632896 -0.26645994 0.65030968
v -0.01332663 -0.27633899 0.67388832
v 0.01560865 -0.29625979 0.61811804
v -0.15755961 -0.24009546 0.6524533
v -0.10753719 -0.25008294 0.68452072
v -0.04633856 -0.26285913 0.72156465
v 0.02536008 -0.27904021 0.74546593
v 0.04832641 -0.2908006 0.70179021
v -0.15137596 -0.24684287 0.74431711
v -0.07941979 -0.25944256 0.77905601
v 0.00351737 -0.28085577 0.8036226
v 0.09515915 -0.31000956 0.83008414
v 0.10454508 -0.30059206 0.77049934
v -0.10942418 -0.26734176 0.83918535
v -0.01718879 -0.29274308 0.85921561
v 0.08615899 -0.3305144 0.88231116
v 0.19568373 -0.36588531 0.88938999
v 0.18627846 -0.33292678 0.83064931
v -0.02661695 -0.32524454 0.9270485
v 0.08307509 -0.36473947 0.92594444
v 0.21157716 -0.41433772 0.93686205
v 0.32503071 -0.43728637 0.9101293
v 0.29788905 -0.38675925 0.86937111
v 0.10267756 -0.43258655 0.97830122
v 0.22039349 -0.45984062 0.94004982
v 0.34395265 -0.49055779 0.92063492
v 0.45816659 -0.52325052 0.86637151
v 0.42905479 -0.46387019 0.85317051
v 0.24495784 -0.52865237 0.95348566
v 0.3555347 -0.54590851 0.90744102
v 0.45966956 -0.57037246 0.84160876
v 0.52843207 -0.58369833 0.74470418
v 0.52140271 -0.53096538 0.76292645
v 0.38137981 -0.61922663 0.9045943
v 0.47402066 -0.634907 0.82601201
v 0.54263651 -0.65034109 0.73090922
v 0.57638925 -0.65117174 0.63411963
v 0.57319623 -0.59192121 0.65237569
v 0.47198084 -0.68807059 0.79472416
v 0.51839649 -0.68745368 0.6918084
v 0.56820201 -0.70301449 0.60892283
v 0.59491366 -0.6962049 0.52957183
v 0.61698901 -0.65951389 0.56117779
v 0.48867511 -0.71845483 0.65342354
v 0.53799378 -0.73662889 0.57619899
v 0.55861711 -0.73108738 0.49600288
v 0.59009307 -0.73175096 0.42764717
v 0.62396401 -0.70395213 0.45832803
v 0.50029587 -0.75770944 0.54307127
v 0.53615677 -0.77100563 0.47078335
v 0.54427582 -0.75397062 0.39743512
v 0.56290257 -0.7458229 0.33636084
v 0.61074096 -0.72833824 0.37000972
v 0.47796967 -0.75928223 0.43722793
v 0.49619278 -0.7548995 0.37021529
v 0.51290518 -0.74474567 0.30930918
v 0.55069792 -0.75309997 0.2582097
v 0.56610089 -0.72348797 0.28081226
v 0.44706061 -0.73418772 0.34795397
v 0.47199952 -0.73291689 0.29206574
v 0.49101418 -0.71196132 0.24111495
v 0.54657584 -0.70077097 0.21844098
v 0.43769606 -0.70784348 0.27967172
v 0.46704471 -0.69630104 0.23179635
v 0.41022208 -0.67186105 0.27155455
v 0.44153282 -0.6621688 0.22635678
v 0.43098309 -0.63379639 0.22589558
v 0.4075025 -0.70481044 0.33099606
v 0.43549621 -0.74880099 0.41319945
v 0.46057269 -0.76528406 0.51132237
v 0.46290978 -0.74843466 0.62105345
v 0.43987023 -0.71087837 0.7404651
v 0.37451112 -0.66235357 0.85631561
v 0.258973 -0.591205 0.92905908
v 0.11674238 -0.49881073 0.97283613
v -0.02559348 -0.3847934 0.98463332
v -0.13970847 -0.29552003 0.91627627
v -0.19966879 -0.25595188 0.82112216
v -0.20789004 -0.23999026 0.69757527
v -0.19800412 -0.2250992 0.60903859
v -0.17063222 -0.21091385 0.51125252
v -0.13554175 -0.22278864 0.44421351
v -0.09334452 -0.2543942 0.38792038
v -0.05533962 -0.29541367 0.33540362
v -0.03034343 -0.34502291 0.29125165
v -0.01770161 -0.39750149 0.24637375
v -0.01455975 -0.43096518 0.18621231
v -0.01606023 -0.47307887 0.12363921
v -0.01731846 -0.49004104 0.04482171
v -0.01121533 -0.50029099 -0.0432077
v 0.00278223 -0.51749509 -0.14693281
v 0.0417958 -0.50862658 -0.25255754
v 0.1136527 -0.44225004 -0.36853843
v 0.18920821 -0.36076214 -0.41726824
v 0.28439545 -0.24720531 -0.39829891
v 0.36063715 -0.1678659 -0.32584533
v 0.44636064 -0.11369035 -0.25431793
v 0.51284158 -0.06544962 -0.18188525
v 0.5457611 -0.02650294 -0.09241928
v 0.55702614 -0.00686088 0.00132931
v 0.57621747 -0.00545651 0.0933055
v 0.56240087 -0.02194723 0.16963604
v 0.56828928 -0.05160278 0.23640933
v 0.58270013 -0.09336185 0.28956571
v 0.61480045 -0.14289698 0.33401337
v 0.66237634 -0.19413618 0.36898791
v 0.69967985 -0.23328967 0.38921541
v 0.77328407 -0.27450746 0.41967174
v 0.85732638 -0.30559119 0.45507106
v 0.93006879 -0.31796813 0.49415451
v 0.9769063 -0.30541077 0.53185999
v 1.07767736 -0.30006521 0.59030026
v 1.13157463 -0.25655213 0.65518927
v 1.1634866 -0.19504852 0.73446101
v 1.19988215 -0.12364517 0.87114989
v 1.18144762 -0.02361245 1.02781987
v 1.03929817 0.12758748 1.16295635
v 0.90208184 0.21742807 1.20863091
v 0.75724053 0.26725396 1.20835065
v 0.63667243 0.28507116 1.19416141
v 0.53188359 0.28954339 1.16520834
v 0.44724619 0.30243319 1.17380356
v 0.37283617 0.30109378 1.17578768
v 0.31464654 0.27998626 1.1689254
v 0.27402293 0.24837566 1.17626833
v 0.24177503 0.20804989 1.1739217
v 0.2187882 0.16975525 1.20543277
v 0.19492854 0.1333941 1.24191296
v 0.15869227 0.102372 1.24140119
v 0.1132084 0.08972453 1.31160235
v 0.04558452 0.09350288 1.34497606
v -0.04181044 0.11733418 1.40587437
v -0.14309148 0.15502817 1.41366291
v -0.25899598 0.2063369 1.42141759
v -0.37963751 0.26264494 1.39943993
v -0.52335125 0.33678096 1.3889302
v -0.6706739 0.43693396 1.30636453
v -0.75150597 0.49188607 1.21592176
v -0.80007815 0.58503615 1.05958354
v -0.7873972 0.63159787 0.96915954
v -0.73711371 0.62653225 0.86750358
v -0.69846528 0.61255759 0.8053562
v -0.62709564 0.55730032 0.74072647
v -0.58114749 0.51801741 0.69660425
v -0.54015421 0.47638818 0.65655219
v -0.49172806 0.41947454 0.61004138
v -0.46644985 0.36379593 0.57439309
v -0.44557857 0.2971389 0.52586978
v -0.46599537 0.24871951 0.49251213
v -0.49342724 0.2019799 0.44630631
v -0.54705119 0.17490327 0.4057067
v -0.59334534 0.15547409 0.34774246
v -0.64561659 0.15218207 0.28331884
v -0.69298684 0.16434483 0.20960316
v -0.73339092 0.19042548 0.12876553
v -0.76828509 0.22935898 0.04118188
v -0.79248952 0.27800446 -0.05491918
v -0.78008133 0.32642263 -0.15077008
v -0.76690787 0.38824024 -0.25773042
v -0.7088449 0.44457393 -0.35009592
v -0.62118583 0.50187158 -0.40999111
v -0.51367163 0.5418393 -0.41298195
v -0.41926693 0.57382333 -0.39481693
v -0.32849833 0.5685935 -0.3516795
v -0.25110009 0.55736738 -0.31293568
v -0.18478433 0.54483252 -0.28647631
v -0.12199685 0.50183069 -0.25754141
v -0.06757295 0.46463382 -0.2528375
v -0.01699436 0.41568073 -0.2621892
v 0.03115727 0.37329497 -0.29140025
v 0.07992335 0.33746096 -0.33263135
v 0.12994037 0.30736124 -0.37554448
v 0.19005595 0.29662555 -0.41985857
v 0.26545086 0.31086212 -0.46236529
v 0.34244781 0.33592802 -0.48940259
v 0.43943211 0.38272592 -0.52683931
v 0.52878087 0.44912067 -0.5384655
v 0.60371041 0.53338044 -0.51501107
v 0.67571353 0.62945687 -0.4487012
v 0.72805213 0.71971464 -0.35983851
v 0.75081628 0.80577033 -0.25909021
v 0.73792308 0.86604672 -0.1533993
v 0.69959902 0.89328175 -0.05817629
v 0.65593355 0.89869761 0.03005405
v 0.62665993 0.90134948 0.11399354
v 0.61314421 0.90721023 0.20436789
v 0.59109389 0.86009597 0.26692053
v 0.600317 0.83091932 0.34078672
v 0.61356806 0.77068072 0.38823735
v 0.65022796 0.71743536 0.43366745
v 0.70546156 0.66850662 0.47218436
v 0.78133374 0.63296192 0.51258075
v 0.85080534 0.59213686 0.53075039
v 0.9209178 0.56488287 0.54891538
v 1.01687288 0.57010328 0.60481876
v 1.09840703 0.58518534 0.67467898
v 1.13407337 0.60386329 0.74648869
v 1.14420664 0.64022153 0.83749586
v 1.13897442 0.69103026 0.94896286
v 1.10216486 0.74610763 1.06020307
v 1.03672349 0.80597919 1.16003048
v 0.95172852 0.86088913 1.2355616
v 0.8609839 0.9117338 1.30014216
v 0.76318895 0.93710726 1.31396174
v 0.67476964 0.97750592 1.36965239
v 0.59107607 0.99052339 1.38353645
v 0.52042627 0.98126894 1.37453055
v 0.46577414 0.93855774 1.32122552
v 0.42133671 0.92474907 1.34892725
v 0.39505949 0.87839049 1.33917176
v 0.3838078 0.82855993 1.34852743
v 0.3819538 0.78306204 1.38533175
v 0.38269013 0.72600919 1.39336967
v 0.37965372 0.6880306 1.44003963
v 0.36747339 0.65898859 1.49544632
v 0.33509185 0.63763862 1.52927804
v 0.27782172 0.64601588 1.59599161
v 0.19915705 0.67485362 1.66690552
v 0.10579441 0.71346992 1.71028125
v 0.00681033 0.75612467 1.71323084
v -0.11166975 0.82310849 1.74057209
v -0.22990974 0.89076805 1.72941935
v -0.35506421 0.96736198 1.70952785
v -0.45253023 1.02458643 1.63804721
v -0.5470879 1.08270072 1.56266427
v -0.62320613 1.13196933 1.48124575
v -0.65552455 1.1571784 1.36332321
v -0.65711456 1.15720367 1.25902187
v -0.6511923 1.14359068 1.17155301
v -0.6809411 1.14154851 1.12790131
v -0.67352598 1.09587919 1.06891548
v -0.66827482 1.03760755 1.0197469
v -0.70164006 1.00286614 1.00141048
v -0.71255898 0.94073826 0.97545296
v -0.75972312 0.905815 0.97334575
v -0.82698029 0.8871172 0.97864711
v -0.87219423 0.8566457 0.96600294
v -0.97144132 0.87178611 0.96414411
v -1.02800619 0.86822092 0.92667895
v -1.14279151 0.91688382 0.88091355
v -1.24213719 0.97009795 0.80333578
v -1.27911043 0.99727296 0.70428222
v -1.32664597 1.04528904 0.59509253
v -1.35923671 1.09645462 0.47720333
v -1.37512803 1.15083456 0.34730589
v -1.36837875 1.19177722 0.23977054
v -1.35294747 1.27944958 0.08105483
v -1.26329815 1.29327893 -0.00970615
v -1.16825234 1.29375267 -0.03943313
v -1.04483938 1.24416625 -0.01374352
v -0.98210912 1.20945823 -0.00152375
v -0.91766095 1.12883615 0.02677382
v -0.88408094 1.06395506 0.04101625
v -0.84614872 0.96021473 0.05836916
v -0.85333102 0.92132419 0.04469886
v -0.84302002 0.85626196 0.03307215
v -0.83225125 0.79561686 0.0110684
v -0.81968265 0.74008423 -0.02212056
v -0.81085789 0.70415443 -0.07306759
v -0.76301312 0.66173535 -0.12289177
v -0.73527598 0.65495312 -0.19708359
v -0.70374381 0.64947974 -0.28449881
v -0.6740238 0.65176296 -0.38875329
v -0.63553637 0.6751185 -0.50817781
v -0.57341462 0.74302256 -0.62185108
v -0.49577203 0.85988724 -0.69548189
v -0.38256156 0.97776663 -0.68051677
v -0.30285731 1.04311192 -0.60946083
v -0.23453001 1.09986567 -0.50652688
v -0.18890515 1.11208891 -0.41817203
v -0.14964002 1.1442343 -0.3410269
v -0.11812554 1.15322172 -0.25795429
v -0.08737348 1.17602956 -0.18413598
v -0.05545453 1.15329265 -0.10890964
v -0.01924029 1.15001714 -0.04763197
v 0.02287526 1.09950208 0.00262293
v 0.07135491 1.0485847 0.03749139
v 0.12617422 1.00995385 0.06275611
v 0.19024564 1.0029093 0.08696611
v 0.25813847 0.98617547 0.10880164
v 0.32377722 0.96484065 0.13001921
v 0.39670139 1.00181245 0.17232102
v 0.44996225 1.01046061 0.20268616
v 0.50888788 1.08728539 0.26470881
v 0.53595274 1.1201595 0.30529624
v 0.5692206 1.1991378 0.37619978
v 0.56820488 1.28017485 0.45784199
v 0.54785716 1.3659935 0.55467343
v 0.52687859 1.36521637 0.63104361
v 0.62905204 -0.70366919 0.39794066
v 0.60618454 -0.63471126 0.4056473
v 0.61461472 -0.64981961 0.48977577
v 0.61894035 -0.5899164 0.42733758
v 0.61963713 -0.60460889 0.50570243
v 0.61667174 -0.61129915 0.57677328
v 0.60866457 -0.55472201 0.51694005
v 0.60767382 -0.56430441 0.59338724
v 0.57391214 -0.54706001 0.67496687
v 0.57916158 -0.50390887 0.59114021
v 0.54544884 -0.48939642 0.6759333
v 0.50858944 -0.48399913 0.7729448
v 0.51872038 -0.44183516 0.67073458
v 0.45816734 -0.42290508 0.74125146
v 0.39519169 -0.41221144 0.82403242
v 0.41688105 -0.3817406 0.7091853
v 0.36393412 -0.37649288 0.78857761
v 0.28533852 -0.36053758 0.83723259
v 0.32435888 -0.34736293 0.73023039
v 0.2590658 -0.33354231 0.76595956
v 0.18677045 -0.32139658 0.78363996
v 0.2371335 -0.32455277 0.69295811
v 0.18267193 -0.31908035 0.71788334
v 0.11257525 -0.30175289 0.70630294
v 0.18163032 -0.33567845 0.6585201
v 0.12276151 -0.32031139 0.65070152
v 0.0685615 -0.3100706 0.64371484
v 0.12885032 -0.34563154 0.58900821
v 0.08509747 -0.3390178 0.58820831
v 0.04130475 -0.3292317 0.57462233
v 0.09605862 -0.37577167 0.54041218
v 0.06211704 -0.37533241 0.54261159
v 0.02652482 -0.36467108 0.52516973
v 0.07015635 -0.41650322 0.5027728
v 0.03969146 -0.4106374 0.49336147
v 0.0101134 -0.39378574 0.46596223
v 0.04211376 -0.46014815 0.47397422
v 0.01385329 -0.44876653 0.45456975
v -0.00879466 -0.44301217 0.43586853
v 0.00469292 -0.50283998 0.45585843
v -0.01994078 -0.50026774 0.43934062
v -0.04218944 -0.48343905 0.40537855
v -0.04514545 -0.54290473 0.44739791
v -0.07109289 -0.5204218 0.40622285
v -0.0897436 -0.50249809 0.36562496
v -0.10909566 -0.55297952 0.42266595
v -0.13167548 -0.53306984 0.37467804
v -0.14651632 -0.52578437 0.33411327
v -0.18100543 -0.54718244 0.38619545
v -0.19825834 -0.53356456 0.33409243
v -0.20461303 -0.52647811 0.28305989
v -0.2575618 -0.53355807 0.34192618
v -0.26189056 -0.50746846 0.27109625
v -0.25265583 -0.49736869 0.21055385
v -0.32659778 -0.49514034 0.27593642
v -0.31744873 -0.48324823 0.20541358
v -0.28027802 -0.46791705 0.13075925
v -0.36305141 -0.43397146 0.18684019
v -0.33030027 -0.43684643 0.11598809
v -0.27445572 -0.42677426 0.04184056
v -0.36861151 -0.38977009 0.09952889
v -0.30852928 -0.38431149 0.02384909
v -0.24880206 -0.3763577 -0.04737385
v -0.32179531 -0.32310012 0.00828709
v -0.26233917 -0.31860792 -0.06182811
v -0.22284993 -0.32039588 -0.1447187
v -0.26620572 -0.26278293 -0.06410555
v -0.22244224 -0.2571845 -0.14726564
v -0.17808617 -0.24079166 -0.24707895
v -0.20748201 -0.19648133 -0.13053569
v -0.15743331 -0.16970112 -0.22115811
v -0.08291927 -0.13385058 -0.30348846
v -0.12427179 -0.11379887 -0.17059606
v -0.05586923 -0.08003734 -0.23967842
v 0.03388964 -0.05039326 -0.27930077
v -0.02762813 -0.05381344 -0.16253414
v 0.04730751 -0.02937755 -0.19079344
v 0.12448579 -0.01891204 -0.1933671
v 0.06182229 -0.03398991 -0.10863947
v 0.1272626 -0.02554177 -0.1101982
v 0.20029602 -0.02778442 -0.11032042
v 0.13967528 -0.04865039 -0.045772
v 0.20147036 -0.04683509 -0.04663429
v 0.26262059 -0.04569134 -0.04385421
v 0.20420202 -0.07327371 0.00649428
v 0.25725022 -0.06730376 0.00762302
v 0.32028567 -0.06497099 0.01184748
v 0.25799533 -0.10025438 0.05035353
v 0.3121308 -0.09714495 0.05422764
v 0.35693427 -0.09229457 0.06116516
v 0.31013035 -0.13928753 0.08526904
v 0.35216349 -0.13460922 0.09019358
v 0.40239414 -0.13330249 0.10275445
v 0.35500016 -0.18464012 0.10556726
v 0.40496122 -0.18517881 0.11634588
v 0.44420647 -0.18087796 0.13299706
v 0.41236388 -0.23946508 0.11366989
v 0.45186913 -0.23519888 0.12880785
v 0.47698661 -0.22549538 0.15007147
v 0.45619353 -0.28219187 0.10770982
v 0.49470585 -0.27917388 0.12981326
v 0.53713381 -0.27941605 0.15928
v 0.52079004 -0.32951808 0.0951961
v 0.55048334 -0.32069411 0.12394741
v 0.59789776 -0.32255131 0.15882602
v 0.58569294 -0.36285775 0.07957226
v 0.62933617 -0.35992151 0.1159303
v 0.6742317 -0.35777166 0.15620951
v 0.659689 -0.38266438 0.06889769
v 0.70864832 -0.3808549 0.11082857
v 0.75780469 -0.37942463 0.15529519
v 0.73877763 -0.38723123 0.06619325
v 0.77769625 -0.38055935 0.11221842
v 0.84252041 -0.3878934 0.15812906
v 0.84278416 -0.39412546 0.06472533
v 0.89672416 -0.39216178 0.11275601
v 0.92794352 -0.38224875 0.16752059
v 0.93198972 -0.3715752 0.06947654
v 0.96638959 -0.37341809 0.12059104
v 1.03251123 -0.37011796 0.19429154
v 1.02655124 -0.35709813 0.08234939
v 1.09979605 -0.33629128 0.16876885
v 1.09649717 -0.31572923 0.25181794
v 1.14865279 -0.26924005 0.15349282
v 1.15495765 -0.26971203 0.23775306
v 1.17067873 -0.2312456 0.35458532
v 1.18069422 -0.17269797 0.2568548
v 1.17019724 -0.15201692 0.35649627
v 1.15450501 -0.13915801 0.44664475
v 1.16033566 -0.08178068 0.39131304
v 1.12179255 -0.06198831 0.46287331
v 1.12925016 -0.06021237 0.54929125
v 1.08470642 0.00040389 0.49840614
v 1.07064771 0.01070827 0.58477228
v 1.03607595 0.02372973 0.6415041
v 0.99626946 0.05677441 0.59016752
v 0.99348181 0.06229406 0.66180241
v 0.98140198 0.07629063 0.73219901
v 0.93433409 0.09319458 0.67226654
v 0.9304707 0.10596852 0.74432027
v 0.90977466 0.12227717 0.80755674
v 0.85570037 0.12317494 0.73084074
v 0.86775755 0.14108988 0.81985998
v 0.82631462 0.15843191 0.86190593
v 0.80105513 0.14150953 0.79886114
v 0.78191602 0.15800085 0.85711896
v 0.75204581 0.17802816 0.91068089
v 0.72856473 0.13977885 0.83047777
v 0.71225488 0.15805667 0.89272761
v 0.67380195 0.17770513 0.93528419
v 0.68073076 0.12664693 0.87518429
v 0.62956196 0.14278164 0.89126461
v 0.59095645 0.16146455 0.93088781
v 0.62553989 0.1017965 0.89597207
v 0.579553 0.11938832 0.92043185
v 0.53616613 0.13779044 0.95325321
v 0.57295215 0.0694605 0.90412372
v 0.54686975 0.08769328 0.96341842
v 0.50658714 0.10635816 1.00500452
v 0.54987102 0.0336927 0.94335722
v 0.51020383 0.05149903 0.98184323
v 0.47311952 0.06977983 1.02830529
v 0.54432129 -0.00063598 1.00350058
v 0.50541144 0.01796735 1.04900276
v 0.46026748 0.03781794 1.08250343
v 0.54646807 -0.02672018 1.07671272
v 0.50177282 -0.00609168 1.11835205
v 0.45903632 0.01475963 1.16332948
v 0.55383741 -0.04250351 1.1676402
v 0.50691402 -0.01967919 1.2153877
v 0.44736734 0.00545118 1.23374867
v 0.53822243 -0.03868144 1.23272001
v 0.48594313 -0.01397185 1.28016507
v 0.42872029 0.0099291 1.31535708
v 0.52564746 -0.02292457 1.33268189
v 0.46307283 0.00440084 1.38049697
v 0.39536011 0.0285291 1.41042256
v 0.48675286 0.00931552 1.42294943
v 0.41119384 0.0390249 1.46034073
v 0.33624914 0.06248706 1.50933802
v 0.41551324 0.06045786 1.50483572
v 0.31807518 0.09512637 1.52992343
v 0.22431956 0.1155963 1.50892627
v 0.31148421 0.12752477 1.57684958
v 0.20522889 0.16033881 1.60142123
v 0.10611711 0.18126002 1.57090139
v 0.15527512 0.22508572 1.5973922
v 0.06593363 0.24137504 1.598477
v -0.02433207 0.25998985 1.56539177
v 0.0268648 0.29661619 1.58645165
v -0.0592654 0.31366708 1.55203449
v -0.14612828 0.33247947 1.54434168
v -0.09761526 0.3757061 1.54700529
v -0.18281756 0.39286276 1.53913998
v -0.25969874 0.40324124 1.49292314
v -0.19950144 0.43822145 1.48838329
v -0.26794669 0.44258779 1.43564176
v -0.33868423 0.45175927 1.40070807
v -0.27751678 0.48104995 1.40752279
v -0.34760099 0.49089834 1.37255024
v -0.42166066 0.50371909 1.34151029
v -0.3329117 0.50872647 1.31735026
v -0.40811863 0.52458775 1.29717731
v -0.46522575 0.52970314 1.24484729
v -0.36262247 0.51541876 1.21652376
v -0.42186263 0.52519619 1.18523979
v -0.48371642 0.53973788 1.15809226
v -0.38947629 0.51778256 1.1592797
v -0.43081641 0.51966422 1.11275565
v -0.47520664 0.52805548 1.07381629
v -0.38647574 0.4936853 1.09011948
v -0.41439065 0.49078741 1.03515279
v -0.4497244 0.49677848 0.99222487
v -0.36339476 0.44786036 1.01296186
v -0.40629077 0.45947733 0.987266
v -0.4243744 0.45436334 0.92837941
v -0.35009756 0.39924094 0.96108245
v -0.39517745 0.41421443 0.94502979
v -0.42236086 0.41803121 0.90438991
v -0.34957009 0.35051032 0.933564
v -0.3739629 0.35118117 0.88908201
v -0.39914846 0.35394209 0.8490104
v -0.3549689 0.29527264 0.90179032
v -0.38686996 0.30219858 0.87046206
v -0.40369239 0.30125051 0.81931906
v -0.38813245 0.25348687 0.89534765
v -0.40915224 0.25461158 0.84635806
v -0.42185634 0.25272819 0.79187947
v -0.42378723 0.21298562 0.86924821
v -0.44635811 0.21551409 0.82441598
v -0.45523345 0.21233868 0.76675856
v -0.4750618 0.18453769 0.84559547
v -0.48870459 0.18313795 0.78995311
v -0.49430763 0.17886418 0.72950261
v -0.53791731 0.16814339 0.81705546
v -0.55409491 0.16829802 0.76309162
v -0.55143338 0.16198805 0.69194579
v -0.6110605 0.16819846 0.77898687
v -0.62368261 0.16840249 0.71849775
v -0.63024205 0.16531404 0.65460181
v -0.68552064 0.18473728 0.72325897
v -0.69258058 0.18380104 0.65756148
v -0.69422507 0.17858623 0.58987027
v -0.74173861 0.21275208 0.64437043
v -0.76210296 0.21411787 0.58740955
v -0.74976992 0.20417517 0.51290094
v -0.81772166 0.25974392 0.57264685
v -0.81249207 0.25220665 0.50155931
v -0.81435823 0.24805206 0.43460601
v -0.84858733 0.30337891 0.47707554
v -0.83958405 0.29541143 0.40695637
v -0.84584814 0.29547429 0.34212195
v -0.87687963 0.35844713 0.38338321
v -0.86163061 0.35021492 0.31433332
v -0.85788601 0.34911483 0.24887579
v -0.87350726 0.41179239 0.28973132
v -0.86007714 0.40698882 0.22419616
v -0.8526929 0.40656384 0.15974448
v -0.84754884 0.46189007 0.20531487
v -0.83417886 0.45910272 0.14197917
v -0.8108446 0.45122781 0.08054265
v -0.79407209 0.49813944 0.1338489
v -0.77542972 0.49344372 0.0733845
v -0.77259051 0.49967056 0.00861891
v -0.73881137 0.53066307 0.07346688
v -0.71783679 0.5248627 0.01465959
v -0.70258384 0.523418 -0.04664233
v -0.68130183 0.5552721 0.02244756
v -0.66808617 0.55626255 -0.03909665
v -0.64871895 0.55216127 -0.10012175
v -0.60048401 0.54570674 -0.01229365
v -0.59241658 0.55143922 -0.07398238
v -0.57435131 0.54934173 -0.13313551
v -0.53257119 0.52783262 -0.04132354
v -0.52063942 0.53017962 -0.09690818
v -0.50639945 0.53498888 -0.15067705
v -0.4847404 0.50983917 -0.06699738
v -0.46828255 0.50937122 -0.11413706
v -0.43921244 0.5022394 -0.15047776
v -0.42802894 0.46050155 -0.07814148
v -0.41262683 0.46674042 -0.11886059
v -0.38494038 0.46857357 -0.15060834
v -0.38786035 0.41386798 -0.09176412
v -0.36863383 0.4234752 -0.12667295
v -0.33407452 0.4251064 -0.15080313
v -0.3535684 0.3616338 -0.10842623
v -0.32742032 0.37123891 -0.13754689
v -0.29206147 0.37879324 -0.16055251
v -0.33276796 0.31643539 -0.1376094
v -0.29643055 0.32178264 -0.1620029
v -0.25336685 0.32593959 -0.18219719
v -0.30607277 0.26350599 -0.17145346
v -0.26350933 0.2685652 -0.19541145
v -0.21517136 0.27147087 -0.21482777
v -0.28933793 0.22685633 -0.22562357
v -0.24111217 0.23498466 -0.2526381
v -0.18651787 0.23831687 -0.27129441
v -0.26671162 0.20163214 -0.29044973
v -0.2104136 0.20758238 -0.3130137
v -0.15919098 0.22066994 -0.34686636
v -0.23659935 0.18896402 -0.35808378
v -0.18199466 0.19980581 -0.3894985
v -0.12517784 0.21118101 -0.42051327
v -0.20887774 0.19787402 -0.44329354
v -0.14690063 0.20623533 -0.46552565
v -0.08474357 0.21845646 -0.49589711
v -0.1683758 0.21684639 -0.51509398
v -0.10421164 0.23157176 -0.55296462
v -0.03253383 0.25090834 -0.5901333
v -0.12399396 0.25539609 -0.61479038
v -0.04603746 0.27527234 -0.64224505
v 0.03819813 0.29555013 -0.64696526
v -0.05520226 0.31435731 -0.69203585
v 0.03397626 0.33474987 -0.68687069
v 0.13206563 0.36794567 -0.69426536
v 0.03250831 0.38177537 -0.71110099
v 0.13132844 0.41667807 -0.70875412
v 0.23512898 0.45840224 -0.70667839
v 0.13654083 0.47623699 -0.71430236
v 0.22851541 0.51119536 -0.69113546
v 0.31523868 0.54330045 -0.67831063
v 0.22263412 0.56052148 -0.66564989
v 0.30539473 0.59668678 -0.64786154
v 0.38962426 0.6448127 -0.61711037
v 0.29842957 0.65476971 -0.60908365
v 0.36920604 0.68222314 -0.57054317
v 0.43625044 0.70899224 -0.53095287
v 0.34376955 0.71212971 -0.52194321
v 0.40445816 0.73478967 -0.478643
v 0.46447569 0.75617963 -0.43558412
v 0.37664368 0.75049448 -0.42711165
v 0.43446558 0.77363485 -0.38540861
v 0.48436015 0.78907263 -0.33912184
v 0.38502612 0.74566823 -0.33255541
v 0.44022783 0.77551895 -0.29394903
v 0.48023387 0.79120814 -0.24855507
v 0.40542811 0.75559729 -0.25245252
v 0.45256972 0.78559029 -0.21105656
v 0.48345369 0.79915297 -0.1639529
v 0.41487786 0.73955285 -0.17751674
v 0.45569336 0.77086615 -0.13368959
v 0.47083017 0.7689836 -0.08758442
v 0.43058708 0.71855557 -0.11028084
v 0.45155471 0.72679776 -0.06620693
v 0.48257333 0.75672251 -0.0134211
v 0.45438146 0.69272154 -0.04895902
v 0.4689967 0.69550406 -0.00376652
v 0.49799636 0.72309428 0.05169575
v 0.48354512 0.65208756 0.00240199
v 0.50783532 0.66995602 0.05421434
v 0.52178615 0.67306947 0.10302081
v 0.52343398 0.6072793 0.04249547
v 0.54934012 0.62474316 0.09637944
v 0.56569355 0.62992841 0.14608746
v 0.5761305 0.56942433 0.07466846
v 0.6001237 0.58230906 0.12782147
v 0.6304453 0.60005563 0.1867652
v 0.63862037 0.54015976 0.10210178
v 0.66807735 0.55465167 0.15980824
v 0.68733972 0.55864244 0.21027746
v 0.71273988 0.51451426 0.12431604
v 0.73179996 0.51789456 0.17507776
v 0.75906306 0.52241164 0.22943782
v 0.7933821 0.48279684 0.13481709
v 0.82934206 0.48788443 0.1933895
v 0.86493319 0.4956007 0.24645617
v 0.89589834 0.46486863 0.14248904
v 0.94032406 0.47661444 0.20013363
v 0.94120854 0.48644033 0.24735128
v 1.00718617 0.48050969 0.15125744
v 1.0480076 0.5084784 0.22474478
v 1.05159068 0.52516567 0.29070228
v 1.12224233 0.56849604 0.21794074
v 1.10235583 0.56178486 0.2662307
v 1.11775267 0.60083597 0.36226502
v 1.14062321 0.63279664 0.27098658
v 1.14137399 0.66414815 0.36797559
v 1.13683319 0.68577528 0.46327319
v 1.1404885 0.7381193 0.40104439
v 1.12911522 0.74407804 0.48214528
v 1.12714827 0.75294178 0.56737786
v 1.10586834 0.81830573 0.5356397
v 1.09925055 0.81077599 0.59137934
v 1.11958682 0.81723624 0.68751442
v 1.05669868 0.86403209 0.62044948
v 1.07649076 0.87380397 0.71623528
v 1.07641315 0.86030167 0.78029614
v 1.02851247 0.92905467 0.75332117
v 1.02375793 0.9057067 0.80088311
v 1.02048683 0.89918023 0.87290281
v 0.96555382 0.94053316 0.81481844
v 0.97202873 0.95034182 0.90815621
v 0.95813304 0.9480474 0.9783898
v 0.91282808 0.97936332 0.91632539
v 0.90208166 0.98473537 0.99152916
v 0.87726181 0.98185813 1.04974067
v 0.83440864 0.96567463 0.9358161
v 0.81743603 0.97638994 1.00906443
v 0.79025483 0.97779631 1.06556892
v 0.77672231 0.97449928 0.99886745
v 0.74998503 0.97451466 1.04844653
v 0.71732306 0.96351128 1.07822203
v 0.72115385 0.95240068 1.02381992
v 0.69024443 0.94364404 1.05377543
v 0.65921264 0.93721228 1.08686757
v 0.6776396 0.91555643 1.03869962
v 0.6488738 0.91474789 1.07968246
v 0.61909878 0.90764623 1.11081528
v 0.64523649 0.84964054 1.02279341
v 0.61945384 0.85183847 1.06832706
v 0.59331572 0.85229277 1.11114907
v 0.63958376 0.80442202 1.06202614
v 0.61388582 0.80400031 1.10324192
v 0.5884906 0.80649513 1.14902997
v 0.64906084 0.74875628 1.09711456
v 0.61937624 0.73959577 1.11819839
v 0.59627437 0.75194788 1.18216514
v 0.66855454 0.6919561 1.13208735
v 0.64150971 0.69396472 1.17488575
v 0.61319631 0.69919443 1.22207367
v 0.6929875 0.64192092 1.17343914
v 0.66614371 0.64837986 1.22663569
v 0.63243663 0.65121662 1.26620042
v 0.72439426 0.60897558 1.24455928
v 0.69345623 0.6172837 1.30326402
v 0.65065038 0.61657822 1.32858502
v 0.74904477 0.59017181 1.3288691
v 0.70339661 0.59131324 1.3599044
v 0.66429448 0.60387909 1.42626118
v 0.75401133 0.58563673 1.41220414
v 0.70191228 0.58744317 1.44099497
v 0.65470236 0.59702539 1.49593532
v 0.73302304 0.59387499 1.48152411
v 0.68156564 0.60115122 1.53063583
v 0.63129293 0.61564147 1.60664689
v 0.70425301 0.63234156 1.61398506
v 0.64250707 0.637012 1.65171361
v 0.57637339 0.64693665 1.7007004
v 0.63502585 0.6693077 1.68043196
v 0.56301438 0.67578643 1.71715056
v 0.48159682 0.69551897 1.78209126
v 0.54116368 0.73319649 1.79657638
v 0.44932782 0.74143934 1.81100118
v 0.35477221 0.75051921 1.7995212
v 0.40454229 0.79223752 1.81215596
v 0.30781787 0.80779159 1.82232332
v 0.21805472 0.82291322 1.82130539
v 0.25519695 0.86968749 1.83213412
v 0.16639985 0.8837291 1.82541596
v 0.07761403 0.90524733 1.8364762
v 0.12057326 0.93740373 1.80018472
v 0.03735372 0.95347815 1.79419946
v -0.03942222 0.96632194 1.77938318
v -0.0015793 0.99904418 1.73103952
v -0.06737825 1.01270818 1.70797908
v -0.14968925 1.03187155 1.72432148
v -0.1087203 1.06164693 1.68976259
v -0.18033038 1.08892273 1.65215897
v -0.241103 1.09025251 1.65836083
v -0.21490959 1.13402807 1.60235226
v -0.26362502 1.14845001 1.56815326
v -0.33213922 1.14721262 1.56670415
v -0.27965936 1.18708777 1.47774279
v -0.3354865 1.18445539 1.46511352
v -0.38044357 1.17646038 1.43558096
v -0.30623325 1.19000875 1.35416269
v -0.35669562 1.18130803 1.34329927
v -0.40196636 1.16815602 1.32861459
v -0.31487458 1.15543746 1.2724061
v -0.35862797 1.14073908 1.26106572
v -0.39609515 1.12206232 1.24311959
v -0.31378564 1.08138394 1.21229982
v -0.34098494 1.05645573 1.20623385
v -0.39812994 1.06322407 1.20162415
v -0.31679925 1.00778877 1.20697844
v -0.33247676 0.98840296 1.19645595
v -0.38849663 0.99637562 1.18238258
v -0.2996166 0.89241373 1.21912455
v -0.34318509 0.90885037 1.20722138
v -0.38107022 0.90653753 1.19364166
v -0.33543106 0.86771339 1.24777066
v -0.3750551 0.87046456 1.26202547
v -0.40726974 0.86710172 1.19441521
v -0.37777352 0.83489799 1.28570711
v -0.40512359 0.81890142 1.24487757
v -0.47281077 0.84430867 1.2146871
v -0.42664593 0.80222904 1.31333887
v -0.47021725 0.80522137 1.26393055
v -0.53940665 0.83189362 1.24200689
v -0.49420663 0.79234826 1.32889258
v -0.53752452 0.7957316 1.27474772
v -0.59202516 0.80788648 1.23379468
v -0.57670044 0.79844033 1.34025776
v -0.63586103 0.81270015 1.29912197
v -0.67334508 0.81190848 1.23925471
v -0.64528912 0.80218935 1.31703293
v -0.71373832 0.82320582 1.28376269
v -0.76497709 0.83247995 1.23523771
v -0.75190329 0.84377753 1.31124579
v -0.78698164 0.84229987 1.24919426
v -0.86647272 0.87079083 1.21847331
v -0.84921562 0.88990521 1.27818656
v -0.91166704 0.90719878 1.23239505
v -0.97631049 0.92562329 1.18494999
v -0.95113253 0.95014286 1.23060548
v -1.03312206 0.98043465 1.18802416
v -1.0974338 0.99871444 1.13204121
v -1.05178332 1.02036643 1.16395843
v -1.13867592 1.05435526 1.11310958
v -1.16719508 1.04906857 1.03921377
v -1.12583661 1.08329367 1.07079529
v -1.2243489 1.12665152 1.01122176
v -1.23479545 1.11039638 0.92939436
v -1.23139011 1.17794704 0.96844333
v -1.27809739 1.18871033 0.88918685
v -1.2918148 1.17834615 0.80499786
v -1.23871171 1.21098637 0.84379839
v -1.26622986 1.21187448 0.76257544
v -1.29330194 1.21675849 0.68236702
v -1.26358282 1.26406121 0.72346299
v -1.28668212 1.2679274 0.64413219
v -1.25876927 1.23134338 0.57577055
v -1.22048175 1.26569008 0.62125688
v -1.23364925 1.26464843 0.5493707
v -1.25516593 1.2719146 0.4767211
v -1.16693759 1.2522062 0.54020321
v -1.17193865 1.244663 0.47516906
v -1.21919035 1.27802789 0.39876538
v -1.15179336 1.26371133 0.46982771
v -1.1537069 1.25405931 0.40772086
v -1.16677677 1.25678014 0.34210687
v -1.07737934 1.20390248 0.42806538
v -1.11756563 1.23441255 0.36009463
v -1.0879184 1.20805239 0.30519637
v -1.05974197 1.18737161 0.38866022
v -1.02611875 1.15690386 0.3392609
v -1.04595196 1.18264591 0.28025144
v -1.02585089 1.14041125 0.36967489
v -0.99237692 1.1124562 0.32782563
v -0.9929918 1.12502718 0.27923363
v -0.98324871 1.06606388 0.36845913
v -0.95178109 1.03530967 0.33411845
v -0.94160485 1.03647542 0.28985935
v -0.96803003 0.99331963 0.36873823
v -0.94038313 0.96635365 0.33525216
v -0.93259412 0.96690696 0.28981626
v -0.97184002 0.92897689 0.36116942
v -0.96100521 0.92546021 0.32408678
v -0.92931258 0.90026831 0.28493511
v -0.97251772 0.86547207 0.34647455
v -0.95265108 0.84928083 0.3052431
v -0.93847161 0.83964431 0.26174905
v -0.99159902 0.81615585 0.31721049
v -0.98482728 0.81219762 0.27016234
v -0.96462661 0.79739224 0.22386553
v -1.00791657 0.77061921 0.27490454
v -0.99919426 0.76416862 0.22495012
v -0.98785418 0.75511777 0.17417508
v -1.05445587 0.75578594 0.21246279
v -1.0535624 0.7533248 0.15669664
v -1.00341296 0.71375 0.11281514
v -1.07897722 0.73504722 0.13998375
v -1.06795108 0.72257494 0.08307889
v -1.03722763 0.69779324 0.02890333
v -1.12382233 0.73969441 0.04486476
v -1.07767939 0.70464491 -0.0052171
v -1.06540238 0.69457912 -0.07358502
v -1.15227139 0.74740922 -0.06353107
v -1.09630262 0.7128598 -0.11696254
v -1.05925965 0.70171886 -0.18642622
v -1.14140975 0.75983774 -0.17875219
v -1.10768747 0.75649166 -0.26144281
v -1.02055788 0.74024653 -0.30627304
v -1.11393201 0.8069902 -0.31858578
v -1.03279328 0.79465782 -0.3685421
v -0.93460595 0.76752781 -0.39013037
v -1.01694154 0.84268003 -0.40477627
v -0.94738501 0.84889042 -0.45480382
v -0.87295693 0.85009557 -0.49866521
v -0.92514836 0.91603416 -0.47987237
v -0.84943592 0.93060255 -0.52187722
v -0.77554261 0.90757119 -0.55734127
v -0.82108324 0.97997033 -0.4988856
v -0.76835113 0.99519407 -0.54763311
v -0.68434965 1.00660216 -0.58574813
v -0.73922222 1.04841303 -0.50167578
v -0.65637671 1.06476819 -0.51866388
v -0.61147463 1.05735933 -0.5495069
v -0.64587163 1.07715404 -0.4492926
v -0.5939967 1.09196317 -0.48274958
v -0.5330199 1.09697926 -0.47228956
v -0.58982789 1.10502588 -0.40085548
v -0.5278455 1.1083281 -0.41493615
v -0.46790698 1.11470735 -0.40870598
v -0.52816641 1.10896253 -0.34249648
v -0.4683716 1.10772037 -0.33963474
v -0.41317373 1.09242177 -0.3349002
v -0.46655249 1.07533383 -0.26840749
v -0.42176541 1.10448026 -0.28553775
v -0.3651537 1.07747626 -0.26911589
v -0.4197753 1.06471526 -0.2210437
v -0.36678382 1.04719781 -0.21293389
v -0.32474869 1.07853281 -0.22006672
v -0.36339199 1.00051236 -0.16177509
v -0.32055592 1.01794862 -0.16421301
v -0.27685746 1.03300678 -0.159408
v -0.31960603 0.98362165 -0.13346649
v -0.27095639 0.97575503 -0.12283337
v -0.23158085 1.01433908 -0.11822866
v -0.2658455 0.93528062 -0.10831669
v -0.22269769 0.96001952 -0.10094612
v -0.17527774 0.95863425 -0.08208928
v -0.2087026 0.89330369 -0.09948147
v -0.16258791 0.91621965 -0.08671832
v -0.11367783 0.91182941 -0.06638947
v -0.14632558 0.86119651 -0.1055643
v -0.09627506 0.87541681 -0.08845779
v -0.04695317 0.88461285 -0.06969082
v -0.07771856 0.82469528 -0.12110988
v -0.02580132 0.85908442 -0.10644985
v 0.02484511 0.86687707 -0.0868829
v -0.00659561 0.8240872 -0.15081864
v 0.04689007 0.8367955 -0.13131961
v 0.10421154 0.88344115 -0.11342011
v 0.06548152 0.82169818 -0.18246264
v 0.12280175 0.84649533 -0.16250263
v 0.1809158 0.87808746 -0.13864049
v 0.14069508 0.84982419 -0.21534216
v 0.20834723 0.89705508 -0.19204364
v 0.26175016 0.90478462 -0.15697155
v 0.22473941 0.91251504 -0.24121223
v 0.29056939 0.94397848 -0.20595969
v 0.33905449 0.94919365 -0.15570716
v 0.31061524 0.9860171 -0.24727429
v 0.36787653 1.00239324 -0.19057875
v 0.40672135 1.01315796 -0.11987251
v 0.37711584 1.03731536 -0.21760018
v 0.44024983 1.08023667 -0.14262433
v 0.4644503 1.08367776 -0.06294681
v 0.44842454 1.13161158 -0.16132132
v 0.50308436 1.17955327 -0.06884966
v 0.50866979 1.17410373 0.00977543
v 0.49622923 1.25208306 -0.07889509
v 0.51922965 1.26442062 0.0171885
v 0.51828271 1.2607584 0.08090356
v 0.48217338 1.34766995 0.01459289
v 0.50169861 1.34793472 0.09836053
v 0.49321541 1.34302949 0.15256486
v 0.42970526 1.41627752 0.09097385
v 0.44987732 1.4018048 0.14311276
v 0.46792569 1.43493223 0.21724304
v 0.38133314 1.42311191 0.13598981
v 0.39685887 1.46926879 0.21278654
v 0.39406484 1.51054406 0.30836439
v 0.3037793 1.50143325 0.24499169
v 0.30428072 1.52672374 0.33006608
v 0.30602189 1.55392849 0.40640562
v 0.22901931 1.49020457 0.33057892
v 0.23569408 1.52911508 0.40339696
v 0.24316099 1.5447483 0.49317124
v 0.1861355 1.4937886 0.41537439
v 0.19565421 1.50198984 0.50195574
v 0.21403813 1.4976983 0.58530288
v 0.16194854 1.44222819 0.52041268
v 0.18945676 1.44145023 0.59656006
v 0.15111216 1.36673903 0.53174215
v 0.18392872 1.37613678 0.60493892
v 0.22475069 1.37747764 0.67082679
v 0.19776371 1.30961465 0.61098843
v 0.24132539 1.31668984 0.67227441
v 0.29336607 1.3157798 0.71697044
v 0.27491205 1.37244236 0.72004306
v 0.26752901 1.2593646 0.66629374
v 0.31705573 1.26123881 0.70331472
v 0.37059664 1.25804472 0.71949255
v 0.38719096 1.20794248 0.68700349
v 0.43323668 1.204759 0.67969375
v 0.39552921 1.16064798 0.64258813
v 0.34644329 1.11486148 0.58083653
v 0.30089995 1.15433037 0.59957444
v 0.28129187 1.12201535 0.5296154
v 0.26112243 1.19774794 0.60942423
v 0.23661772 1.16821086 0.53819853
v 0.21843904 1.16208553 0.48052606
v 0.19564254 1.22690498 0.54424738
v 0.17497669 1.22927367 0.48798474
v 0.17427046 1.20008301 0.41339814
v 0.15131439 1.27779984 0.46805185
v 0.15178965 1.25707376 0.40191939
v 0.15025754 1.25088715 0.34344464
v 0.13313266 1.34425318 0.39936643
v 0.14357098 1.32457149 0.3289985
v 0.15250182 1.29054248 0.26440501
v 0.16409002 1.36406302 0.30330216
v 0.16618283 1.36122751 0.25173911
v 0.17097383 1.31571185 0.18412216
v 0.20189833 1.41055512 0.22916317
v 0.20012316 1.35326707 0.15780128
v 0.19494631 1.34199369 0.09841985
v 0.23905676 1.4015311 0.13552202
v 0.23441284 1.37553286 0.06983148
v 0.22000794 1.3668549 0.01549352
v 0.29182454 1.40581405 0.0469099
v 0.29048645 1.41342628 -0.00326911
v 0.27454331 1.38934052 -0.08960082
v 0.35955151 1.39585411 -0.04356877
v 0.33639273 1.35990929 -0.12185207
v 0.29480335 1.33274161 -0.19599402
v 0.38898286 1.34830021 -0.14021365
v 0.34305319 1.30210125 -0.23173698
v 0.27148196 1.23725402 -0.28452947
v 0.37931314 1.24261295 -0.24899116
v 0.3020389 1.19033312 -0.30768609
v 0.2280353 1.15165686 -0.34446764
v 0.30968502 1.11641764 -0.3071537
v 0.24399049 1.10320651 -0.35089206
v 0.1697831 1.06127929 -0.37990412
v 0.24372893 1.03548276 -0.33795276
v 0.17349684 1.00304186 -0.36985525
v 0.10752246 0.97672444 -0.39927727
v 0.17587897 0.96182054 -0.34974348
v 0.11222899 0.94518071 -0.38156196
v 0.04549022 0.91368848 -0.40444648
v 0.10786414 0.90552198 -0.34501415
v 0.03804693 0.85769969 -0.35917818
v -0.025834 0.82958024 -0.37885591
v 0.034449 0.84283721 -0.31748539
v -0.02932087 0.81282621 -0.33545625
v -0.09336116 0.78170734 -0.35188099
v -0.0378879 0.78741568 -0.27657035
v -0.09922141 0.77747678 -0.29988518
v -0.16349488 0.74978166 -0.31342998
v -0.10740996 0.77002543 -0.23849079
v -0.16865751 0.74874812 -0.25217178
v -0.2315195 0.72905945 -0.2588495
v -0.17645549 0.77439963 -0.20020145
v -0.23492193 0.75678181 -0.20692186
v -0.29247915 0.7387135 -0.20436857
v -0.23866391 0.78553038 -0.1592652
v -0.29137381 0.76786732 -0.15778783
v -0.34536537 0.75859892 -0.15210728
v -0.29370135 0.80726349 -0.12458241
v -0.34561178 0.80290919 -0.12177665
v -0.39441281 0.78917396 -0.11090652
v -0.35255065 0.86263054 -0.10914988
v -0.40458533 0.86231714 -0.1041981
v -0.45623856 0.85945594 -0.0960806
v -0.40834611 0.91721648 -0.10764602
v -0.45676145 0.91085755 -0.09951703
v -0.50296604 0.89980161 -0.0883254
v -0.46494272 0.97561436 -0.12733879
v -0.51125991 0.96494281 -0.11809964
v -0.5572288 0.95527946 -0.10872857
v -0.51858991 1.02231526 -0.1635953
v -0.56795287 1.01787066 -0.15793718
v -0.61869257 1.01804125 -0.15448123
v -0.56699115 1.04508602 -0.20459002
v -0.62088453 1.04885184 -0.20444212
v -0.6582539 1.02108669 -0.18591393
v -0.61907511 1.05781889 -0.25316304
v -0.68471741 1.08284568 -0.26668208
v -0.72508645 1.05574023 -0.24565701
v -0.68530744 1.08022785 -0.31936734
v -0.75036525 1.09159302 -0.32398393
v -0.79977321 1.07555604 -0.30467763
v -0.76467502 1.08224296 -0.38242837
v -0.81976789 1.06949269 -0.36234718
v -0.8719362 1.06368219 -0.34003675
v -0.84381216 1.05466938 -0.41846978
v -0.91651064 1.06338059 -0.4064092
v -0.9614017 1.05693936 -0.36751112
v -0.94139415 1.0157243 -0.43121919
v -0.99284368 1.01302456 -0.38735657
v -1.05156123 1.05782067 -0.37342205
v -1.03897965 0.97968709 -0.40624097
v -1.10046064 1.01153516 -0.37205168
v -1.14875638 1.03759133 -0.33978754
v -1.15076041 0.96248096 -0.35973349
v -1.19921124 0.98578566 -0.30633533
v -1.24507248 0.99833965 -0.26018658
v -1.22164344 0.90244782 -0.24526964
v -1.2687143 0.92649102 -0.19801123
v -1.28505587 0.93052542 -0.14588798
v -1.23429334 0.84914821 -0.11678872
v -1.25964677 0.86300772 -0.06283836
v -1.30015826 0.89169561 -0.01333966
v -1.23401713 0.82009267 0.00237022
v -1.27633416 0.85225969 0.05155691
v -1.25814175 0.84959101 0.12056993
v -1.20923876 0.80300289 0.11183497
v -1.22164762 0.81646043 0.16725322
v -1.25770902 0.8422873 0.21677325
v -1.15924334 0.77997577 0.21253624
v -1.20834541 0.81385004 0.25948914
v -1.22800231 0.82988202 0.31483382
v -1.13920033 0.78526204 0.29429119
v -1.15372085 0.79736137 0.34819564
v -1.17419529 0.8153029 0.40217018
v -1.09138906 0.7863667 0.36593243
v -1.13958454 0.82477676 0.41318255
v -1.12065088 0.81898862 0.46742042
v -1.08075869 0.83084619 0.41363263
v -1.0809468 0.83797735 0.462273
v -1.07497489 0.84389126 0.51301008
v -1.03933572 0.86337208 0.44861608
v -1.03526938 0.86917239 0.49608868
v -1.04210102 0.88653564 0.54561573
v -0.97909855 0.884301 0.47299185
v -0.98723024 0.90220618 0.51882606
v -0.99383908 0.92126917 0.56755167
v -0.9611116 0.94047582 0.48703351
v -0.94407725 0.93863964 0.53306019
v -0.96935248 0.97484785 0.5816164
v -0.95568585 1.00390589 0.49703881
v -0.94571566 1.00749588 0.54429614
v -0.93460279 1.01130747 0.59144258
v -0.96273315 1.06497299 0.50903171
v -0.9593212 1.07456064 0.5580461
v -0.94369393 1.07308435 0.60725528
v -0.98726904 1.12617647 0.52864289
v -0.96877825 1.12141072 0.58073514
v -0.97815793 1.14326345 0.63309365
v -1.02140283 1.18044078 0.55979234
v -1.03132474 1.2024846 0.61490285
v -0.97817736 1.16822147 0.66809123
v -1.09233164 1.25329077 0.60209327
v -1.05061209 1.22953569 0.66201573
v -1.04509425 1.24231851 0.72019529
v -1.09406638 1.24955821 0.6637606
v -1.07073712 1.24669957 0.72480452
v -1.03815388 1.23939073 0.78538268
v -1.1482011 1.2813909 0.74157089
v -1.09305405 1.25609612 0.80749768
v -1.07715594 1.26614058 0.87442624
v -1.12659096 1.24345254 0.83820259
v -1.12327635 1.26406502 0.9096741
v -1.05703127 1.23494041 0.9701966
v -1.15212261 1.24079906 0.95076966
v -1.10759055 1.22984588 1.01734352
v -1.05198872 1.21043443 1.07798612
v -1.11143243 1.18594324 1.05974352
v -1.0524218 1.16551983 1.11899757
v -1.01482737 1.1604135 1.18303084
v -1.07341039 1.13539731 1.16957902
v -0.9842596 1.09555721 1.21372306
v -0.93331986 1.08240258 1.2705878
v -0.97987031 1.0525285 1.25496435
v -0.94470661 1.05107331 1.32142531
v -0.87808054 1.02898895 1.37118232
v -0.89653021 0.98582643 1.3355149
v -0.86540836 0.98825365 1.40726041
v -0.80202758 0.97025841 1.46035838
v -0.78154307 0.90873694 1.38373148
v -0.7392348 0.9054557 1.44943702
v -0.6924929 0.9005841 1.51789045
v -0.69471412 0.86158633 1.44115805
v -0.6269623 0.84304553 1.48612177
v -0.55950492 0.82648634 1.53519606
v -0.56200075 0.79394662 1.43589103
v -0.52350801 0.79806274 1.51403236
v -0.43849554 0.77166169 1.53441226
v -0.47109362 0.76582443 1.45118832
v -0.41241619 0.75737094 1.49850332
v -0.34639921 0.74661481 1.53254354
v -0.37908601 0.74482166 1.43202805
v -0.33299031 0.74778455 1.4877007
v -0.25210416 0.72250878 1.47676873
v -0.32247617 0.75982534 1.43344938
v -0.26516002 0.75028294 1.45237851
v -0.18975353 0.72760593 1.43902838
v -0.25438368 0.75906622 1.36987149
v -0.19392466 0.7529574 1.37749123
v -0.1317458 0.74302089 1.38959348
v -0.21347156 0.79388296 1.34036171
v -0.15623354 0.78295695 1.32822334
v -0.08991239 0.77161014 1.34089255
v -0.16565956 0.84257274 1.27724289
v -0.10224636 0.81849414 1.29083216
v -0.07945816 0.8420974 1.28158927
v -0.14049938 0.89162832 1.22138559
v -0.08760804 0.89622849 1.23469734
v -0.06404491 0.89658081 1.22780609
v -0.12619786 0.95625114 1.2083671
v -0.12167806 0.98958367 1.20639288
v -0.01592771 0.9677326 1.22385764
v -0.13579769 1.07481575 1.22125494
v -0.0913487 1.07548809 1.24211669
v -0.00522944 1.02131533 1.24976229
v -0.15434774 1.14877855 1.29553461
v -0.08193016 1.12979805 1.32335507
v -0.03849914 1.12717831 1.402686
v -0.13395933 1.17101228 1.42016935
v -0.07081533 1.1477077 1.48018074
v 0.0087962 1.10922253 1.47316145
v -0.08839599 1.1340022 1.58843278
v 0.00573188 1.10136055 1.59566605
v 0.08606566 1.06819248 1.5979886
v 0.01273579 1.07127821 1.6461538
v 0.1029777 1.04626178 1.67312037
v 0.18771855 1.01930332 1.65109658
v 0.12955375 1.01386547 1.72830557
v 0.21395862 0.99445509 1.71214735
v 0.29066735 0.98468267 1.70344817
v 0.24751122 0.9663192 1.79068839
v 0.32958826 0.9639827 1.79808652
v 0.40767651 0.9531393 1.76170766
v 0.38879206 0.90008342 1.7907927
v 0.4669446 0.89593577 1.76931226
v 0.53588753 0.89245706 1.73871576
v 0.52513659 0.83049887 1.7522428
v 0.59300124 0.823031 1.70641267
v 0.65632563 0.81907522 1.66925585
v 0.64310264 0.76589733 1.70056092
v 0.70468664 0.759458 1.65282249
v 0.76814472 0.76070886 1.62982463
v 0.74166142 0.70819449 1.63986277
v 0.78925406 0.68983334 1.54566252
v 0.84982794 0.69077652 1.51843416
v 0.81473273 0.65442037 1.55165004
v 0.85862523 0.64016556 1.46810102
v 0.91984152 0.64676624 1.45233881
v 0.85876238 0.60764598 1.44242727
v 0.90349811 0.6030128 1.38596689
v 0.938537 0.59996205 1.32257401
v 0.87124723 0.57616627 1.32857489
v 0.92030525 0.58359539 1.30730974
v 0.94956725 0.58321404 1.24870157
v 0.87745386 0.57730078 1.27410459
v 0.90042108 0.57254201 1.20569026
v 0.91576826 0.56587243 1.12967956
v 0.84785735 0.58414208 1.18561482
v 0.87485349 0.58508789 1.13707876
v 0.88513457 0.57476526 1.05508828
v 0.81140399 0.60796779 1.11290752
v 0.83358615 0.60558694 1.05748367
v 0.84851086 0.59796017 0.98865205
v 0.78052645 0.65055126 1.06596946
v 0.79997235 0.6450771 1.00571334
v 0.82056337 0.6423428 0.95195084
v 0.7443431 0.69195097 1.00275659
v 0.76165115 0.68393629 0.94190907
v 0.78492134 0.68771815 0.90463638
v 0.7236377 0.74869912 0.9695034
v 0.74697309 0.75035351 0.93054211
v 0.76075744 0.74322766 0.87595242
v 0.7111237 0.79658228 0.92642885
v 0.72487896 0.78499949 0.86850035
v 0.74301785 0.79397797 0.84310507
v 0.71853208 0.84876096 0.90458375
v 0.73588746 0.85302859 0.87102514
v 0.74195832 0.85190868 0.82554894
v 0.73711121 0.89114737 0.87755215
v 0.74260234 0.8851211 0.82346755
v 0.74247491 0.88929784 0.78001469
v 0.76337772 0.92295599 0.84008443
v 0.77017885 0.93943244 0.81009244
v 0.75941062 0.93232411 0.74528318
v 0.80883121 0.97308051 0.83061951
v 0.79595786 0.95837819 0.75133007
v 0.78321594 0.95696646 0.69049441
v 0.85077774 0.98426294 0.77241867
v 0.8317402 0.97015631 0.69013738
v 0.81587338 0.96942979 0.62667709
v 0.88601899 0.96569794 0.68208766
v 0.86885201 0.96512752 0.61602348
v 0.86577153 0.98960024 0.57851046
v 0.92507565 0.95075529 0.60270315
v 0.92483919 0.96025973 0.54869502
v 0.90917468 0.97307932 0.49143546
v 0.97666865 0.9284594 0.50471746
v 0.9816035 0.93252283 0.44913896
v 0.98032057 0.94376766 0.38693374
v 1.03289628 0.90435081 0.41048616
v 1.03274118 0.91436135 0.36981281
v 1.03680515 0.92059034 0.30925053
v 1.11652278 0.83425998 0.309639
v 1.11333847 0.82313823 0.20796865
v 1.10932266 0.81291985 0.1407181
v 1.15357112 0.72858929 0.18831887
v 1.14779818 0.71160721 0.12360941
v 1.1343255 0.72503525 0.06838404
v 1.12091219 0.59306472 0.05977445
v 1.1085788 0.58009558 0.03014328
v 1.10348641 0.59350574 -0.00151809
v 1.04916906 0.50634336 0.01999634
v 1.01128006 0.49046707 -0.01815745
v 0.99958956 0.49604591 -0.06820435
v 0.91792303 0.45561289 0.00559495
v 0.90306282 0.4550428 -0.03617421
v 0.8679887 0.45457488 -0.08824462
v 0.79814481 0.45888882 0.00444234
v 0.76438003 0.45688146 -0.05127902
v 0.74803376 0.45332071 -0.10569883
v 0.70998334 0.47542956 -0.0113076
v 0.68503624 0.46862271 -0.06731229
v 0.66622388 0.46289473 -0.12006159
v 0.63502311 0.49074071 -0.03212853
v 0.60445678 0.47669094 -0.08510135
v 0.57596468 0.46570861 -0.13451209
v 0.56523889 0.50580108 -0.05219228
v 0.53078329 0.48783093 -0.0998103
v 0.50298011 0.47833809 -0.14167431
v 0.50931024 0.53956216 -0.06974341
v 0.46847477 0.51470816 -0.11257096
v 0.43270683 0.49819552 -0.14851711
v 0.44967347 0.57017421 -0.09319696
v 0.40764218 0.54357147 -0.12970252
v 0.37468239 0.53318053 -0.16025345
v 0.39585542 0.60015869 -0.12415469
v 0.36455526 0.59190416 -0.15566085
v 0.32069429 0.57014423 -0.18187061
v 0.35613864 0.63777703 -0.16466414
v 0.31761178 0.62435883 -0.19316582
v 0.27403113 0.6051386 -0.21823696
v 0.31816229 0.66263967 -0.21562543
v 0.28614082 0.66606408 -0.24785354
v 0.23493935 0.63433283 -0.27078995
v 0.29501605 0.69633799 -0.28258207
v 0.25288263 0.68609869 -0.31483945
v 0.19930847 0.65309697 -0.33606866
v 0.26542878 0.70237326 -0.35847586
v 0.21948967 0.69128465 -0.39215958
v 0.16510805 0.66574323 -0.41363093
v 0.23244349 0.69263964 -0.44199988
v 0.17295745 0.66467082 -0.46528455
v 0.12137948 0.65996724 -0.49106693
v 0.19057782 0.66557127 -0.52765989
v 0.12609036 0.6485787 -0.54924601
v 0.06377662 0.6377784 -0.55931335
v 0.14081506 0.63709795 -0.61787897
v 0.06090934 0.61967688 -0.62811934
v -0.01294636 0.60862624 -0.63594889
v 0.05639441 0.57630705 -0.69011575
v -0.02987065 0.56083232 -0.69452631
v -0.09864137 0.55549794 -0.66976761
v -0.03858272 0.4951561 -0.72627872
v -0.11944775 0.49225425 -0.72529357
v -0.1974914 0.47756171 -0.68763494
v -0.13396556 0.40306451 -0.7193042
v -0.21306712 0.40295377 -0.70999121
v -0.28528186 0.38455271 -0.66448211
v -0.21491396 0.32152342 -0.6651268
v -0.28267833 0.32298466 -0.64765507
v -0.3540447 0.30686396 -0.61587697
v -0.27753216 0.26899159 -0.61098706
v -0.34490475 0.2511079 -0.57195806
v -0.40284282 0.23621602 -0.53294718
v -0.31902924 0.21405354 -0.51331609
v -0.38232627 0.20034664 -0.48427644
v -0.45122212 0.18948441 -0.45584374
v -0.35232171 0.18017058 -0.42733398
v -0.41720113 0.16945269 -0.39802247
v -0.48250785 0.16175752 -0.36154994
v -0.38429278 0.16491545 -0.34856963
v -0.43991613 0.15581452 -0.30976769
v -0.50841248 0.15147176 -0.27680963
v -0.40289139 0.16395917 -0.26718112
v -0.45412638 0.15738236 -0.22990359
v -0.49386546 0.1516204 -0.18740458
v -0.40797922 0.17925588 -0.1931727
v -0.44953924 0.17774762 -0.15859982
v -0.48460543 0.17687499 -0.11832186
v -0.40369913 0.21133279 -0.13134235
v -0.43998009 0.21289625 -0.0964331
v -0.45862785 0.20951923 -0.05095762
v -0.40694052 0.25767135 -0.08154228
v -0.41952088 0.25164142 -0.03879734
v -0.43066653 0.24923236 0.00742257
v -0.40114843 0.30452603 -0.03550379
v -0.40924388 0.30069667 0.00853704
v -0.41247525 0.29655787 0.05603873
v -0.41274675 0.36359199 0.00081194
v -0.41807711 0.36067199 0.04780602
v -0.42773899 0.36206704 0.0972725
v -0.42379379 0.40962168 0.03434865
v -0.43418008 0.41113537 0.08290203
v -0.4514063 0.41749593 0.13473163
v -0.46851348 0.466825 0.06260453
v -0.48140978 0.46773114 0.11538618
v -0.489497 0.46407696 0.16882783
v -0.51333642 0.5007115 0.09334814
v -0.54330474 0.51705241 0.14687398
v -0.54788368 0.50883346 0.2018169
v -0.57948887 0.53479361 0.12397179
v -0.60634607 0.54641962 0.17938315
v -0.60483157 0.53355056 0.23493206
v -0.65400791 0.55598568 0.15839068
v -0.66824525 0.55659693 0.21578972
v -0.67306309 0.55147165 0.27263271
v -0.72627395 0.55789256 0.20061725
v -0.72138702 0.54622739 0.25968888
v -0.73485904 0.55108338 0.31934163
v -0.77769434 0.53362715 0.25452631
v -0.79445838 0.54095482 0.31667265
v -0.81522303 0.5532248 0.38125482
v -0.84759318 0.516972 0.32240042
v -0.83811146 0.51072049 0.38614916
v -0.84410804 0.51692372 0.45024868
v -0.87135839 0.47128051 0.40219542
v -0.87397599 0.47584524 0.46730569
v -0.88207936 0.48456379 0.52750992
v -0.88332659 0.42298084 0.49085557
v -0.88872176 0.42882895 0.554331
v -0.90528142 0.43639096 0.61283099
v -0.88971167 0.37379899 0.58557868
v -0.91816026 0.38149893 0.65875101
v -0.93132841 0.37571591 0.73184263
v -0.84426122 0.30309745 0.68130582
v -0.85752284 0.30423697 0.74387252
v -0.89499139 0.30103331 0.8571226
v -0.82055556 0.25760716 0.78269016
v -0.78671294 0.23664289 0.85022884
v -0.79649472 0.23502038 0.94608414
v -0.72184479 0.20205619 0.85602265
v -0.69475966 0.19221681 0.92111969
v -0.68112164 0.1873244 1.00918436
v -0.63247972 0.17211198 0.91389948
v -0.60382217 0.16631697 0.98178285
v -0.56243449 0.16202473 1.03888559
v -0.54913479 0.15994857 0.96339887
v -0.51326191 0.15625144 1.01915276
v -0.4696201 0.15401996 1.06392109
v -0.46507909 0.16284318 0.9838916
v -0.42956772 0.16016782 1.0358932
v -0.38060644 0.154073 1.06219923
v -0.39699432 0.17854639 1.00489175
v -0.34958124 0.16989733 1.02709651
v -0.31367355 0.16724261 1.07690358
v -0.33383801 0.20193581 1.00348377
v -0.30029064 0.19938845 1.04862833
v -0.26200732 0.19533285 1.08574771
v -0.29725843 0.24288129 1.02141249
v -0.25397443 0.23400571 1.03675317
v -0.21879819 0.23198634 1.07741081
v -0.26773759 0.28934481 1.02825176
v -0.23153066 0.28396928 1.06007826
v -0.19166927 0.28155314 1.08055853
v -0.24546518 0.33394655 1.02580785
v -0.21499168 0.33642986 1.0753628
v -0.16920948 0.32764545 1.07714617
v -0.24218829 0.38673746 1.05342543
v -0.20330813 0.38734313 1.08694124
v -0.15106082 0.37749308 1.10116052
v -0.25376647 0.44477406 1.12781286
v -0.19135449 0.42756405 1.11915218
v -0.13909944 0.42252302 1.15328729
v -0.23413744 0.47111386 1.16528308
v -0.17904511 0.4638105 1.19336199
v -0.12394403 0.45776554 1.23123252
v -0.21835985 0.49414208 1.25214397
v -0.15429705 0.48259171 1.27626013
v -0.08589119 0.46790868 1.29168629
v -0.18525254 0.49926838 1.34353101
v -0.10932713 0.48174628 1.35202622
v -0.03226377 0.46346065 1.35970246
v -0.13176225 0.48616263 1.43171405
v -0.04502097 0.4658029 1.43603515
v 0.04064252 0.4435476 1.43237114
v -0.04869975 0.44811075 1.50170171
v 0.04018401 0.43139028 1.5059359
v 0.12816162 0.42271715 1.54921305
v 0.05144485 0.39483341 1.5637505
v 0.14953869 0.38871818 1.61041092
v 0.29993954 0.34293794 1.63219702
v 0.19531084 0.31895375 1.65911746
v 0.32816883 0.29900789 1.64326989
v 0.44649279 0.26911234 1.64589917
v 0.35925853 0.24230642 1.67600894
v 0.51932972 0.16803675 1.63480877
v 0.60716402 0.14376218 1.60753309
v 0.5418027 0.09908489 1.59547054
v 0.64200508 0.04896532 1.55118703
v 0.72878277 0.02027943 1.48610222
v 0.61549311 0.01703731 1.48482394
v 0.71735966 -0.02640116 1.44617676
v 0.77958357 -0.0681214 1.353055
v 0.6791625 -0.05325489 1.36891257
v 0.74152976 -0.08015473 1.31800496
v 0.83783459 -0.13146747 1.27178156
v 0.69355088 -0.08966967 1.27673387
v 0.77812999 -0.13454936 1.23245346
v 0.81097829 -0.16120517 1.14902532
v 0.70835423 -0.11833272 1.19040381
v 0.73855233 -0.13801133 1.10908091
v 0.80513262 -0.17791622 1.06902003
v 0.68266147 -0.11262945 1.08001196
v 0.73066967 -0.13881325 1.02948367
v 0.79110044 -0.17249894 0.99007827
v 0.67503744 -0.10370918 1.0031234
v 0.73131233 -0.13108801 0.97021073
v 0.75803297 -0.14306485 0.91282707
v 0.66921287 -0.08385293 0.94247573
v 0.71037662 -0.10190607 0.90488183
v 0.73207241 -0.11567056 0.85322141
v 0.67022347 -0.0543407 0.89869159
v 0.6954633 -0.06891513 0.85362517
v 0.71264243 -0.08297853 0.80657237
v 0.65106272 -0.0148442 0.83216035
v 0.6879872 -0.03122375 0.80849665
v 0.67573732 -0.04132762 0.74041938
v 0.6708886 0.02165422 0.80354344
v 0.67194849 0.00951295 0.74725598
v 0.69424086 -0.00390709 0.7183572
v 0.67894083 0.05666027 0.75114309
v 0.6813693 0.0451343 0.69977617
v 0.70561772 0.03286254 0.67193597
v 0.725416 0.08425873 0.72463226
v 0.71017152 0.07192157 0.65399599
v 0.72909396 0.05951178 0.61690628
v 0.76064479 0.09929426 0.6674028
v 0.74739599 0.08628046 0.59826833
v 0.76647579 0.07630866 0.55772131
v 0.81339806 0.10189236 0.61031287
v 0.80495369 0.09418337 0.54560679
v 0.79504007 0.08943098 0.48406693
v 0.87025678 0.09856924 0.54264617
v 0.86099755 0.10045555 0.47584313
v 0.85308045 0.10470585 0.41483506
v 0.94272446 0.09346118 0.46997094
v 0.94974917 0.1020509 0.40574348
v 0.93992525 0.10458771 0.33410584
v 1.04093003 0.06433099 0.37059333
v 1.02411437 0.07051752 0.29064217
v 0.9910897 0.0645363 0.21854221
v 1.12236225 -0.00590319 0.25252553
v 1.07248425 -0.00399397 0.15471336
v 1.0111109 -0.01372398 0.09476245
v 1.13276791 -0.10081583 0.12155272
v 1.07473719 -0.11635297 0.03307847
v 0.99110639 -0.13200895 -0.02093977
v 1.05113995 -0.22236771 -0.004314
v 1.00907635 -0.21249631 -0.03809111
v 0.9300341 -0.22158108 -0.08253265
v 0.96796721 -0.30661386 -0.03948729
v 0.91331017 -0.29982116 -0.08189047
v 0.8416447 -0.29352057 -0.12330099
v 0.86470657 -0.34408491 -0.05094273
v 0.81592476 -0.34766933 -0.1024637
v 0.74705237 -0.34502473 -0.14806324
v 0.76822924 -0.37329238 -0.06634038
v 0.71505993 -0.37720841 -0.11436016
v 0.66476154 -0.39032629 -0.16715887
v 0.68630701 -0.39880755 -0.07374279
v 0.6315329 -0.40645474 -0.11761064
v 0.57752394 -0.42055481 -0.15375806
v 0.59802442 -0.40722492 -0.06126062
v 0.55386692 -0.42206245 -0.0935878
v 0.4966312 -0.43039399 -0.1097246
v 0.52854424 -0.40588218 -0.03104548
v 0.47287219 -0.40788182 -0.04430222
v 0.41874808 -0.41557845 -0.05019926
v 0.45809632 -0.38130813 0.01162903
v 0.41112992 -0.39005643 0.00486383
v 0.36514633 -0.40311387 0.00409648
v 0.39722847 -0.34834569 0.05229809
v 0.35398703 -0.35815218 0.05155775
v 0.30455112 -0.36248454 0.05490423
v 0.33862206 -0.30313018 0.08586826
v 0.29218766 -0.30583712 0.08777268
v 0.25366297 -0.31550526 0.09242262
v 0.28628909 -0.25320836 0.10495136
v 0.24706253 -0.26126289 0.10826658
v 0.20073352 -0.26129612 0.11139294
v 0.22901333 -0.19897474 0.10274633
v 0.18930079 -0.20740127 0.10694667
v 0.14679506 -0.21145913 0.11389782
v 0.17227554 -0.15504077 0.08478075
v 0.12891329 -0.16161692 0.09204793
v 0.08754175 -0.16741374 0.10620269
v 0.11098785 -0.11950072 0.05828755
v 0.06763553 -0.12925054 0.073678
v 0.02227758 -0.13130581 0.09502107
v 0.04431068 -0.092977 0.02947141
v -0.00378483 -0.1005767 0.05184985
v -0.05202742 -0.1054045 0.08468308
v -0.03108884 -0.08228127 0.00170373
v -0.0842492 -0.09238373 0.03860851
v -0.13558508 -0.09346665 0.08191341
v -0.11610698 -0.09374523 -0.00927548
v -0.17386186 -0.10062886 0.04058304
v -0.23159155 -0.10068274 0.09327454
v -0.20737861 -0.12378609 0.00154281
v -0.26651024 -0.12299619 0.05748861
v -0.33754485 -0.12550523 0.12232299
v -0.29578369 -0.1599106 0.02909832
v -0.36568757 -0.16202963 0.0964998
v -0.42819377 -0.16349126 0.17809696
v -0.38440203 -0.21055357 0.08144817
v -0.4465135 -0.21181277 0.16501656
v -0.49709817 -0.22368504 0.26953977
v -0.46048736 -0.27500999 0.16580252
v -0.51880496 -0.2933816 0.27425196
v -0.56825959 -0.31320214 0.3912386
v -0.49221751 -0.36366075 0.27297771
v -0.53217977 -0.41620865 0.3920657
v -0.51465511 -0.46492984 0.52693456
v -0.45334482 -0.47067388 0.3746027
v -0.43489146 -0.52064949 0.48542738
v -0.38740453 -0.53012138 0.58020526
v -0.3559283 -0.54734247 0.4562731
v -0.31829214 -0.56889271 0.54848778
v -0.26062002 -0.58764195 0.63133615
v -0.25639897 -0.58026808 0.50945186
v -0.21115243 -0.6002255 0.57912629
v -0.15189802 -0.63199377 0.64665901
v -0.16419218 -0.61485081 0.54693579
v -0.11176671 -0.63750344 0.59708166
v -0.04926385 -0.65230822 0.62516725
v -0.07633205 -0.61327451 0.53738266
v -0.0244711 -0.62861806 0.56450021
v 0.03272644 -0.63803684 0.57830482
v -0.00027217 -0.59982562 0.52025812
v 0.04812986 -0.6134988 0.53803116
v 0.09965432 -0.62650477 0.54966306
v 0.0580248 -0.5670095 0.50050097
v 0.10044359 -0.57786858 0.511491
v 0.14975777 -0.60019075 0.5269584
v 0.10831203 -0.53898441 0.50206655
v 0.14443537 -0.54455572 0.50348538
v 0.17566698 -0.54232305 0.49238982
v 0.13779681 -0.48031204 0.49219173
v 0.17846083 -0.49970704 0.50030213
v 0.21157406 -0.50638747 0.48858726
v 0.17722469 -0.44661769 0.51618099
v 0.21360658 -0.45663002 0.50747674
v 0.2362876 -0.44962456 0.4751316
v 0.21365724 -0.40572693 0.53425198
v 0.25170722 -0.41494289 0.51731354
v 0.28194972 -0.41575393 0.48509177
v 0.26024684 -0.37503981 0.55929821
v 0.30336201 -0.38506835 0.5336675
v 0.32762947 -0.3788121 0.48115211
v 0.31625795 -0.35376817 0.57120913
v 0.35315904 -0.35642847 0.52095282
v 0.3902328 -0.36350825 0.47135642
v 0.39787229 -0.35998216 0.57478827
v 0.43902814 -0.36833021 0.51709401
v 0.47762095 -0.38063144 0.45929932
v 0.47122332 -0.37396848 0.54397875
v 0.51036566 -0.38756188 0.48378858
v 0.51863294 -0.40982958 0.57611453
v 0.55360949 -0.42401471 0.5081647
v 0.55605167 -0.45617973 0.59325611
v 0.5751115 -0.46044051 0.51421082
v 0.60916972 -0.52242785 0.52217662
v 0.61282736 -0.56102889 0.43236944
v 0.47892433 -0.39949259 0.64925414
v 0.43965426 -0.3736003 0.61805915
v 0.37893277 -0.35642936 0.66934764
v 0.34726491 -0.34837353 0.62489652
v 0.29866102 -0.34164932 0.67597246
v 0.27159854 -0.34623968 0.60700041
v 0.2334979 -0.34639579 0.64712071
v 0.22033059 -0.36922591 0.58195352
v 0.17612916 -0.35830286 0.59123462
v 0.17499001 -0.39634934 0.54399323
v 0.13778333 -0.39023476 0.55101257
v 0.13740608 -0.4306333 0.51082426
v 0.10738451 -0.43211841 0.51920437
v 0.10464771 -0.47346788 0.49019536
v 0.07548594 -0.47457218 0.49189451
v 0.07096653 -0.52810776 0.4917148
v 0.0372769 -0.5208494 0.48097175
v 0.01855885 -0.556602 0.48592141
v -0.01656146 -0.5446363 0.46505004
v -0.04134189 -0.59658485 0.50616484
v -0.0795584 -0.56915563 0.46269258
v -0.11930167 -0.5950784 0.49724724
v -0.15430791 -0.57276803 0.44533121
v -0.20377267 -0.58069717 0.47483485
v -0.23695477 -0.56237036 0.41455254
v -0.2905772 -0.54746633 0.42462882
v -0.31907239 -0.52734643 0.35644462
v -0.38835278 -0.50951552 0.36918917
v -0.38807871 -0.46697986 0.27668622
v -0.45027363 -0.42804741 0.28093779
v -0.4157862 -0.3975031 0.18268331
v -0.44996795 -0.34077698 0.17307232
v -0.3875817 -0.32868236 0.0831981
v -0.39448669 -0.26832646 0.07734292
v -0.32413476 -0.26344096 0.00370157
v -0.32050356 -0.2117846 0.01185322
v -0.25251534 -0.20530422 -0.05301379
v -0.23620192 -0.16101113 -0.03078566
v -0.18153293 -0.14651407 -0.09902852
v -0.15095523 -0.1135405 -0.05669412
v -0.09164916 -0.084204 -0.11361713
v -0.05909113 -0.07385467 -0.05416571
v -0.00108535 -0.05200605 -0.08857379
v 0.02204762 -0.06818429 -0.02417644
v 0.07816445 -0.055093 -0.03873955
v 0.09570614 -0.08635269 0.01565038
v 0.14547134 -0.07708705 0.00853828
v 0.15974089 -0.11389111 0.05173965
v 0.21010695 -0.10724172 0.04971296
v 0.21953027 -0.15016053 0.08300378
v 0.26676544 -0.14505025 0.08355172
v 0.27151265 -0.19374994 0.10180369
v 0.3194237 -0.1924224 0.10335916
v 0.32993435 -0.2493104 0.10414656
v 0.36792469 -0.24173165 0.10553599
v 0.37842619 -0.29468995 0.08684245
v 0.42480549 -0.29252925 0.09401878
v 0.44264289 -0.34250491 0.0588935
v 0.48187503 -0.33453351 0.07318066
v 0.49534726 -0.36848861 0.02721426
v 0.55300605 -0.37379729 0.04799146
v 0.58226925 -0.40334793 -0.00745128
v 0.62267595 -0.3929153 0.02802763
v 0.64564788 -0.39832177 -0.0220703
v 0.70721989 -0.40071559 0.01811344
v 0.74681413 -0.39831945 -0.02892057
v 0.77421742 -0.38448515 0.02293605
v 0.82555818 -0.37626367 -0.02213101
v 0.88942945 -0.37591257 0.01959534
v 0.91274356 -0.34174892 -0.01315677
v 0.96461749 -0.35191047 0.02655839
v 1.0322113 -0.29995456 -0.00308536
v 1.09803938 -0.30286735 0.06270081
v 1.12990713 -0.20212253 0.06670392
v 1.1673007 -0.1812177 0.1653227
v 1.16062307 -0.10812909 0.18938361
v 1.16218471 -0.0812451 0.28163614
v 1.11493444 0.00130087 0.33312192
v 1.10451817 0.0034905 0.42149278
v 1.02678525 0.06212121 0.45210084
v 1.01105094 0.05631256 0.52282124
v 0.9371072 0.08630828 0.53278625
v 0.93451416 0.08625978 0.6011092
v 0.85771286 0.10151282 0.59737181
v 0.86139673 0.11010731 0.66565901
v 0.80050307 0.11207479 0.66156506
v 0.81651705 0.12658709 0.74190288
v 0.75778114 0.11213569 0.72566235
v 0.7502954 0.12554517 0.78306973
v 0.70977836 0.09619721 0.76759463
v 0.70575195 0.11060012 0.82958269
v 0.66840654 0.0696682 0.79975444
v 0.66191351 0.08481442 0.86240422
v 0.65468043 0.03597754 0.85162019
v 0.6210426 0.05217929 0.88562065
v 0.62706267 -0.00004433 0.87614661
v 0.59861266 0.01570984 0.92192924
v 0.62441134 -0.03606162 0.92504596
v 0.59663325 -0.02031196 0.98054206
v 0.62101817 -0.06407227 0.97430461
v 0.5929017 -0.04761736 1.03750813
v 0.63056486 -0.08211235 1.05020475
v 0.58934694 -0.06170239 1.1028155
v 0.64532756 -0.09200853 1.14451861
v 0.59700429 -0.06666265 1.1972363
v 0.63111144 -0.07686915 1.21457254
v 0.58862245 -0.05340347 1.28568422
v 0.6293571 -0.05545251 1.32697248
v 0.55764675 -0.02240303 1.37278664
v 0.61047595 -0.01744619 1.45643699
v 0.50669848 0.02436779 1.48473298
v 0.53864127 0.0489989 1.54152822
v 0.42158401 0.08832701 1.56825947
v 0.42311188 0.13975524 1.64313387
v 0.26789656 0.19466888 1.64631903
v 0.22410677 0.25746285 1.63642394
v 0.12107502 0.28090113 1.60720694
v 0.08413533 0.33963203 1.58857882
v -0.01051141 0.36278331 1.60000479
v -0.03700603 0.41031509 1.53449559
v -0.11249905 0.41795909 1.49008178
v -0.12591503 0.45526504 1.46390652
v -0.20773251 0.47455582 1.44544303
v -0.19146673 0.4843139 1.36594581
v -0.27151683 0.50425952 1.36425721
v -0.24136224 0.49995529 1.28743541
v -0.30819815 0.5121262 1.264068
v -0.27485466 0.49985382 1.21380484
v -0.33172193 0.50731313 1.18313133
v -0.28215944 0.47378948 1.12990832
v -0.33148938 0.47964531 1.10256171
v -0.2967807 0.44813394 1.09763729
v -0.34122365 0.45528066 1.07360148
v -0.289496 0.39756473 1.03903162
v -0.32603251 0.4025318 1.01430285
v -0.2879877 0.34276339 1.00426626
v -0.32345885 0.34947687 0.97814333
v -0.29499909 0.28797984 0.97767305
v -0.32924315 0.29389086 0.94635474
v -0.32326585 0.2425601 0.96798574
v -0.35313269 0.24569109 0.92528164
v -0.36615708 0.20531538 0.95833104
v -0.39723959 0.20957011 0.91449827
v -0.42595145 0.18052604 0.94844692
v -0.45644745 0.18421532 0.90246605
v -0.49759733 0.16614526 0.93300813
v -0.51870113 0.16748954 0.87218236
v -0.57551747 0.1637395 0.90162706
v -0.58059328 0.16348449 0.82187277
v -0.65859854 0.17752197 0.8539257
v -0.67625314 0.18237295 0.79044652
v -0.75100505 0.21141728 0.79684197
v -0.73290133 0.21118164 0.70779162
v -0.79474639 0.25320884 0.69787138
v -0.79747289 0.25546318 0.6320728
v -0.85956418 0.3123857 0.61806196
v -0.84806054 0.30798405 0.54480183
v -0.88249021 0.36826178 0.52032786
v -0.88367849 0.36495423 0.45308089
v -0.89138311 0.4232037 0.42622941
v -0.87751585 0.41404715 0.35646244
v -0.86367833 0.46581047 0.33532875
v -0.8550679 0.46244368 0.26963755
v -0.81381028 0.49882993 0.25772023
v -0.81095683 0.50225353 0.19508749
v -0.77878141 0.54119771 0.19298762
v -0.75779545 0.53493177 0.13307628
v -0.69561868 0.54405528 0.14332763
v -0.69079017 0.55127912 0.08333663
v -0.6333608 0.55028879 0.10179687
v -0.62644308 0.55687612 0.04247626
v -0.5626595 0.53164964 0.06883563
v -0.55245614 0.53482002 0.01217164
v -0.50984418 0.51004189 0.03776393
v -0.49747109 0.51012522 -0.01573758
v -0.45798829 0.46715679 0.01174612
v -0.45241507 0.472438 -0.03843338
v -0.42520993 0.42000412 -0.01440493
v -0.41351568 0.42091575 -0.05768876
v -0.39293259 0.3563832 -0.03928902
v -0.38563874 0.36739826 -0.08052635
v -0.38662937 0.30869293 -0.07508783
v -0.35942995 0.30869701 -0.10707864
v -0.37841552 0.25844916 -0.11618056
v -0.35058388 0.26501187 -0.14939999
v -0.37752828 0.2186151 -0.1691017
v -0.33757832 0.22293683 -0.19984465
v -0.36852976 0.18644234 -0.23023445
v -0.31787145 0.19276133 -0.2603141
v -0.35180598 0.17310357 -0.30335325
v -0.29574993 0.18204404 -0.33425608
v -0.32778096 0.176032 -0.38427096
v -0.26928153 0.18776603 -0.41621804
v -0.29353877 0.19408255 -0.46163612
v -0.23071888 0.20594374 -0.4875274
v -0.25951549 0.23025456 -0.55471909
v -0.19145537 0.24065846 -0.57651662
v -0.20768497 0.27482575 -0.62287718
v -0.14173226 0.29542619 -0.67228502
v -0.14672789 0.34560143 -0.69635665
v -0.05971297 0.36757281 -0.72400248
v -0.05680307 0.42932745 -0.73396962
v 0.03704406 0.44515413 -0.73118376
v 0.04550952 0.51096195 -0.72157114
v 0.13934063 0.53439843 -0.6980558
v 0.14312572 0.59282136 -0.66898673
v 0.21609093 0.61166292 -0.6308422
v 0.20046681 0.63693761 -0.57470667
v 0.26791837 0.67041069 -0.5475918
v 0.25071296 0.68770617 -0.49591943
v 0.31817328 0.72622633 -0.46705845
v 0.29059958 0.72074818 -0.41162064
v 0.33547362 0.72828698 -0.37048617
v 0.31078511 0.71481758 -0.32368752
v 0.35882794 0.7341786 -0.28931215
v 0.33994367 0.71361941 -0.25061023
v 0.37936833 0.72567307 -0.21577914
v 0.35986712 0.68077081 -0.18546105
v 0.39382392 0.69315433 -0.15058556
v 0.3883827 0.64778298 -0.13189898
v 0.42562401 0.67316412 -0.09333514
v 0.43132907 0.62092751 -0.08708486
v 0.46119535 0.63959026 -0.04409309
v 0.47000783 0.57422715 -0.05318824
v 0.50344228 0.59799319 -0.00538547
v 0.53033322 0.54631346 -0.02492645
v 0.55700236 0.56128954 0.0251278
v 0.59657716 0.52305966 -0.00019676
v 0.61429476 0.52942115 0.04939621
v 0.65312421 0.49691683 0.01881167
v 0.70035547 0.51220887 0.08040536
v 0.751194 0.48089808 0.04978523
v 0.78326314 0.47918981 0.08850731
v 0.85602808 0.45613071 0.05556478
v 0.87857639 0.45841804 0.09000291
v 0.96487784 0.46133768 0.04960937
v 0.99642539 0.47110068 0.09929775
v 1.06557679 0.5133658 0.06379531
v 1.0867511 0.52694165 0.12220936
v 1.14533746 0.62110006 0.14100216
v 1.15232241 0.6575036 0.22769622
v 1.15265166 0.69894254 0.22928652
v 1.14538717 0.71700811 0.29425102
v 1.10942959 0.83262324 0.37705466
v 1.10506963 0.83736795 0.46641114
v 1.03285896 0.8998304 0.48418983
v 1.05666959 0.89069169 0.57853287
v 0.99071151 0.93293571 0.59387862
v 1.01087749 0.92754995 0.66841119
v 0.94072151 0.94529253 0.6667214
v 0.95406901 0.93898713 0.73433446
v 0.90625917 0.97745645 0.76855588
v 0.90596836 0.96194005 0.8191936
v 0.85946112 0.99006283 0.84677273
v 0.8456521 0.96426129 0.87370747
v 0.80120921 0.95750123 0.86682194
v 0.79211509 0.9618656 0.92788714
v 0.75857949 0.93358314 0.90443092
v 0.74416112 0.94529044 0.96808964
v 0.72850829 0.91304928 0.95329809
v 0.69877111 0.89487737 0.96460509
v 0.6981467 0.85221087 0.94824618
v 0.6708489 0.84739983 0.97891491
v 0.69111877 0.80553817 0.98129755
v 0.66905826 0.81388378 1.03759193
v 0.69608694 0.74289757 1.00027406
v 0.67216676 0.74441105 1.04575455
v 0.71351385 0.68306142 1.02754974
v 0.68871218 0.68282181 1.06985425
v 0.74935513 0.6437177 1.09529268
v 0.72129362 0.64142984 1.13268053
v 0.77883988 0.60217106 1.14312696
v 0.76459491 0.6167947 1.22908735
v 0.81206131 0.57878863 1.21571993
v 0.78991103 0.58952796 1.29274344
v 0.83373427 0.57206833 1.300516
v 0.79373228 0.57562339 1.34815275
v 0.83783602 0.58691805 1.4060986
v 0.78181439 0.58635431 1.43030512
v 0.81289511 0.61826038 1.51081442
v 0.75604838 0.62163591 1.54740929
v 0.7504813 0.65149986 1.56537556
v 0.69931691 0.66528022 1.64409303
v 0.68010801 0.71228313 1.68056881
v 0.61405789 0.71674358 1.71951472
v 0.57565778 0.77085965 1.7401297
v 0.49825844 0.78716248 1.81116604
v 0.4441992 0.84900391 1.82289958
v 0.34811815 0.86508721 1.85821163
v 0.2959837 0.91684013 1.82475328
v 0.19890223 0.93734329 1.84603548
v 0.1611306 0.97751712 1.78687787
v 0.08046426 0.98585391 1.76195597
v 0.04430579 1.03149962 1.71073174
v -0.03762203 1.05150139 1.69252872
v -0.05582308 1.09177005 1.64221
v -0.14109748 1.1226685 1.62275385
v -0.15795427 1.1658957 1.52037608
v -0.2219818 1.17369568 1.53596925
v -0.20707045 1.19082784 1.42389452
v -0.26202142 1.19292295 1.36608195
v -0.22351025 1.1676917 1.2992624
v -0.27286112 1.16901242 1.29396855
v -0.19496026 1.07412421 1.2062149
v -0.25396508 1.0697906 1.20098626
v -0.17460468 0.99837285 1.20583283
v -0.23747183 0.96882736 1.19471371
v -0.2005237 0.89327985 1.23994791
v -0.24556234 0.91320782 1.21678292
v -0.22517395 0.82455188 1.26971507
v -0.30172482 0.86006099 1.27326738
v -0.25220775 0.80257207 1.31003809
v -0.31236603 0.79997003 1.28268206
v -0.31942173 0.77908092 1.37474548
v -0.36267745 0.78509765 1.32554137
v -0.36271849 0.7547059 1.37718713
v -0.42313331 0.76764148 1.34619975
v -0.45864895 0.77266168 1.42359483
v -0.52141511 0.78791594 1.38670003
v -0.54211294 0.7862944 1.42054414
v -0.60894101 0.80455267 1.38311064
v -0.62869989 0.81213313 1.39666521
v -0.71137839 0.84212642 1.37254965
v -0.76628148 0.88375371 1.4009372
v -0.81551092 0.89185863 1.34356105
v -0.87359887 0.94571554 1.35679554
v -0.92798769 0.95802933 1.30196344
v -0.93820154 0.99064904 1.27371943
v -1.01671457 1.01994943 1.23010838
v -1.01526868 1.05413198 1.19027113
v -1.08008837 1.07552504 1.13588297
v -1.09554421 1.12865662 1.09855485
v -1.1886332 1.1709479 1.04274189
v -1.14142251 1.18495273 0.99019527
v -1.20884883 1.2113763 0.92181009
v -1.16929829 1.23089206 0.87730377
v -1.20906376 1.23967063 0.80287897
v -1.19329738 1.27607882 0.76833385
v -1.21516072 1.27591073 0.69399529
v -1.15604353 1.27042043 0.67419803
v -1.19078397 1.28670954 0.60320574
v -1.10741651 1.24629795 0.60100185
v -1.126531 1.25119245 0.53665483
v -1.07213211 1.22181677 0.54476255
v -1.10011899 1.23703384 0.48198369
v -1.05157184 1.19719505 0.5017367
v -1.03014195 1.16592145 0.4495891
v -1.00929439 1.13585925 0.47528883
v -1.00262486 1.12121689 0.4241513
v -0.99171167 1.08148288 0.4584732
v -0.98229914 1.06647908 0.41171559
v -0.96810638 1.00430238 0.45140168
v -0.95633739 0.98577374 0.40822717
v -0.97176867 0.93989652 0.44264718
v -0.97167605 0.93491137 0.39980402
v -0.9856944 0.88172239 0.42785349
v -1.00268912 0.89315229 0.38441371
v -1.00905942 0.8336339 0.40532213
v -1.01679682 0.83659207 0.36003804
v -1.07146585 0.82007706 0.36566993
v -1.04314827 0.79734557 0.31996643
v -1.10462081 0.79418438 0.31078162
v -1.06183719 0.7623288 0.26491272
v -1.11289131 0.76531899 0.24369914
v -1.12196815 0.76864063 0.18545463
v -1.15951764 0.77549493 0.1550613
v -1.13294243 0.75319773 0.10374803
v -1.17925119 0.77864813 0.06067832
v -1.17817676 0.76912581 -0.00273098
v -1.22917735 0.81334316 -0.06629426
v -1.17263853 0.77779018 -0.11282281
v -1.19906723 0.82754612 -0.16934926
v -1.16480612 0.81382155 -0.24033343
v -1.17765784 0.88759332 -0.3134177
v -1.09253239 0.85239577 -0.35437178
v -1.08645272 0.93122124 -0.40694072
v -1.0061419 0.91457629 -0.44390332
v -0.97843062 0.97563916 -0.45346343
v -0.89266604 0.96772062 -0.47558721
v -0.86731189 1.01558756 -0.45528808
v -0.79621928 1.01592946 -0.47312977
v -0.7788226 1.05852353 -0.4366903
v -0.71238201 1.07311844 -0.45208764
v -0.70245015 1.09625256 -0.39388057
v -0.63489788 1.08238315 -0.38930782
v -0.63256532 1.08865153 -0.32570925
v -0.57796788 1.08985054 -0.32769742
v -0.57711738 1.08385443 -0.27041176
v -0.52454823 1.09372615 -0.27706083
v -0.51613646 1.04726088 -0.20836782
v -0.46713265 1.05294299 -0.21401941
v -0.46579119 1.01647722 -0.16472582
v -0.41201102 1.00339877 -0.16226744
v -0.40533414 0.94829303 -0.12151861
v -0.36769396 0.98314613 -0.13583092
v -0.36137679 0.9270879 -0.11421668
v -0.31067934 0.92188108 -0.11163804
v -0.30281865 0.86718249 -0.11080084
v -0.25777033 0.88875937 -0.1108965
v -0.24441151 0.82135307 -0.12405438
v -0.19648657 0.84453845 -0.11878249
v -0.18306548 0.78812879 -0.14863653
v -0.13132461 0.82006311 -0.14000561
v -0.11808256 0.78717112 -0.184991
v -0.06155565 0.80629348 -0.16878549
v -0.04803161 0.78849649 -0.22097839
v 0.00989821 0.8110702 -0.20361162
v 0.02206493 0.80926924 -0.25799715
v 0.08671949 0.85471087 -0.24406427
v 0.09775409 0.86865955 -0.29607883
v 0.15655727 0.87701666 -0.26740294
v 0.16688185 0.90978771 -0.31210157
v 0.23931485 0.95115977 -0.28552296
v 0.25119936 1.00646853 -0.32124406
v 0.31844264 1.02517211 -0.27796474
v 0.3184416 1.06944882 -0.29850655
v 0.38594335 1.09135675 -0.23778802
v 0.39942717 1.1792792 -0.25207528
v 0.44965288 1.19329881 -0.16654469
v 0.44106739 1.27939176 -0.16291083
v 0.47115591 1.32530438 -0.06846118
v 0.41654455 1.38002479 -0.04922815
v 0.42213803 1.38822114 0.01419355
v 0.36365971 1.41135537 0.03717578
v 0.37439593 1.41586291 0.09228821
v 0.31067827 1.44085156 0.11073192
v 0.31556108 1.44901812 0.16940231
v 0.25159007 1.43542563 0.20674136
v 0.22936445 1.44669365 0.27416375
v 0.19349998 1.4160254 0.29167401
v 0.1883441 1.46336412 0.34236058
v 0.14552353 1.41610813 0.36385667
v 0.1439601 1.43659222 0.44235402
v 0.13740362 1.3428967 0.45758017
v 0.1635584 1.29773533 0.54279172
v 0.22634188 1.24518775 0.60974204
v -1.12856149 1.78569078 0.19417986
v -0.9503473 1.65722537 0.28382438
v -0.98101663 1.64401853 0.24877165
v -1.11630833 1.81962692 0.15860712
v -1.11282444 1.76516521 0.15347656
v -1.12239778 1.75150883 0.19491978
v -1.1302576 1.80886268 0.21940884
v -1.11033749 1.8667916 0.19074736
v -1.12527036 1.75535571 0.22756886
v -0.84707438 1.78465545 0.13325594
v -0.83750015 1.76317083 0.15699213
v -0.86838138 1.73215699 0.12707084
v -0.87124574 1.77209568 0.10705567
v -1.04345345 1.71526753 0.10505667
v -1.02951002 1.69498384 0.11401355
v -1.04251837 1.68072319 0.13923312
v -1.06172359 1.71308744 0.11978258
v -0.96407258 1.67515826 0.12252745
v -0.97336041 1.66365885 0.1383365
v -0.99500829 1.66889691 0.132192
v -0.97114813 1.68697404 0.10886412
v -1.08464264 1.70631957 0.28440222
v -1.09551334 1.70508003 0.25796064
v -1.05260896 1.66467893 0.25159299
v -1.0480858 1.67615473 0.28793227
v -0.86609858 1.68688619 0.23340754
v -0.869183 1.69140744 0.2616727
v -0.9114815 1.65441775 0.22610041
v -0.89167803 1.66565203 0.20731063
v -0.95915687 1.64910507 0.26622459
v -0.95146358 1.64699471 0.25452613
v -0.93689239 1.65685391 0.27604815
v -0.9602881 1.68236637 0.32339817
v -0.97718668 1.66295647 0.29872429
v -0.93582761 1.69546103 0.33015558
v -0.99343228 1.64517343 0.25015735
v -0.99314177 1.64281404 0.23415997
v -0.97738277 1.64221346 0.23714326
v -0.97199511 1.6461178 0.25817087
v -0.9876911 1.65035414 0.2709271
v -0.96358227 1.64386367 0.24562065
v -0.97168988 1.64124882 0.22241163
v -0.95558548 1.64289808 0.23133958
v -0.9428972 1.64609646 0.24108386
v -0.94788706 1.64359986 0.21614928
v -0.9343608 1.64674997 0.22676131
v -0.9160465 1.6552422 0.24704037
v -0.92329067 1.65837538 0.26798772
v -0.88260072 1.70021176 0.29777616
v -0.90686005 1.70296347 0.32228136
v -0.87101602 1.76887452 0.32986033
v -0.91357809 1.76928186 0.35834682
v -0.95655304 1.75252366 0.36653178
v -0.93722283 1.84075224 0.36202839
v -0.99086093 1.81370413 0.37206208
v -1.02632522 1.76971006 0.36309659
v -0.98835468 1.72297191 0.35523653
v -1.03781056 1.71536696 0.33622461
v -1.00394463 1.68680775 0.32552012
v -1.0262233 1.66549181 0.28714379
v -1.00680267 1.65716075 0.28141167
v -1.0287323 1.65315616 0.24932062
v -1.01024878 1.64796924 0.24999274
v -1.01280021 1.64597535 0.23135317
v -1.03500616 1.65292668 0.2292836
v -1.03850185 1.6546179 0.20706073
v -1.01294732 1.64572191 0.21201778
v -1.06732416 1.67075789 0.22565077
v -1.07225942 1.67595541 0.1997329
v -1.06592667 1.67771339 0.17489656
v -1.03607225 1.65750157 0.18405525
v -1.10362398 1.70820915 0.22652411
v -1.10329723 1.71129918 0.19359967
v -1.09495091 1.71453809 0.16210328
v -1.08033251 1.7160139 0.13693973
v -1.05411458 1.67832171 0.15492236
v -1.08910155 1.77859199 0.11489905
v -1.05500125 1.77779388 0.08721403
v -1.07926249 1.84888231 0.11702749
v -1.02967619 1.85031628 0.08469861
v -0.98436492 1.82500135 0.06737177
v -1.02203738 1.76410257 0.07469866
v -1.06061768 1.90677487 0.15295305
v -0.99766212 1.90981638 0.11710168
v -0.94229692 1.87510323 0.0905838
v -0.90997964 1.81684863 0.08050464
v -0.95325589 1.783216 0.06645444
v -0.96393054 1.94335615 0.17500567
v -0.90225929 1.90511953 0.13820977
v -0.8712688 1.83537995 0.11197542
v -0.89939189 1.76223278 0.08856815
v -0.86896944 1.90564131 0.19835816
v -0.84098243 1.83938479 0.15658357
v -0.84579139 1.8733251 0.25083935
v -0.82370752 1.8167932 0.19866091
v -0.83605134 1.81778204 0.28197974
v -0.82249271 1.77504634 0.22791089
v -0.83759707 1.73654568 0.18142887
v -0.86784088 1.70969629 0.14860811
v -0.8388096 1.72553813 0.23730425
v -0.85568893 1.70007574 0.19774137
v -0.87939292 1.68559181 0.16807527
v -0.90615987 1.67528843 0.15102383
v -0.89980459 1.69447696 0.1298325
v -0.90441024 1.66093039 0.19150222
v -0.92099553 1.65784978 0.17497167
v -0.94565099 1.65436124 0.16387233
v -0.93853944 1.66670835 0.14204597
v -0.92538392 1.6493529 0.21281231
v -0.937509 1.64725172 0.19800064
v -0.95545476 1.64599633 0.18607573
v -0.9791423 1.64665067 0.17791451
v -0.97462505 1.65400528 0.15706974
v -0.96461796 1.64209783 0.20591539
v -0.98565739 1.64284157 0.19798065
v -0.99058628 1.64182841 0.21672315
v -1.01025986 1.64749383 0.19114637
v -1.00605249 1.65211832 0.16998282
v -1.00189161 1.6598581 0.14969424
v -1.03017187 1.66207552 0.16283895
v -1.02341914 1.66894435 0.1438927
v -1.01171279 1.68085575 0.12141637
v -0.99643927 1.73771488 0.07695172
v -0.97907066 1.71089494 0.08958216
v -0.93798112 1.741099 0.07921375
v -0.93189209 1.70615553 0.10059759
v -0.93399769 1.68261587 0.12193856
v -0.89769041 1.71985602 0.10884559
v -0.84282183 1.75135207 0.28503745
v -0.87947362 1.84263086 0.33072719
v -0.90101313 1.90523028 0.29868668
v -0.96938902 1.90058338 0.33253347
v -0.93106299 1.94181895 0.2423034
v -1.00407922 1.93571472 0.27816402
v -1.06530416 1.89350843 0.2989234
v -1.0297873 1.86450648 0.3467285
v -1.09857904 1.83284223 0.30581229
v -1.06570744 1.81002736 0.34430831
v -1.10482513 1.76574122 0.299631
v -1.07443964 1.74364304 0.32680505
v -1.12063157 1.83170747 0.26043066
v -1.12079811 1.76521003 0.26471465
v -1.09285068 1.89423799 0.24217526
v -1.0357877 1.93804705 0.21299164
v 0.24953514 1.62893748 -0.63183349
v 0.04061206 1.55497682 -0.69700992
v 0.09555934 1.53793287 -0.63070452
v 0.12086161 1.53473508 -0.69301021
v 0.01901957 1.69373679 -0.77985799
v 0.04557285 1.68061482 -0.79823172
v 0.01507536 1.64066433 -0.76980811
v -0.00577516 1.6719675 -0.75379657
v -0.02551522 1.63276076 -0.64831483
v -0.01549243 1.60757052 -0.6652987
v 0.00213396 1.58949458 -0.63062161
v -0.01774827 1.63371813 -0.61632239
v 0.23520261 1.65127384 -0.58575463
v 0.224536 1.59267699 -0.61939418
v 0.23413661 1.59276461 -0.65513145
v 0.26000118 1.68392801 -0.63984078
v 0.22980806 1.72778368 -0.58704555
v 0.2519463 1.62575209 -0.67769235
v 0.15265831 1.57431781 -0.56996262
v 0.14071282 1.55315339 -0.59441548
v 0.16655537 1.54753184 -0.62459319
v 0.17724299 1.58143568 -0.57553815
v 0.04071411 1.56609678 -0.7264145
v 0.05968852 1.54865503 -0.70784246
v 0.05179005 1.54680728 -0.68339079
v 0.02182212 1.56663334 -0.69088923
v 0.01870047 1.58831024 -0.73327392
v 0.03298298 1.55608594 -0.66834092
v 0.18264214 1.56126785 -0.72362345
v 0.17807818 1.55145287 -0.70395469
v 0.14822512 1.54127275 -0.70617336
v 0.15943138 1.55586648 -0.73447936
v 0.08100138 1.53928327 -0.63632786
v 0.09093177 1.53486287 -0.65220046
v 0.1054098 1.53468942 -0.64179301
v 0.09476994 1.54375445 -0.61271548
v 0.06979054 1.55010557 -0.61166852
v 0.11654716 1.53827476 -0.62473207
v 0.13295643 1.53545236 -0.69120383
v 0.12968188 1.53354704 -0.67820417
v 0.11577854 1.533427 -0.68460685
v 0.11795087 1.53793931 -0.70772224
v 0.13254873 1.5389961 -0.70777863
v 0.10649691 1.53682851 -0.70244592
v 0.10874187 1.53278994 -0.67641806
v 0.09580883 1.53571069 -0.69235509
v 0.08434568 1.54276561 -0.71304172
v 0.09972325 1.54753875 -0.7309854
v 0.12010917 1.55296599 -0.74248051
v 0.09611244 1.57501268 -0.76947891
v 0.13164931 1.59185361 -0.78440517
v 0.17235378 1.60679078 -0.78157556
v 0.1414704 1.55613827 -0.74341929
v 0.20874585 1.61097645 -0.75756573
v 0.18800869 1.6773163 -0.79507756
v 0.23250216 1.68946206 -0.75557661
v 0.25540897 1.67009949 -0.71073979
v 0.22490057 1.60154724 -0.72652256
v 0.2210945 1.58159327 -0.69653475
v 0.21146871 1.56810748 -0.66977411
v 0.17809778 1.54722273 -0.68182998
v 0.15012764 1.53810918 -0.68857163
v 0.19907215 1.55971443 -0.64852768
v 0.17323379 1.54432427 -0.66281032
v 0.14909717 1.53640461 -0.67194807
v 0.16292937 1.54159116 -0.64772284
v 0.14321936 1.53545224 -0.65660923
v 0.12464595 1.5327028 -0.66569477
v 0.13277648 1.53567659 -0.64119261
v 0.11597707 1.53296387 -0.65311139
v 0.10004974 1.53301119 -0.6655302
v 0.07606256 1.53735101 -0.66318899
v 0.08661074 1.53546094 -0.67905789
v 0.06294578 1.54152619 -0.67380356
v 0.0740104 1.54018044 -0.69304007
v 0.07128638 1.55955493 -0.74120271
v 0.05573742 1.58857893 -0.76743722
v 0.0907713 1.61473667 -0.79756701
v 0.03660678 1.61679732 -0.77608883
v 0.07377982 1.65458047 -0.80703765
v 0.11952861 1.69888436 -0.81358218
v 0.13613359 1.64647841 -0.8093028
v 0.172899 1.7430408 -0.78733295
v 0.08258432 1.73593592 -0.80039781
v 0.12957473 1.79099285 -0.76375746
v 0.17444399 1.81203103 -0.69675183
v 0.21992476 1.76018071 -0.73264253
v 0.20854984 1.78820276 -0.62985622
v 0.24980184 1.73932755 -0.67540442
v 0.10587313 1.82752287 -0.65477484
v 0.14286106 1.80051457 -0.5853154
v 0.17433273 1.73792743 -0.54410654
v 0.07524636 1.76805484 -0.55396586
v 0.11689681 1.71164715 -0.52189755
v 0.15504564 1.64344167 -0.52884352
v 0.19811716 1.66010701 -0.54604071
v 0.20392121 1.59075653 -0.58919793
v 0.18289339 1.55258023 -0.63426798
v 0.1501185 1.540228 -0.63383138
v 0.12868082 1.5442146 -0.60952931
v 0.10348609 1.58141529 -0.55663985
v 0.09438575 1.55852592 -0.58449208
v 0.06099403 1.61114203 -0.54680818
v 0.06026771 1.57378518 -0.57878673
v 0.02303068 1.63070297 -0.56074917
v 0.0326882 1.58355152 -0.58928877
v 0.04730261 1.55629706 -0.62052619
v 0.014123 1.58711648 -0.60891085
v 0.02961009 1.56275069 -0.63456225
v 0.04528842 1.54963421 -0.65453684
v 0.06157425 1.54382073 -0.64357632
v 0.01550884 1.57040095 -0.65163439
v 0.00001163 1.58672785 -0.68288248
v -0.00296904 1.61232233 -0.72744298
v -0.02263005 1.64275181 -0.71063631
v -0.03312562 1.67959046 -0.68490129
v -0.01008884 1.72467899 -0.73454868
v 0.03426857 1.74581039 -0.77300256
v -0.02902405 1.70889592 -0.64072376
v 0.00499111 1.77879643 -0.68479841
v 0.06678977 1.80636811 -0.72808665
v 0.03579619 1.79481327 -0.61508005
v -0.00580633 1.71722805 -0.58791208
v 0.03128015 1.69928801 -0.54528468
v -0.0030709 1.63707637 -0.58653146
v 0.07623617 1.66213977 -0.52451765
v 0.12185999 1.61405408 -0.53418064
v 1.40588927 1.29282331 0.65037453
v 1.27922272 1.28967034 0.41704142
v 1.50401639 1.27714908 0.4004783
v 1.40405118 1.18309855 0.59559464
v 1.40994751 1.1589452 0.55095338
v 1.39642977 1.16314005 0.44260224
v 1.38314318 1.15613496 0.53981649
v 1.43731439 1.156533 0.52059471
v 1.398355 1.26250779 0.64626121
v 1.4408282 1.25966024 0.63931703
v 1.43745422 1.30829167 0.64492625
v 1.37062096 1.33633375 0.64208722
v 1.35112583 1.29054129 0.64201235
v 1.31970846 1.2970165 0.37900254
v 1.30236196 1.24776125 0.40368029
v 1.27075636 1.25612747 0.44252139
v 1.25782847 1.30599415 0.46264302
v 1.28817045 1.3521192 0.42346188
v 1.52818965 1.27407753 0.4352895
v 1.49523937 1.2278546 0.41513159
v 1.4759562 1.25241005 0.38479134
v 1.47053468 1.32163953 0.37637466
v 1.50790619 1.34756386 0.41717857
v 1.38632297 1.1788938 0.58927178
v 1.39766073 1.16822242 0.57306236
v 1.41674256 1.17582607 0.58390408
v 1.39929008 1.20402157 0.61679697
v 1.36596334 1.20679497 0.61410743
v 1.42940545 1.19696629 0.60629594
v 1.49638056 1.18775868 0.5183689
v 1.47688472 1.17236924 0.50733524
v 1.48355698 1.17793762 0.4846979
v 1.51254868 1.20358479 0.51056504
v 1.3081932 1.1815896 0.50702118
v 1.32598185 1.16959118 0.5007255
v 1.33746707 1.1653229 0.52351379
v 1.3069837 1.18485331 0.52599853
v 1.38096952 1.16433656 0.56269669
v 1.39315545 1.15663743 0.54437333
v 1.42990934 1.17150163 0.57245266
v 1.42791831 1.15561974 0.52864259
v 1.44586122 1.1665138 0.5509544
v 1.37830746 1.17199301 0.42878997
v 1.3982619 1.19165945 0.40052273
v 1.41549217 1.17275393 0.42637038
v 1.42019307 1.1616553 0.45027181
v 1.39629221 1.15656936 0.46058666
v 1.37376713 1.16043853 0.45584118
v 1.36902999 1.16185689 0.55110734
v 1.3596028 1.15953874 0.53504943
v 1.37682294 1.15395987 0.52514857
v 1.38896393 1.15174591 0.51837325
v 1.42268407 1.15249097 0.50689619
v 1.43751001 1.15558552 0.50514191
v 1.45366513 1.16361725 0.53066098
v 1.45871293 1.16300237 0.5068832
v 1.46430885 1.16722047 0.48152908
v 1.47515964 1.17740845 0.54160565
v 1.44223046 1.15806138 0.48427614
v 1.42123842 1.15289998 0.48845267
v 1.42139709 1.15603196 0.46944508
v 1.44607412 1.16414654 0.46195265
v 1.47011327 1.17610633 0.45905634
v 1.44690382 1.17374265 0.43892481
v 1.47204577 1.18857455 0.43546113
v 1.50381577 1.2126671 0.44286167
v 1.49769592 1.19437158 0.46548146
v 1.53805589 1.25882637 0.47208386
v 1.53141379 1.23255527 0.49662113
v 1.54478824 1.31542038 0.5162751
v 1.53914165 1.27542245 0.54355293
v 1.52209246 1.23363995 0.55341279
v 1.51791167 1.30746948 0.5895282
v 1.5067836 1.25564372 0.59450399
v 1.48727905 1.21360731 0.58603715
v 1.49829542 1.19955658 0.55080026
v 1.46584963 1.18445313 0.56970828
v 1.46504283 1.2210536 0.61037224
v 1.44930636 1.19107055 0.59147584
v 1.43733704 1.22523284 0.62564826
v 1.47594201 1.2636851 0.62410211
v 1.39531743 1.23391377 0.63582909
v 1.35140812 1.24487233 0.63194912
v 1.30309367 1.31488835 0.61295121
v 1.31004512 1.25427293 0.61193203
v 1.3340131 1.20791077 0.59992128
v 1.28180503 1.25206017 0.57926315
v 1.31283915 1.20416653 0.57714426
v 1.34745347 1.17372715 0.56371927
v 1.36308741 1.17730844 0.57990157
v 1.30410313 1.19576978 0.55077582
v 1.34086573 1.16843724 0.54319953
v 1.35179352 1.15874397 0.51530408
v 1.36728656 1.15405786 0.50557565
v 1.34005415 1.16342127 0.48904323
v 1.35778296 1.15805208 0.4814032
v 1.37681853 1.15438079 0.47791922
v 1.3834846 1.15144503 0.49855551
v 1.32797324 1.17861461 0.45325624
v 1.35160136 1.16802156 0.45168867
v 1.32760751 1.20099806 0.41783523
v 1.35499489 1.18636417 0.41711014
v 1.34025919 1.23383081 0.38389596
v 1.37226116 1.21377432 0.38482263
v 1.36533427 1.28141081 0.36047583
v 1.39991915 1.24795723 0.36418491
v 1.42505574 1.21441674 0.38397693
v 1.44127035 1.18833088 0.41334122
v 1.43259477 1.28511238 0.36001938
v 1.45211017 1.23531806 0.38014528
v 1.46682226 1.2046256 0.41047877
v 1.3985188 1.33692383 0.36120465
v 1.43581366 1.38748228 0.39259737
v 1.34596276 1.364537 0.38336741
v 1.37651348 1.4190582 0.42358279
v 1.4096055 1.44313633 0.48694691
v 1.47290611 1.41319608 0.45007976
v 1.44302213 1.42836499 0.55339258
v 1.50201702 1.40211784 0.51435709
v 1.53531038 1.34391212 0.47116905
v 1.51732933 1.36092698 0.56369805
v 1.46835482 1.38011276 0.60313224
v 1.47938942 1.31937384 0.62461358
v 1.41420793 1.3694911 0.63041091
v 1.37748098 1.41831231 0.58367097
v 1.32593584 1.37654709 0.60293537
v 1.34091615 1.43115687 0.52042377
v 1.28932547 1.38398981 0.54820686
v 1.26958119 1.31677377 0.56980246
v 1.26544559 1.35824763 0.49770748
v 1.2540189 1.29526877 0.52693277
v 1.27045369 1.23955786 0.54477632
v 1.25691342 1.26113593 0.49192285
v 1.27403259 1.2203921 0.51271873
v 1.2735579 1.23216414 0.46204969
v 1.28696763 1.20362687 0.48550301
v 1.29968893 1.2143104 0.43302393
v 1.30604314 1.18986332 0.46514406
v 1.31110322 1.40730786 0.46073794
v 1.40156972 1.15094208 0.49313309
v 1.40466463 1.15088081 0.51138192
v 1.39839351 1.15290212 0.47599574
v -1.16909289 0.21088725 0.44654557
v -1.19913888 0.20669898 0.54299986
v -1.21627044 0.20708832 0.50317359
v -1.13785839 0.20789167 0.55542159
v -1.11343383 0.19959811 0.52685558
v -1.10691595 0.20128957 0.50250136
v -1.14446497 0.1885496 0.46076858
v -1.18276476 0.17405769 0.48748076
v -1.17124795 0.24226275 0.44758012
v -1.13841617 0.25047168 0.45414784
v -1.14638853 0.2131783 0.44735515
v -1.15858161 0.18788538 0.45830941
v -1.17530226 0.19485516 0.45536571
v -1.19199085 0.2186094 0.4540494
v -1.21463894 0.22796362 0.5256915
v -1.20958364 0.19704562 0.51713329
v -1.19310188 0.19031915 0.53627574
v -1.18947947 0.21642059 0.55328798
v -1.20003509 0.25304722 0.53745055
v -1.1766895 0.19073231 0.54701715
v -1.21167933 0.2023876 0.48697787
v -1.201707 0.18469987 0.50773984
v -1.21637666 0.24314807 0.49753832
v -1.20673668 0.23826983 0.4689269
v -1.16528081 0.21997152 0.56136632
v -1.15553998 0.1927002 0.55121493
v -1.13122296 0.19402648 0.54365652
v -1.11562168 0.21606305 0.54005026
v -1.13316369 0.24160981 0.55292779
v -1.12532472 0.18715509 0.52988636
v -1.10978305 0.19817036 0.51505243
v -1.10638666 0.22828471 0.52666485
v -1.121387 0.18401703 0.51575505
v -1.11520195 0.1885544 0.49925112
v -1.10154187 0.22795012 0.50233364
v -1.10668718 0.21237163 0.48324242
v -1.12881755 0.20752346 0.45709151
v -1.12489259 0.19347277 0.46935111
v -1.14686918 0.1800946 0.46908497
v -1.16329038 0.1781048 0.46946394
v -1.18174684 0.18201436 0.47065955
v -1.17075586 0.17004343 0.48912152
v -1.19064629 0.17620924 0.49634477
v -1.19929397 0.19346481 0.47364088
v -1.17895746 0.17062211 0.50705856
v -1.18782603 0.17819447 0.52296024
v -1.15004479 0.17023131 0.48824447
v -1.15978312 0.1685765 0.51482391
v -1.16711151 0.17616349 0.53321325
v -1.14067924 0.17242524 0.51673817
v -1.1490482 0.17848578 0.53550225
v -1.13025307 0.17693164 0.49159076
v -1.11387276 0.23787885 0.4688313
v -1.14314305 0.2785173 0.48217648
v -1.11293017 0.26046121 0.49635794
v -1.15737009 0.28303501 0.51830387
v -1.12310576 0.263437 0.52945393
v -1.16757774 0.26013389 0.5506441
v -1.19387841 0.27464768 0.5032857
v -1.18016171 0.26964375 0.46861922
v 0.06407658 -0.00933145 0.41495204
v 0.09039827 -0.00791778 0.46762499
v 0.16857223 -0.00976536 0.44513759
v 0.11747451 -0.02004566 0.46905729
v 0.15743199 -0.01769125 0.38328442
v 0.12586754 -0.02426654 0.37220662
v 0.09065424 -0.03019569 0.38823074
v 0.09583004 -0.04097235 0.43282899
v 0.13026097 -0.04622355 0.41039782
v 0.06220486 -0.00064963 0.42722025
v 0.06812682 0.03802597 0.40865993
v 0.06891668 0.01393057 0.38910496
v 0.0743444 -0.01570314 0.39238941
v 0.07192526 -0.02404926 0.42108726
v 0.07346104 -0.0227992 0.43326973
v 0.07047106 0.00271392 0.45072442
v 0.08215072 -0.02161421 0.45077467
v 0.10098691 -0.02141031 0.46515739
v 0.1113654 -0.01026546 0.47370377
v 0.0940629 0.01724838 0.47209596
v 0.152148 0.00195758 0.46742707
v 0.14715501 -0.02348477 0.45809269
v 0.16286627 -0.02522985 0.43622046
v 0.17488199 0.00916965 0.43976494
v 0.15260905 0.03617651 0.4612295
v 0.16939131 -0.02036628 0.42245137
v 0.10894416 -0.02996527 0.45995906
v 0.11943133 -0.03770954 0.45207908
v 0.12748102 -0.02169612 0.46745616
v 0.12635588 0.00165028 0.47704237
v 0.16953259 -0.01627424 0.40345591
v 0.14929485 -0.03709325 0.40274041
v 0.14159672 -0.03095998 0.38352456
v 0.16415193 0.01702272 0.38096073
v 0.17653879 0.02540945 0.41347202
v 0.14257738 -0.00888553 0.36844545
v 0.12326759 -0.03626048 0.38417711
v 0.11376674 -0.01592881 0.36694607
v 0.12899956 0.01739019 0.36114081
v 0.10340392 -0.03560084 0.38686668
v 0.09887503 -0.04188539 0.4034568
v 0.08742085 -0.03511103 0.40145283
v 0.0926923 -0.00790371 0.37026679
v 0.08614528 -0.03492482 0.43440407
v 0.08489254 -0.03656567 0.41976237
v 0.097355 -0.04342034 0.42178925
v 0.11786036 -0.04689728 0.42922616
v 0.10525471 -0.04254821 0.43877196
v 0.09361686 -0.03440537 0.44599181
v 0.15463528 -0.03616024 0.41579163
v 0.14533123 -0.04150085 0.42571282
v 0.13439959 -0.04126672 0.44180274
v 0.09810397 0.02912953 0.36711525
v 0.10485329 0.06152237 0.39200618
v 0.14481741 0.05194415 0.38471394
v 0.10892699 0.06639625 0.4369058
v 0.15111529 0.06026791 0.42833268
v 0.11824332 0.03895423 0.471172
v 0.07601399 0.04097859 0.44532254
v 1.29353833 0.24426858 0.57852864
v 1.22914922 0.18878588 0.39669072
v 1.34832358 0.19268183 0.4101783
v 1.2144308 0.1827887 0.46256655
v 1.25694263 0.17893773 0.5068444
v 1.33423042 0.18007463 0.48020431
v 1.15604043 0.31064567 0.52041876
v 1.14682984 0.28927865 0.49597141
v 1.17146086 0.25806531 0.52913236
v 1.17682766 0.29630845 0.54902881
v 1.25993382 0.2727018 0.31964168
v 1.25491225 0.23592844 0.33540383
v 1.21968817 0.24701024 0.34223592
v 1.23446548 0.29799571 0.32201519
v 1.28037786 0.22322805 0.56644409
v 1.30591881 0.21147653 0.55312395
v 1.31925916 0.24786751 0.57439154
v 1.30923628 0.30779239 0.59026074
v 1.26720154 0.28411418 0.59144133
v 1.24364614 0.25109511 0.57745933
v 1.24639391 0.18548381 0.39152881
v 1.24129676 0.17633023 0.41908967
v 1.22419095 0.18360799 0.41499102
v 1.20130896 0.21489748 0.38238167
v 1.22104239 0.21200934 0.36859723
v 1.39377725 0.23381716 0.42097145
v 1.37323689 0.20346719 0.44442105
v 1.32466745 0.17691336 0.42450282
v 1.30873489 0.17708757 0.40926697
v 1.34357917 0.20221543 0.38660806
v 1.21681177 0.18127557 0.44760969
v 1.23359262 0.17437827 0.45119556
v 1.22916066 0.17641615 0.46577593
v 1.19231677 0.19721755 0.46377146
v 1.18236708 0.2071564 0.43564629
v 1.20803535 0.18903185 0.48043513
v 1.26031887 0.18824127 0.52621054
v 1.23181855 0.20138332 0.53320473
v 1.23715519 0.18575045 0.51059067
v 1.24887514 0.17509734 0.4905903
v 1.26514804 0.1731992 0.49367684
v 1.27743172 0.18038786 0.51421302
v 1.3376609 0.19415801 0.51329731
v 1.31348872 0.17753559 0.49586293
v 1.31427395 0.1709977 0.46392762
v 1.33714044 0.1787931 0.45564928
v 1.36885118 0.20457974 0.4875448
v 1.40269208 0.24869845 0.48340728
v 1.39507305 0.29023751 0.52965897
v 1.37132346 0.23303328 0.52901452
v 1.35843122 0.31238585 0.56851428
v 1.34852385 0.24869397 0.56057059
v 1.32621157 0.20650464 0.53973668
v 1.29073691 0.19381132 0.53599697
v 1.30603504 0.18596896 0.51964533
v 1.28889274 0.17452594 0.49906367
v 1.29554855 0.17016971 0.48028671
v 1.27223897 0.1697386 0.4816063
v 1.27908945 0.16737332 0.46726143
v 1.28686463 0.16707503 0.44691813
v 1.3016057 0.1684187 0.45577478
v 1.29625868 0.17032176 0.42671155
v 1.31306648 0.17153978 0.43781492
v 1.27054786 0.16766443 0.44030144
v 1.27850771 0.17107072 0.41914981
v 1.29362428 0.18106088 0.3936862
v 1.25946641 0.17294587 0.41719073
v 1.27146625 0.18437895 0.3861626
v 1.28997027 0.2114683 0.35194623
v 1.32539856 0.21059048 0.36341092
v 1.30543649 0.25301307 0.32770389
v 1.35795557 0.26498463 0.34660849
v 1.38902187 0.25736749 0.38347137
v 1.36640358 0.33600524 0.34967133
v 1.40653872 0.3307299 0.40357574
v 1.41807591 0.29650417 0.45411059
v 1.38052439 0.39985692 0.43700334
v 1.40123713 0.35535579 0.49929812
v 1.31693339 0.43797382 0.47742572
v 1.34785628 0.38898226 0.54239082
v 1.23989713 0.42460733 0.51608413
v 1.27919662 0.38019591 0.57212358
v 1.18722128 0.3613522 0.54366284
v 1.22649681 0.33265653 0.5806511
v 1.2056998 0.28058081 0.57009661
v 1.19951736 0.24134433 0.54880696
v 1.23277604 0.22281134 0.55604565
v 1.20121252 0.21766375 0.52881574
v 1.26666462 0.20500734 0.5493927
v 1.17213618 0.23607508 0.51011347
v 1.18449151 0.21220165 0.49532359
v 1.20843243 0.19962839 0.50978475
v 1.22634685 0.18188807 0.48870298
v 1.24225664 0.17266543 0.46964669
v 1.25724411 0.17014864 0.47488412
v 1.24866902 0.17017719 0.45415771
v 1.26415133 0.16771933 0.45939388
v 1.253883 0.17007675 0.43712645
v 1.23838567 0.17412127 0.43473771
v 1.21792411 0.18301045 0.42940726
v 1.18596518 0.21379995 0.40616771
v 1.15595531 0.24662496 0.42606475
v 1.16650962 0.26118817 0.38483309
v 1.19129753 0.26133438 0.35513925
v 1.16226124 0.31922924 0.37882596
v 1.19841551 0.32170203 0.34131467
v 1.17466127 0.37844941 0.396355
v 1.22720527 0.38654449 0.35276347
v 1.2769711 0.35872095 0.32498914
v 1.30650723 0.30804699 0.31732404
v 1.27172195 0.43545693 0.40314105
v 1.33445441 0.40133866 0.36899
v 1.20244956 0.42232352 0.44680857
v 1.14311766 0.33765727 0.45079764
v 1.1589719 0.36551338 0.49320125
v 1.14245986 0.29331794 0.42845904
v 1.14830863 0.26176542 0.47463378
v 1.1636796 0.22834688 0.46498546
v 1.25130176 0.21035702 0.35621881
v 0.11067905 1.45935237 2.05318498
v 0.03654604 1.41864371 1.96038317
v 0.16305902 1.35552728 1.83055627
v 0.08178828 1.34911096 1.90255105
v 0.22619456 1.33743321 1.8896799
v 0.18121604 1.32052934 1.93752086
v 0.07526169 1.45070982 2.03034377
v 0.10610969 1.40986752 2.04127359
v 0.13942414 1.43587005 2.06022572
v 0.15446366 1.50386905 2.05563473
v 0.10631728 1.52586829 2.03042459
v 0.02796305 1.44102883 1.91726851
v 0.04670032 1.38656926 1.93600559
v 0.05603889 1.38706064 1.97444391
v 0.05557052 1.42226851 2.00219368
v 0.03550016 1.46965777 1.97210681
v 0.23987585 1.37859952 1.83754861
v 0.22483868 1.35420799 1.8526287
v 0.20453847 1.35136067 1.84397649
v 0.22607818 1.38664829 1.82166981
v 0.18488119 1.352638 1.83577477
v 0.17967461 1.33919405 1.85387134
v 0.1573099 1.34214651 1.848109
v 0.14020955 1.36793291 1.82197845
v 0.16961512 1.38783574 1.80488514
v 0.20708863 1.36153543 2.0168271
v 0.19152769 1.34544551 2.00300312
v 0.21414691 1.34023523 1.98185145
v 0.22966246 1.37024402 2.01231241
v 0.06318721 1.37967419 1.87293207
v 0.08341804 1.36306858 1.86515724
v 0.09787146 1.33777844 1.90606772
v 0.07832836 1.3494724 1.92258811
v 0.04930422 1.38691699 1.89757037
v 0.09700286 1.33700442 1.92812013
v 0.23989152 1.34166908 1.90573763
v 0.211236 1.32853376 1.90170145
v 0.20797692 1.3309338 1.88643848
v 0.21658818 1.34171128 1.86746418
v 0.24624198 1.35338568 1.88007712
v 0.1663029 1.32032704 1.94384264
v 0.1577464 1.31935167 1.92668318
v 0.17973826 1.31977009 1.92605185
v 0.19720876 1.32277286 1.93064725
v 0.19382099 1.32319533 1.9440397
v 0.17868563 1.32371938 1.95851671
v 0.15307143 1.32827603 1.97342896
v 0.14243847 1.32349824 1.95107948
v 0.20971886 1.32926893 1.95435512
v 0.19606757 1.33017015 1.9707936
v 0.16986854 1.33608877 1.99193584
v 0.13951289 1.34970796 2.00846958
v 0.12570998 1.33757615 1.98215222
v 0.15986077 1.3643713 2.02793312
v 0.1326279 1.3853259 2.03910279
v 0.11203518 1.36660814 2.01526331
v 0.18813718 1.38705897 2.04271936
v 0.16256961 1.41640913 2.05781292
v 0.19388659 1.4646877 2.06098818
v 0.21996028 1.41714465 2.04648971
v 0.25422021 1.44572126 2.0315864
v 0.22902679 1.50937783 2.03742528
v 0.25469321 1.38454055 2.00296735
v 0.27571842 1.39302492 1.98023545
v 0.28465485 1.45897746 1.99719345
v 0.23121996 1.34381365 1.97061312
v 0.24599963 1.34818887 1.95481729
v 0.25104641 1.34827005 1.9322443
v 0.28543749 1.390257 1.94627749
v 0.21635328 1.32903695 1.93809533
v 0.21653103 1.32853674 1.92002487
v 0.19699142 1.32293641 1.91525495
v 0.19564718 1.32466781 1.89934885
v 0.17582263 1.32320475 1.8925929
v 0.17696045 1.32967627 1.87254893
v 0.19537892 1.32944071 1.88082814
v 0.17678916 1.3202449 1.91067826
v 0.15134199 1.3213402 1.9046092
v 0.15079814 1.32642924 1.8827548
v 0.12509748 1.33589255 1.87250578
v 0.1268745 1.34995257 1.84648621
v 0.15399949 1.33364403 1.86375784
v 0.13019722 1.32554376 1.90258717
v 0.11313687 1.3308978 1.90381276
v 0.10631613 1.34657788 1.86667883
v 0.13586041 1.32233643 1.92797875
v 0.1150736 1.32855498 1.92912638
v 0.11812052 1.33063471 1.95425498
v 0.09556362 1.34109163 1.95312833
v 0.07389622 1.3558495 1.9481666
v 0.09970219 1.3509047 1.98454868
v 0.07563263 1.36785149 1.98125922
v 0.08525906 1.38841164 2.01485347
v 0.08576425 1.40747427 1.82314622
v 0.10809838 1.37484288 1.82957625
v 0.11576488 1.4590044 1.79537081
v 0.13161763 1.41034925 1.79890155
v 0.16712623 1.49913609 1.79227948
v 0.17474211 1.43858158 1.78759264
v 0.22287507 1.51563632 1.81223964
v 0.21989209 1.4490453 1.79712796
v 0.20299458 1.39305448 1.80762958
v 0.25557881 1.44003212 1.82020616
v 0.26948055 1.50537145 1.84549522
v 0.29656216 1.47111547 1.87927532
v 0.27280443 1.41737413 1.84564352
v 0.29810491 1.42214787 1.90106499
v 0.26804682 1.38372886 1.86639666
v 0.27593988 1.37457394 1.90755462
v 0.30253595 1.45088529 1.9492973
v 0.2929857 1.5134412 1.93237721
v 0.26627296 1.5280534 1.99029636
v 0.25742501 1.55805409 1.89593982
v 0.22402679 1.5790416 1.95926594
v 0.1842837 1.55958318 2.01759243
v 0.16615727 1.59629321 1.91631293
v 0.12760829 1.57935786 1.98000443
v 0.1062124 1.57446169 1.87913119
v 0.07418476 1.56087243 1.94140231
v 0.06052232 1.51350057 1.99648654
v 0.03695269 1.50924396 1.9179387
v 0.05973381 1.52064287 1.86105811
v 0.03847744 1.45110285 1.86953771
v 0.06130276 1.4368751 1.83570909
v 0.08969186 1.50057458 1.81695044
v 0.1417341 1.55088424 1.82472705
v 0.20295682 1.57175421 1.85487043
v 0.19918724 1.33925974 1.86052584
v 0.29573386 -0.3702782 1.41214609
v 0.19294916 -0.4545952 1.27913844
v 0.20834383 -0.45842474 1.43755757
v 0.13554279 -0.47114968 1.42146337
v 0.1426787 -0.48020374 1.33067822
v 0.27039063 -0.34461361 1.45669615
v 0.27510985 -0.40219771 1.43206274
v 0.29048001 -0.40658161 1.38964581
v 0.30410659 -0.36674684 1.36683559
v 0.29556569 -0.3113645 1.40037
v 0.04181031 -0.38821387 1.412503
v 0.04914313 -0.41545808 1.39818263
v 0.07133141 -0.42965033 1.42515873
v 0.05500801 -0.38733869 1.43852269
v 0.25755071 -0.43734511 1.30944848
v 0.25554448 -0.44826826 1.3283894
v 0.22214815 -0.46567776 1.31586146
v 0.23360292 -0.44772684 1.2943871
v 0.06552544 -0.43696889 1.3278768
v 0.07665547 -0.43425309 1.30243229
v 0.09918159 -0.46824029 1.34458208
v 0.08242952 -0.45945149 1.35825729
v 0.21384877 -0.45169493 1.28487503
v 0.20594893 -0.46866568 1.30843508
v 0.1872539 -0.4683786 1.29851055
v 0.17265914 -0.45760995 1.27926218
v 0.19797438 -0.4261735 1.2541089
v 0.19464106 -0.43291047 1.47067832
v 0.18177281 -0.45499253 1.45159769
v 0.20177947 -0.4708895 1.41849887
v 0.22471994 -0.45378151 1.43300867
v 0.21787078 -0.41353684 1.47570097
v 0.21451211 -0.47061789 1.4078319
v 0.10933546 -0.46369797 1.41616284
v 0.1283973 -0.47742486 1.39743077
v 0.15145318 -0.47931024 1.40776896
v 0.15158745 -0.46060651 1.44445025
v 0.12133961 -0.44602835 1.45216178
v 0.14135687 -0.47586303 1.31715786
v 0.15881405 -0.4798932 1.3227657
v 0.1546975 -0.48330515 1.33764183
v 0.13366617 -0.48006469 1.33844304
v 0.12642516 -0.47262957 1.31834757
v 0.14605706 -0.48415267 1.34974312
v 0.13486075 -0.48287156 1.36148965
v 0.12182756 -0.47831857 1.34841227
v 0.17183376 -0.48528438 1.34755873
v 0.16281513 -0.48635056 1.36180985
v 0.15167981 -0.48536902 1.3740735
v 0.18194674 -0.48510909 1.37641644
v 0.17156133 -0.48417693 1.38953089
v 0.16155757 -0.48200041 1.39985048
v 0.14039288 -0.48264506 1.38498961
v 0.12269543 -0.47935566 1.37244832
v 0.10484503 -0.47038793 1.38737058
v 0.09023566 -0.46401062 1.37234294
v 0.1102145 -0.47477787 1.35872566
v 0.11126902 -0.47019261 1.32794451
v 0.09790985 -0.4349865 1.28055918
v 0.12189988 -0.44480064 1.27551245
v 0.14335192 -0.45966666 1.28543639
v 0.10271953 -0.37184837 1.24318146
v 0.13551047 -0.3933396 1.23685014
v 0.15861545 -0.42559287 1.24966442
v 0.16347394 -0.47195562 1.30219221
v 0.16770742 -0.33154055 1.22649657
v 0.19416658 -0.377384 1.23168885
v 0.20766606 -0.27918365 1.25097501
v 0.23752988 -0.3351573 1.245898
v 0.23647768 -0.39950749 1.25626194
v 0.27538007 -0.31424868 1.2851547
v 0.27130234 -0.38587456 1.28182041
v 0.29944485 -0.32568928 1.33120214
v 0.28861305 -0.39113354 1.31460511
v 0.28773695 -0.41265636 1.34493959
v 0.27835005 -0.42957171 1.37395572
v 0.25422552 -0.45490688 1.35404169
v 0.2643671 -0.43846243 1.40311205
v 0.24560636 -0.46098882 1.37818479
v 0.22129064 -0.47505459 1.357813
v 0.22376126 -0.47104814 1.33583247
v 0.19944989 -0.48087006 1.34343719
v 0.20367837 -0.47564297 1.325248
v 0.17893722 -0.48209142 1.33208119
v 0.18440048 -0.47625049 1.31500804
v 0.19231969 -0.48398384 1.36052203
v 0.21280041 -0.47802677 1.37605261
v 0.20050163 -0.47939401 1.39204251
v 0.23100489 -0.46677458 1.39516639
v 0.18885017 -0.47790223 1.40715146
v 0.17397616 -0.47145482 1.42736554
v 0.15076248 -0.42975279 1.47575438
v 0.16217127 -0.39440318 1.49552142
v 0.11860306 -0.35721799 1.49498236
v 0.11246258 -0.40455886 1.47959733
v 0.07721933 -0.33339312 1.47066831
v 0.07726293 -0.388664 1.46354091
v 0.0904956 -0.43409767 1.44307017
v 0.08583256 -0.45324775 1.40649676
v 0.06404332 -0.43969157 1.38658213
v 0.04673777 -0.41843953 1.35362756
v 0.02979829 -0.37611806 1.36409628
v 0.03670372 -0.32836487 1.31722366
v 0.04402232 -0.38770902 1.31117928
v 0.02966806 -0.34268418 1.39187061
v 0.04399669 -0.28203535 1.3529942
v 0.09195101 -0.24398048 1.30906224
v 0.07352031 -0.30006489 1.2723577
v 0.0459941 -0.32884022 1.4323318
v 0.06603009 -0.26118624 1.40746212
v 0.12076929 -0.21641668 1.37029326
v 0.18909078 -0.2146219 1.33156693
v 0.1539983 -0.24416974 1.2725867
v 0.10207359 -0.27096548 1.4613657
v 0.15687437 -0.22792707 1.43464112
v 0.22348608 -0.22526866 1.39704716
v 0.27679187 -0.26348701 1.35984563
v 0.24621655 -0.25299489 1.3017652
v 0.1948983 -0.27478793 1.47951066
v 0.25224506 -0.27398139 1.44525992
v 0.22772994 -0.33957672 1.48908197
v 0.14631511 -0.30823689 1.49651444
v 0.18882089 -0.36081722 1.50119149
v 0.24575203 -0.40082272 1.46559441
v 0.24605529 -0.44405156 1.42519021
v 0.12355975 -0.30230164 1.24023914
v 0.06613127 -0.36979937 1.27052688
v 0.19352635 -0.96020454 0.15815728
v 0.0239126 -0.97515821 0.34320372
v 0.2590453 -1.03485465 0.29395002
v 0.06634748 -1.05276274 0.25367462
v 0.13691234 -1.0747447 0.34424638
v 0.18073813 -1.08227968 0.29931724
v 0.17431977 -0.91117024 0.15796241
v 0.2157083 -0.86794191 0.1962206
v 0.23559993 -0.93406534 0.18108359
v 0.21579639 -0.99500715 0.17712822
v 0.17477098 -0.99791896 0.16267316
v 0.14496304 -0.96779876 0.15257641
v 0.02437748 -0.99695634 0.3244923
v 0.04686352 -1.01923024 0.35026615
v 0.03841713 -0.98000729 0.3673008
v 0.0163585 -0.92622488 0.32449224
v 0.01076664 -0.95416057 0.28957369
v 0.03660187 -0.92293858 0.36807951
v 0.26705336 -1.00699949 0.33706989
v 0.23896424 -1.05084931 0.31808498
v 0.23209404 -1.05997824 0.27959883
v 0.24691829 -1.0425564 0.259256
v 0.28151086 -0.99339008 0.28745764
v 0.1972578 -1.0402497 0.38291138
v 0.1839962 -1.05791294 0.36817383
v 0.19927339 -1.06597566 0.34379425
v 0.21651174 -1.04077136 0.369587
v 0.07908498 -1.05444204 0.23617033
v 0.09728099 -1.07163226 0.25647765
v 0.08150272 -1.06697285 0.26953023
v 0.04237769 -1.01645577 0.23532196
v 0.06152431 -1.00276613 0.19835627
v 0.04720785 -1.03946542 0.27181288
v 0.11485002 -1.04949688 0.20251163
v 0.13115054 -1.05906355 0.2095258
v 0.10953551 -1.07258796 0.24462071
v 0.09543423 -1.05421888 0.2194378
v 0.13755904 -1.06470453 0.36378479
v 0.10180975 -1.04748368 0.37392193
v 0.11254353 -1.06869375 0.34658083
v 0.12689942 -1.07980835 0.32459855
v 0.14746125 -1.08052671 0.3293707
v 0.159873 -1.07542347 0.34302768
v 0.17569661 -1.08204484 0.31120255
v 0.16294404 -1.08492553 0.30109265
v 0.17410406 -1.08384776 0.28858438
v 0.19663009 -1.07756221 0.30162811
v 0.19367313 -1.07588672 0.31942802
v 0.19522635 -1.07837331 0.28296497
v 0.16738146 -1.08399879 0.27468064
v 0.19251877 -1.0757302 0.25917822
v 0.21775142 -1.06273174 0.25279608
v 0.21570023 -1.06938421 0.28073078
v 0.21548472 -1.06873595 0.30714592
v 0.23357681 -1.04055845 0.35140904
v 0.2097956 -1.06691348 0.32857626
v 0.18577037 -1.07351374 0.33603087
v 0.17120254 -1.06716418 0.35764363
v 0.17024247 -1.07963299 0.32677522
v 0.15392151 -1.08361983 0.31543496
v 0.13782176 -1.08439445 0.30745148
v 0.15011391 -1.0859934 0.29144239
v 0.12149207 -1.0828197 0.29928383
v 0.13680878 -1.0851438 0.28194737
v 0.15638712 -1.08312904 0.26270613
v 0.1226136 -1.08231818 0.27294015
v 0.14147569 -1.08115029 0.25415536
v 0.17298321 -1.06793165 0.22533021
v 0.18520095 -1.07245898 0.24162703
v 0.20889011 -1.04212665 0.20739303
v 0.21921253 -1.05176162 0.2300383
v 0.24997653 -0.995103 0.20603086
v 0.25971585 -1.01092827 0.23295044
v 0.27059882 -0.92564755 0.22360974
v 0.2868388 -0.94800317 0.26332879
v 0.25124937 -0.85852396 0.25321275
v 0.27478 -0.88632655 0.30597734
v 0.28135573 -0.94225049 0.33735424
v 0.2268107 -0.84631609 0.34917789
v 0.24652969 -0.91031599 0.38439229
v 0.24992322 -0.98607426 0.37970274
v 0.19344949 -0.90795958 0.41731092
v 0.21522857 -0.98508882 0.40778783
v 0.143846 -0.93347322 0.4292646
v 0.18041829 -0.99812626 0.41668269
v 0.11247933 -0.97464716 0.42194587
v 0.15524783 -1.0219804 0.40791803
v 0.10101035 -1.01478469 0.40190163
v 0.14031387 -1.04496181 0.38904112
v 0.07027211 -0.93896746 0.40462681
v 0.06387705 -0.99080485 0.39089882
v 0.0700816 -1.0313245 0.36732137
v 0.05878441 -1.04418134 0.33082184
v 0.0831108 -1.05710864 0.34299081
v 0.08010103 -1.06568825 0.3103694
v 0.1025782 -1.07449877 0.31951808
v 0.10555031 -1.07891094 0.28980672
v 0.06188664 -1.05486357 0.29557958
v 0.09180004 -1.07309448 0.27919751
v 0.10868229 -1.07735598 0.26404148
v 0.12414422 -1.07755327 0.24885611
v 0.15381407 -1.06388032 0.21460637
v 0.15403202 -1.02905356 0.1777507
v 0.1854497 -1.03569757 0.1888166
v 0.12572211 -1.01543307 0.17137178
v 0.09415684 -1.00383496 0.1760472
v 0.10538008 -0.93682485 0.15875896
v 0.05980144 -0.93307411 0.1851542
v 0.07181855 -0.86854684 0.20582294
v 0.12943217 -0.87131589 0.17523132
v 0.09347178 -0.82452142 0.255355
v 0.16134993 -0.82595259 0.22222589
v 0.12386898 -0.81351947 0.32163706
v 0.19567498 -0.8151834 0.28756371
v 0.15987256 -0.8436656 0.38379681
v 0.06378638 -0.85581445 0.35131669
v 0.10108066 -0.8808828 0.40328386
v 0.03825066 -0.86361408 0.29199597
v 0.02587927 -0.90194624 0.24589924
v 0.02673935 -0.95840811 0.2265197
v 0.02093383 -0.99616289 0.27138927
v 0.03608324 -1.0255258 0.30761319
# The following MRGB block contains ZBrush Vertex Color (Polypaint) and masking output as 4 hexadecimal values per vertex. The vertex color format is MMRRGGBB with up to 64 entries per MRGB line.
#MRGB ff10c59dff11c49cff3c4dacff3567abff10c59dff10c59dff10c49dff10c49dff10c59dff10c59dff10c59dff10c59dff10c59dff10c59dff10c59dff10c59dff10c59dff10c59dff10c49cff10c49cff10c49dff11c39cff10c49cff10c49cff16b7a0ff14bb9fff1aada3ff1aaba3ff3c51adff3a59acff3a56abff4339b0ff413dadff3e47afff395aabff3666abff3174aaff2a82a8ff2f72a9ff3365aaff10c59dff10c59dff10c49dff10c59dff10c59dff10c59dff11c29dff10c59dff10c59dff10c59dff10c59dff10c49dff10c59dff10c59dff10c59dff10c59dff10c59dff10c59dff10c59dff10c59dff10c59dff10c59dff10c59dff10c59d
#MRGB ff10c59dff10c59dff10c59dff10c59dff10c59dff10c59dff10c59dff11c39dff11c39eff11c39eff13bc9fff11c39eff15b6a0ff15b79fff18b0a0ff19afa0ff14bb9fff1da2a1ff1da3a1ff1d9fa2ff228fa5ff17b2a0ff248ca4ff2782a6ff297ea9ff306badff2787a7ff3360aaff355baeff365cb0ff375bb1ff326baeff3e48b1ff3c4fb0ff3c4eb0ff3857aeff3561aeff4341b0ff4242b0ff3d4eaeff316aabff3267aaff4241b0ff4047b0ff3562abff3170a9ff2d76a9ff404ab1ff3661acff3072a8ff3173a9ff326faaff3070aaff2a82a5ff2a81a7ff2d77a7ff316da9ff1f9ea1ff2490a4ff2b7da6ff3171a7ff336ca8ff1e9fa2ff258ea3
#MRGB ff2b81a5ff209da2ff2a88a4ff1ba7a0ff1f9ea2ff19ada0ff10c49eff12bf9eff15b89eff12c09dff10c59dff10c59dff10c49dff10c59dff10c59dff11c49dff29ad8dff23b28fff10c59dff11c49cff1fb791ff37a17eff3f997aff15c098ff1fb890ff2cad86ff30a882ff469475ff1bbc94ff1fb992ff1db993ff1abc96ff31a589ff15c199ff13c29aff14c19bff16bf99ff1cba98ff10c59dff10c49dff12c39cff11c49cff17bf99ff10c39dff11c39dff10c49dff10c59dff10c49dff12c19dff11c29dff10c49dff10c59dff10c59dff13c09eff11c49eff10c59dff10c59dff10c59dff12c09eff11c59dff10c59dff10c59dff10c59dff11c29d
#MRGB ff11c49dff10c59dff10c59dff10c59dff15b9a0ff12be9fff12bf9eff11c29eff10c59dff16b3a1ff14b89fff13bd9eff11c29eff10c59dff18b19fff14b79eff13ba9fff12c09dff10c59dff17b29eff16b19fff14bb9eff15b9a0ff11c29eff15b29fff15b59fff17b49fff17b2a0ff14bc9fff19aca1ff19afa1ff18b1a1ff19b1a1ff15b79fff229ea4ff209ca4ff1caaa1ff1da3a1ff16b69fff1aada1ff2099a5ff1aa9a0ff1da6a0ff1ca6a0ff13bc9fff16b3a0ff1ba8a2ff1ca8a2ff219aa3ff11c49eff13c09eff17b6a0ff1aafa1ff18b1a1ff11c49eff13c09dff14bba0ff13c09eff17b4a1ff10c59dff11c49dff10c59dff10c59dff10c59d
#MRGB ff10c59dff10c59dff10c59dff10c59dff10c59dff10c59dff10c59dff10c59dff11c49dff10c59dff10c59dff10c59dff12c49cff16bf98ff13c29bff16c098ff14c29bff11c49cff13c39aff1bba93ff10c59dff11c49dff10c59dff10c59dff12c39bff10c59cff10c59dff10c59dff10c59dff10c59dff10c59dff10c59dff10c59dff10c59dff10c59dff10c59dff10c59dff10c59dff10c59dff10c59dff10c59dff10c59dff10c59dff10c59dff10c59dff10c59dff10c59dff10c59dff10c59dff10c59dff10c59dff10c59dff10c59dff10c59dff10c59dff10c59dff10c59dff10c59dff10c59dff10c59dff10c59dff10c59dff10c59dff10c59d
#MRGB ff10c59dff10c59dff10c59dff10c59dff10c59dff10c59dff10c59dff10c59dff10c59dff10c59dff10c59dff10c59dff10c59dff10c59dff10c59dff10c59dff10c59dff10c59dff10c59dff10c59dff10c59dff10c59dff10c59dff10c59dff10c59dff10c59dff10c59dff10c59dff10c59dff10c59dff10c59dff10c59dff10c59dff10c59dff10c59dff10c59dff10c59dff10c59dff10c59dff10c59dff10c59dff10c59dff10c59dff10c59dff10c59dff10c59dff10c59dff10c59dff10c59dff10c59dff10c59dff16c097ff13c39aff10c59dff10c59dff10c59dff12c49bff10c59dff10c59dff10c59dff10c59dff10c59dff10c59dff10c59d
#MRGB ff10c59dff10c59dff10c59dff10c59dff10c59dff10c59dff10c59dff10c59dff10c59dff10c59dff10c59dff10c59dff10c59dff10c59dff10c59dff10c59dff10c59dff10c59dff10c59dff10c59dff10c59dff10c59dff10c59dff10c59dff10c59dff10c59dff10c59dff10c59dff10c59dff10c59dff10c59dff10c59dff10c59dff10c59dff10c59dff10c59dff10c59dff10c59dff10c59dff10c59dff10c59dff10c59dff10c59dff10c59dff10c59dff10c59dff10c59dff10c59dff10c59dff10c59dff10c59dff10c59dff10c59dff10c59dff10c59dff10c59dff10c59dff10c59dff10c59dff10c59dff10c59dff10c59dff10c59dff10c59d
#MRGB ff10c59dff10c59dff10c59dff10c59dff10c59dff10c59dff10c59dff10c59dff10c59dff10c59dff10c59dff10c59dff10c59dff10c59dff10c59dff10c59dff10c59dff10c59dff10c59dff10c59dff10c59dff10c59dff10c59dff10c59dff10c59dff10c59dff10c59dff10c59dff10c59dff10c59dff10c59dff10c59dff10c59dff10c59dff10c59dff10c59dff10c59dff10c59dff10c59dff10c59dff10c59dff10c59dff10c59dff10c59dff10c59dff10c59dff10c59dff10c59dff10c59dff10c59dff10c59dff10c59dff10c59dff10c59dff10c59dff10c59dff10c59dff10c59dff10c59dff10c59dff10c59dff10c59dff10c59dff10c59d
#MRGB ff10c59dff10c59dff10c59dff10c59dff10c59dff10c59dff10c59dff10c59dff10c59dff10c59dff10c59dff10c59dff10c59dff10c59dff10c59dff10c59dff10c59dff10c59dff10c59dff10c59dff10c59dff10c59dff10c59dff10c59dff10c59dff10c59dff10c59dff10c59dff10c59dff10c59dff10c59dff10c59dff10c59dff10c59dff10c59dff10c59dff10c59dff10c59dff10c59dff10c59dff10c59dff10c59dff10c59dff10c59dff10c59dff10c59dff10c59dff10c59dff10c59dff10c59dff10c59dff10c59dff10c59dff10c59dff10c59dff10c59dff10c59dff10c59dff10c59dff10c59dff10c59dff10c59dff10c59dff10c59d
#MRGB ff10c59dff10c59dff10c59dff10c59dff10c59dff10c59dff10c59dff10c59dff10c59dff10c59dff10c59dff10c59dff10c59dff10c59dff10c59dff10c59dff10c59dff10c59dff10c59dff10c59dff10c59dff10c59dff10c59dff10c59dff10c59dff10c59dff10c59dff10c59dff10c59dff10c59dff10c59dff10c59dff10c59dff10c59dff10c59dff10c59dff10c59dff10c59dff10c59dff10c59dff10c59dff10c59dff10c59dff10c59dff10c59dff10c59dff10c59dff11c49dff12c39cff10c59dff11c49dff17bf9cff19bd9cff17bf9cff11c49dff24b39cff21b59cff1eb79cff16bf9cff12c39dff2bac9bff26af9cff1fb59dff19bd9e
#MRGB ff12c29dff30a39dff27ab9dff24b19eff33a19dff1db89eff39969dff2ca69dff428f9bff5c7397ff438e9bff3e939cff508097ff6d6192ff725f88ff666a8eff5f7294ff735c90ff795984ff805878ff6e6878ff8a4a8cff8b4b80ff9b3f6cffa93650ff934863ff9c3c77ffa83563ffa83947ffa1443dffa73d3fffa53869ff9d4253ff8e534bff845d59ff945043ff7e5e68ff677667ff627972ff756e5cff826159ff3e9b7eff498f78ff6c755bff786b4eff8a5e47ff429678ff5e8162ff677859ff667756ff736b4dff429977ff4b916fff508b68ff4e9068ff697552ff2eab86ff30aa83ff3aa078ff429b71ff59875fff24b48dff28af87ff2cac84
#MRGB ff23b58dff38a57cff15c198ff17be97ff16c198ff14c39bff1abd95ff10c49dff10c49dff10c59dff10c59dff10c59dff10c59dff10c59dff10c59dff10c59dff10c59dff10c59dff10c59dff10c59dff10c59dff10c59dff10c59dff10c59dff10c59dff10c59dff10c59dff10c59dff13c29aff15c099ff16c098ff10c59dff2fa982ff36a37bff34a57dff3b9e77ff1cbb93ff6d754dff677851ff6a744eff5f7d56ff419972ff92542dff8a5832ff7b6540ff69744eff4f8c64ffa14821ff8f5733ff7d633fff607d59ff45946dffa04927ff8c5a3bff746d4eff6e7657ff3c9e77ff9a4c32ff905840ff8c5b44ff836249ff637e5fff9b4a37ff93533e
#MRGB ff885c43ff836346ff796d4eff8e543cff895b3eff6f7955ff6b7755ff6b7c57ff7d6846ff667d57ff6d7551ff766a4dff716f50ff5f7f5bff5f805eff7c6a48ff96512dff7c6449ff5f835dff74704aff7b663cff895c32ff9c4a1fff4c916bff568760ff756f4bff886140ff8c5d38ff28af87ff4b906fff7c6748ff8c5839ff9b5330ff439674ff607c5cff6e6e4fff82623eff945530ff389e7bff548564ff607b59ff548863ff6b7651ff36a27eff439471ff30a882ff2aaf87ff429b73ff2daa85ff2fa883ff17bf97ff1abd95ff1eb992ff1abc96ff18bd96ff16c098ff18bf97ff1eb891ff17bf97ff15c29aff12c49bff11c49cff1bbb94ff13c39c
#MRGB ff11c59dff10c59dff10c59dff14c39bff14c29aff13c29bff10c59dff12c29dff14c29dff1fba93ff1abe97ff11c49dff18be9dff1cbb9eff2bb18aff19be97ff14c29dff25b09dff28ae9dff22b88fff16bf9bff2aab9aff458e9bff42939cff23b492ff30a596ff567c99ff864998ff6e639bff41988cff7c5896ffa92696ffb02398ff993a98ffaa2c95ffb91897ffbb199bffb11f97ffa42e98ffbc169affbe1599ffba1497ffba1290ffb51893ffb91997ffba1795ffb71591ffac2794ffb6128effba1996ffaf2495ff9e3997ff865097ffa53295ff9f3698ff89509aff78609aff4c889aff7f5396ff7b5f9dff2aac9cff21b49bff30a39dff399b9e
#MRGB ff13c29dff15bf9cff2ca79cff438f9bff636e98ff10c59dff13c29dff15c09cff26ad9bff548098ff10c59dff10c59dff18bd9dff23b29cff3a9a9aff10c59dff13c29dff17bd9eff1eb69dff29ac9cff11c49dff14c09dff17bd9eff1db79eff2ca99cff10c49dff12c29dff11c49dff14c19eff22b49dff10c59dff10c59dff10c59dff10c59dff13c29dff10c59dff10c59dff10c59dff10c59dff10c59dff10c59dff10c59dff10c59dff10c59dff10c59dff10c59dff10c59dff10c59dff10c59dff10c59dff10c59dff10c59dff10c59dff10c59dff10c59dff10c59dff10c59dff10c59dff10c59dff10c59dff10c59dff10c59dff10c59dff10c59d
#MRGB ff10c59dff10c59dff11c49dff10c49dff15c19dff10c59dff20b59cff29ae9bff2fa89cff2da89dff1db89dff42939aff50859aff4d869bff31a39dff3a9a9cff6e6696ff5b7a98ff4d8898ff587e97ff3e979aff696f95ff5e7a97ff6f6a95ff845391ff7e5992ff677499ff6c6e95ff726593ff785d92ff924390ff558598ff568196ff538297ff6f6695ff835094ff32a49bff3e979bff5c7999ff627498ff7b5a95ff3f969cff54819bff4b8b9bff369e9dff43929cff468f9bff379e9cff29a99cff26ad9dff2aa99dff2ca79cff24af9cff21b29cff1abb9cff1db89cff29aa9bff23b19cff18be9dff11c49dff16bf9cff22b59cff16bf9cff10c59d
#MRGB ff10c59dff10c59dff14c19dff10c59dff10c59dff10c59dff10c59dff10c59dff10c59dff10c59dff10c59dff10c59dff10c59dff10c59dff10c59dff10c59dff10c59dff10c59dff10c59dff10c59dff10c59dff10c59dff10c59dff10c59dff10c59dff10c59dff10c59dff10c59dff10c59dff10c59dff10c59dff10c59dff10c59dff10c59dff10c59dff10c59dff10c59dff10c59dff10c59dff10c59dff11c39dff13c19cff10c59dff10c59dff10c59dff13c19dff1bba9cff16bf9dff11c49dff10c59dff18bd9bff1eb79bff1bba9eff10c59dff19bb9bff24af9aff29aa9aff11c49dff15bf9cff1cb99cff11c39dff15bf9dff15c09cff14c19d
#MRGB ff11c59dff10c59dff10c59dff11c59dff10c59dff10c59dff10c59dff10c59dff10c59dff10c59dff10c59dff10c59dff10c59dff10c59dff10c59dff10c59dff10c59dff10c59dff10c59dff10c59dff10c59dff10c59dff10c59dff10c59dff10c59dff10c59dff10c59dff10c59dff10c59dff10c59dff10c59dff10c59dff10c59dff10c59dff10c59dff10c59dff10c59dff10c59dff10c59dff10c59dff10c59dff10c59dff10c59dff10c59dff10c59dff10c59dff10c59dff10c59dff10c59dff10c59dff10c59dff10c59dff10c59dff10c59dff10c59dff10c59dff10c59dff10c59dff10c59dff10c59dff10c59dff10c59dff10c59dff10c59d
#MRGB ff10c59dff10c59dff10c59dff10c59dff10c59dff10c59dff10c59dff10c59dff10c59dff10c59dff10c59dff11c59dff10c59dff10c59dff10c59dff10c59dff10c59dff10c59dff10c59dff10c59dff10c59dff10c59dff10c59dff10c59dff10c59dff10c59dff10c59dff10c59dff10c59dff10c59dff10c59dff10c59dff10c59dff10c59dff10c59dff10c59dff10c59dff10c59dff10c59dff10c59dff10c59dff10c59dff10c59dff10c59dff10c59dff10c59dff10c59dff10c59dff10c59dff10c59dff10c59dff10c59dff10c59dff10c59dff10c59dff11c49cff10c49dff10c59cff10c49dff10c59dff10c59dff10c59dff10c59dff10c59d
#MRGB ff10c59dff10c59dff10c59dff10c59dff10c59dff10c59dff10c59dff10c59dff10c59dff10c59dff10c59dff10c59dff10c59dff10c59dff10c59dff10c59dff10c59dff10c59dff10c59dff10c59dff10c59dff10c59dff10c59dff10c59dff10c59dff10c59dff10c59dff10c49dff10c59dff14c19dff10c59dff16be9cff15c09dff12c39dff20b59eff1bb99dff21b19bff2fa59dff2fa49bff2fa599ff3c979aff389c9aff2da999ff429299ff3a9b99ff24b19aff399c99ff26ae9bff14c19dff1abb9cff11c49dff10c59dff11c49dff10c59dff10c59dff10c59dff10c59dff10c59dff10c59dff10c59dff10c59dff10c59dff10c59dff10c59d
#MRGB ff10c59dff10c59dff10c59dff10c59dff10c59dff10c59dff10c59dff10c59dff11c39dff10c59dff11c59dff16bf9dff11c59dff14c29cff1fb59cff12c49dff1abb9dff27ad9eff19bc9dff2ea59bff5c7a98ff4c8898ff7a5c93ff8f4593ff875193ff993c94ff924094ff9a3a95ff973b94ff963d91ff934094ff864c92ff5b7895ff726495ff577f98ff43929bff58809aff4f879aff389e9bff43939aff2da99cff14c09dff1cb99cff11c49dff10c59dff10c59dff10c59dff10c59dff10c59dff10c59dff10c59dff10c59dff10c59dff10c59dff10c59dff10c59dff10c59dff10c59dff10c59dff10c59dff10c59dff10c59dff12c39dff18bd9c
#MRGB ff1fb69cff27af9dff399d99ff4e8999ff3d9a9bff667295ff558298ff369f9bff597f97ff488d99ff40959bff518598ff567f9aff558099ff6c6b99ff706697ff775c95ff865095ff874c94ff4f839aff904695ff60789cff785c9dff93429aff953a96ff8f4395ff914196ff9d3598ffa82997ff9c3096ffb71591ffb61a93ffa03195ff983996ff8c4397ff6f6597ff795998ff8a4c99ff677097ff766297ff83509aff756497ff795d99ff6c689bff6d6899ff63739aff4a8c9cff5d789aff468f9bff26af9dff34a09dff24b29dff18bf9cff29ac9dff1cba9aff18bd97ff25b09aff1eb794ff19bd96ff22b495ff25b28cff25b18bff24b28cff2aac87
#MRGB ff27b08aff33a47eff39a17bff30ab84ff3d9e76ff419e75ff568b63ff4e946aff6f7b4fff86633bff876338ff99542affa04e27ff9f4f26ff9f512bff985632ff955934ff896238ff965227ff925932ff9f4a24ff8f5836ff955431ff726f4eff6f7053ff558a66ff5d8261ff578666ff47946eff5c835eff6a7956ff3c9b74ff4e906aff4b926eff20b68dff1eb991ff29b087ff13c29aff1abb94ff27b087ff1aba94ff21b58dff37a179ff18be95ff25b28aff35a47dff13c29bff19bd95ff23b58dff10c59dff12c39bff11c49cff10c59dff10c59dff10c59dff10c49cff10c59dff10c59dff11c59dff10c59dff10c59dff10c59dff10c59dff10c59d
#MRGB ff10c59dff11c59dff13c29aff17c098ff25b58eff34a982ff409e79ff4e926cff5b865fff6f7452ff72714eff726f4cff925639ff895b3eff796647ff95513aff8c563eff865e44ff93513bff95543bff925743ff995038ff8f5743ff895a52ff875c42ff8c5747ff9e483bff915245ffa14740ffa1414bff984c50ff87585cff74666cff726b65ff607a71ff617581ff4e8c7dff4b8b8cff4c8797ff2fa896ff2baa9bff25b19dff15c19dff15c09dff16c19eff10c59dff11c59dff10c59dff10c59dff10c59dff11c59dff10c59dff10c59dff10c59dff10c59dff10c59dff10c59dff10c59dff10c59dff10c59dff10c59dff10c59dff10c59dff10c59d
#MRGB ff10c59dff10c59dff10c59dff10c59dff10c59dff11c49dff11c59dff10c59dff16bf9eff12c39eff10c59dff16be9dff12c39dff10c59dff12c29dff10c59dff10c59dff10c59dff10c59dff10c59dff10c59dff10c59dff10c59dff10c59dff10c59dff10c59dff10c59dff10c59dff10c59dff10c59dff10c59dff10c59dff10c59dff10c59dff10c59dff10c59dff10c59dff10c59dff10c59dff10c59dff10c59dff10c59dff10c59dff10c59dff10c59dff10c59dff10c59dff10c59dff10c59dff10c59dff10c59dff10c59dff10c59dff10c59dff10c59dff10c59dff10c59dff10c59dff10c59dff10c59dff10c59dff10c59dff10c59dff10c59d
#MRGB ff10c59dff10c59dff10c59dff10c59dff10c59dff10c59dff10c59dff10c59dff10c59dff10c59dff10c59dff10c59dff10c59dff10c59dff10c59dff10c59dff10c59dff10c59dff10c59dff10c59dff10c59dff10c59dff10c59dff10c59dff10c59dff10c59dff10c59dff10c59dff10c59dff10c59dff10c59dff10c59dff10c59dff10c59dff10c59dff10c59dff10c59dff10c59dff10c59dff10c59dff10c59dff10c59dff10c59dff10c59dff10c59dff10c59dff10c59dff10c59dff10c59dff10c59dff10c59dff10c59dff10c59dff10c59dff10c59dff10c59dff10c59dff10c59dff10c59dff10c59dff10c59dff10c59dff10c59dff10c59d
#MRGB ff1abb9cff14c19dff11c59dff20b59dff15c09cff10c59dff16bf9cff11c59dff10c59dff10c59dff10c59dff10c59dff10c59dff10c59dff10c59dff10c59dff10c59dff10c59dff10c59dff10c59dff10c59dff10c59dff10c59dff10c59dff10c59dff10c59dff10c59dff10c59dff10c59dff10c59dff10c59dff10c59dff10c59dff10c59dff10c59dff10c59dff10c59dff10c59dff10c59dff10c59dff10c59dff10c59dff10c59dff10c59dff10c59dff10c59dff10c59dff10c59dff10c59dff10c59dff10c59dff10c59dff10c59dff10c59dff10c59dff10c59dff10c59dff10c59dff10c59dff10c59dff10c59dff10c59dff10c59dff10c59d
#MRGB ff10c59dff10c59dff10c59dff10c59dff10c49dff13c39bff14c299ff18bd95ff15c098ff17be96ff1bbb94ff11c49cff13c29bff10c49dff10c59dff10c59dff10c59dff10c59dff10c59dff10c59dff10c59dff10c39dff13be9fff14bb9fff17b1a1ff18aea2ff1ba1a4ff16b0a1ff1ca5a1ff18aba0ff1ca8a0ff1bad9fff14b99fff17b59eff19af9eff14ba9eff13bc9eff15b89fff10c49dff11c19dff12c19eff10c59dff10c49dff10c59dff10c59dff10c59dff10c59dff10c59dff10c59dff10c59dff10c59dff10c59dff10c59dff10c59dff10c59dff10c59dff10c59dff10c59dff10c59dff10c59dff10c59dff10c59dff10c59dff10c59d
#MRGB ff10c59dff11c49cff12c39cff11c49dff1bbb94ff18bd97ff15c199ff24b38eff1eb893ff1abb98ff23b293ff26ae96ff2ea791ff3a9c88ff498d84ff518779ff4e8d73ff508e70ff4c8e6fff459a74ff3f9e7aff33a583ff19be96ff12c39cff12c49cff10c49eff12bf9fff12c09eff15baa0ff15b59fff1baba0ff1aaba0ff2397a2ff2f77a6ff2885a4ff306da7ff3366a8ff3169a8ff3268a8ff3170a9ff2d77a7ff2e76a8ff2e75a9ff306fa9ff306aaaff2f6daaff3856abff355eabff3267abff3461a9ff3072a8ff3070acff2985a6ff278aa6ff258da6ff1fa1a2ff1ea1a2ff19ada1ff18b39fff16b79fff15bc9eff12bf9dff12c29dff11c19e
#MRGB ff11c49dff11c49dff10c59dff10c59dff10c59dff10c59dff10c59dff10c59dff10c59dff10c59dff10c59dff10c59dff10c59dff10c59dff10c59dff10c49dff10c59dff10c59dff11c19dff10c29dff10c59dff15b69eff12c19dff11c39dff16b69fff16b6a0ff1baba2ff13be9fff16b7a1ff219da4ff268fa7ff1caba3ff278da7ff2d7ea9ff3271abff3666acff2c81aaff395cacff3958abff3859acff3d47b3ff4532b5ff2f68aeff3948b2ff4234b5ff2781a9ff2d6cadff355aacff3f3eb2ff2391a5ff2685a4ff306ba5ff3758abff3b49afff2588a2ff2d75a3ff326ea7ff3468aaff4141b1ff2193a1ff268ba3ff2492a3ff1ba7a1ff3366ac
#MRGB ff1aab9fff14b99eff12c09dff11c49dff19aca2ff12c09dff10c59dff10c59dff10c49dff14bc9fff10c59dff10c59dff10c59dff10c59dff12c19eff10c59dff10c59dff10c59dff10c59dff10c59dff10c59dff10c59dff10c59dff10c59dff10c59dff10c59dff10c59dff10c59dff10c59dff10c59dff10c59dff10c49dff10c59dff10c49dff10c59dff11c39eff11c39eff11c29dff11c39dff10c59dff12bf9eff14bd9eff14bb9eff12be9eff11c29dff1aafa0ff1fa1a2ff19aca0ff1aaea1ff12be9fff278aa5ff278aa5ff2594a4ff229ba3ff18b4a0ff3567a8ff3468a8ff2d7da6ff268fa3ff20a1a2ff3958aaff316da8ff2981a5ff268da4
#MRGB ff2299a3ff2f70a8ff297fa6ff2884a5ff2985a5ff2496a3ff2a7da6ff2b7aa7ff2b7ea7ff2a85a6ff2a87a5ff2c74a7ff2980a7ff268da6ff2495a4ff278da4ff2489a6ff2198a5ff1ea0a4ff2391a6ff2199a2ff19aca1ff1aaba2ff1ca4a4ff2292a6ff2880a8ff18aea2ff18afa1ff1ba5a2ff2393a6ff297fa7ff14b79fff17b3a0ff1f9fa4ff258fa6ff2a80a9ff15b79eff17b39fff19aca0ff1d9da4ff248ea5ff20b395ff1cb29aff1fa29cff25939cff2587a8ff399e79ff359d7cff2c9f88ff27a093ff2885a4ff3a9b7bff2da587ff2fa189ff2aa78cff1ba99dff27af8cff31a684ff2bac88ff19ba95ff17ba99ff2aad87ff24b28cff1eb891
#MRGB ff1bbb92ff11c49dff1abc95ff17bf97ff1dba91ff29ad85ff1bbb93ff11c49cff16c098ff21b68eff2daa82ff35a17aff10c59dff13c39bff18bd95ff1eb890ff45946dff10c59dff10c59dff10c59dff11c49cff20b58eff10c59dff10c59dff10c59dff10c59dff11c49cff10c59dff10c59dff10c59dff10c59dff10c59dff10c59dff10c59dff10c59dff10c59dff10c59dff10c59dff10c59dff10c59dff10c59dff10c59dff10c59dff10c59dff10c59dff10c59dff10c59dff10c59dff10c59dff10c59dff10c59dff10c59dff10c59dff10c59dff14ba9fff18b49eff10c39dff13b7a0ff1f97a6ff2397a3ff1fa69fff14bc9eff218ba8ff2885a7
#MRGB ff2397a2ff1ba9a0ff1bad9fff238fa5ff1f9ca2ff1ba7a0ff15b79fff15b79fff1d9ea4ff19aaa1ff13bc9eff10c59dff11c39dff14b89fff11c29eff10c59dff10c59dff10c59dff10c59dff10c59dff10c59dff10c59dff10c59dff10c59dff10c59dff10c59dff10c59dff10c59dff10c59dff10c59dff10c59dff10c59dff10c59dff10c59dff10c59dff10c59dff10c59dff10c59dff13c39bff14c29aff11c49dff10c59dff10c59dff13c39aff10c59dff10c59dff10c59dff10c59dff10c59dff10c59dff10c59dff10c59dff10c59dff10c59dff10c59dff10c59dff10c59dff10c59dff10c59dff10c59dff10c59dff10c59dff10c59dff10c59d
#MRGB ff10c59dff10c59dff10c59dff10c59dff10c59dff10c59dff10c59dff10c59dff10c59dff10c59dff10c59dff10c59dff10c59dff10c59dff10c59dff10c59dff10c59dff10c59dff10c59dff10c59dff10c59dff10c59dff10c59dff10c59dff10c59dff10c59dff10c59dff10c59dff10c59dff10c59dff10c59dff10c59dff10c59dff10c59dff10c59dff10c59dff10c59dff10c59dff10c59dff10c59dff10c59dff10c59dff10c59dff10c59dff10c59dff10c59dff10c59dff10c59dff10c59dff10c59dff10c59dff10c59dff10c59dff10c59dff10c59dff10c59dff10c59dff10c59dff10c59dff10c59dff10c59dff10c59dff10c59dff10c59d
#MRGB ff10c59dff10c59dff10c59dff10c59dff10c59dff10c59dff10c59dff10c59dff10c59dff10c59dff10c59dff10c59dff10c59dff10c59dff10c59dff10c59dff10c59cff10c59dff10c59dff10c59dff11c39dff12c39dff1abb9cff1bba9bff10c59dff20b59cff1eb69bff369e99ff32a29aff24b19bff2ca79aff30a499ff32a19aff3c989aff479099ff20b49aff22b19bff21b39bff21b39cff3d989bff11c49dff10c59dff10c59dff12c39dff25ae9dff10c59dff10c59dff10c59dff10c59dff15bf9cff10c59dff10c59dff10c59dff10c59dff10c59dff10c59dff10c59dff10c59dff10c59dff10c59dff10c59dff10c59dff10c59dff10c59d
#MRGB ff10c59dff10c59dff10c59dff10c59dff10c59dff10c59dff10c59dff10c59dff10c59dff10c59dff10c59dff10c59dff10c59dff10c59dff10c59dff10c59dff10c59dff10c59dff10c59dff10c59dff10c59dff10c59dff10c59dff10c59dff10c59dff10c59dff10c59dff10c59dff10c59dff10c59dff10c59dff10c59dff10c59dff10c59dff10c59dff10c59dff10c59dff10c59dff10c59dff10c59dff10c59dff10c59dff10c59dff10c59dff10c59dff10c59dff10c59dff10c59dff10c59dff10c59dff10c59dff10c59dff10c59dff10c59dff10c59dff10c59dff10c59dff10c59dff10c59dff10c59dff10c59dff10c59dff10c59dff10c59d
#MRGB ff10c59dff10c59dff10c59dff10c59dff10c59dff10c59dff10c59dff10c59dff10c59dff10c59dff10c59dff10c59dff10c59dff10c59dff10c59dff10c59dff10c59dff10c59dff10c59dff10c59dff10c59dff10c59dff10c59dff10c59dff10c59dff10c59dff10c59dff10c59dff10c59dff10c59dff10c59dff10c59dff10c59dff10c59dff10c59dff10c59dff10c59dff10c59dff10c59dff10c59dff10c59dff10c59dff10c59dff10c59dff10c59dff10c59dff10c59dff10c59dff10c59dff10c59dff10c59dff10c59dff10c59dff10c59dff10c59dff10c59dff10c59dff10c59dff10c59dff10c59dff10c59dff10c59dff10c59dff10c59d
#MRGB ff10c59dff10c49dff10c59dff10c59dff10c59dff11c59dff15c19dff15c09dff10c59dff10c59dff15c09cff1abc9dff21b59cff10c59dff13c39dff13c29dff1fb69dff20b59dff12c39dff12c39dff2aac9eff399e9dff399d9dff13c29dff25b19eff31a59eff2da89dff34a29cff1eb89dff24b29eff2aac9cff399d9aff488e9aff1fb79dff29ad9bff2da99aff2fa69aff518497ff22b39cff23b29bff22b49cff20b59dff2caa9cff18bd9cff19bc9dff1abc9eff1db79dff2aaa9cff14c19dff15c09eff16bf9dff17bc9cff1eb59cff12c39dff10c59dff11c59dff10c59dff12c39dff10c59dff10c59dff10c59dff10c59dff10c59dff10c59d
#MRGB ff10c59dff10c59dff10c59dff10c59dff10c59dff10c59dff10c59dff10c59dff10c59dff10c59dff10c59dff10c59dff10c59dff10c59dff10c59dff10c59dff10c59dff10c59dff10c59dff10c59dff11c59dff11c49dff11c49dff10c59dff15c09dff18bd9cff1abc99ff14c19bff10c59dff2bae93ff2fa98eff3e9b87ff3d9a8bff1abb99ff518a79ff647876ff69717aff5c7b81ff379f8cff77656aff84576eff776176ff4d8882ff3c9a88ff914f61ff815969ff5c7a6fff4f8a6eff379f82ff7c6159ff6d6e56ff6a7259ff6b735aff568668ff855c40ff835d46ff7f614bff895b40ff776b4fff93513cff944e3bff994d33ffa0482bff915536
#MRGB ff9c4836ffa4442dffa93f24ffab3d1effa34425ffa7422dffac3d23ffab3c1dffa4431fffa4431effa54428ffa44424ff9d4927ff974d2dffa34321ff8e5837ff865e3cff776a4aff726d4eff974a2eff518e6aff409c78ff3e9d77ff4d916aff736e4bff2aaf89ff31a982ff3f9d75ff429a71ff5f8159ff26b38cff2bae87ff2bae87ff2bae86ff49926bff20b790ff22b68fff21b68fff1cba93ff23b38cff17bf98ff1cba93ff19bc94ff14c099ff15c199ff17bf97ff17bf97ff14c199ff11c49bff11c49cff13c199ff13c29aff11c49cff10c59dff10c59dff11c49cff10c59cff10c59dff10c59dff10c59dff10c59dff10c59dff10c59dff10c59d
#MRGB ff10c59dff10c49cff10c59dff10c59dff10c59dff10c59dff11c49cff10c59dff10c59dff10c59dff10c59dff11c49cff11c49cff10c59dff10c49dff10c59dff11c49cff10c59dff10c59dff15c09aff12c49bff16c097ff16c09aff19bd96ff27b28bff21b890ff2eab84ff2dab87ff3f9e78ff3ea178ff38a77dff5b8561ff62815cff558c67ff548d68ff499a70ff7d6846ff6a7856ff6a7956ff8e613eff7d6f4bff76704bff806844ff945c39ff8c623eff965d39ff915c37ff955a35ff8d5c37ff70704eff747150ff96542cff895b37ff6e7051ff4b8e6dff598463ff83633eff5e7e5dff3f9973ff3b9c7cff4c8b7aff49946dff34a27aff30a584
#MRGB ff766094ff82548aff38a078ff26b088ff1cb899ff28af9aff8a489aff28af88ff14c19aff17bf9dff24b39dff4c8c9aff1cb997ff1bba9eff28af9eff35a19bff42949aff24b19cff32a29eff3c989dff3d969bff3a999aff369f9fff41949eff43919dff399a9cff33a09bff3c9a9fff42929eff3f959dff2ca89dff24b09cff458f9eff478d9cff3e969bff29ab9bff1bba9cff478d9bff3b999bff30a39bff22b29aff1cb99bff528399ff459099ff2ca99aff28ad9aff1fb89bff4a8c98ff389d9aff2da89aff26b09bff20b69cff498e99ff35a09aff2baa9aff1abc9dff1bba9cff42949aff35a09aff19bc9cff1ab99cff17be9dff5e7698ff25af9b
#MRGB ff24af9bff3e949aff17bd9dff4d8398ff419098ff765b97ff6f6699ff4e849aff7c5695ff973b96ff924697ff766498ff5e7b9aff993f98ff914997ff875197ff6e6898ff5f7899ff983f94ff894c95ff7a5d99ff84559aff61759bff8a4d97ff885299ff855698ff716997ff7e5b98ff805997ff796296ff716a97ff5e7a9aff607899ff6d6d96ff726896ff647598ff478e9aff53819aff726895ff687197ff4d889aff369f9cff3a9d9aff6c6a95ff4e869aff389b9cff27ad9dff22b49dff438f9aff359e9cff23b19dff17be9dff1bba9dff1bb99cff14c09dff12c29cff13c29cff14c29dff10c49dff10c49dff13c19dff15bf9dff18bd9cff10c59d
#MRGB ff10c49dff11c49dff10c49dff18bd9dff10c59dff10c59dff10c59dff10c59cff13c29cff10c59dff10c59dff10c59dff10c59dff12c39dff10c59dff10c59dff10c59dff10c59dff10c59dff10c59dff10c59dff10c59dff10c59dff10c59dff15c09dff14c29dff11c49dff15c19dff11c49dff2aad9cff29ae9cff24b39dff1eb69eff15c09dff49929bff48929cff3d999eff25b09fff17bd9eff726799ff62759dff40959fff27ae9eff16bf9eff7e579aff5c7a9dff41949dff35a19dff1bbb9dff785d97ff637199ff597a9bff379e9dff27af9dff6c6a96ff64709aff498c9bff34a29bff25af9bff50839aff35a19cff2bac9cff30a39aff33a09a
#MRGB ff22b39dff1fb89dff1aba9cff26ae9cff2ba99bff12c49dff14c19dff19bb9cff2ca99aff31a39bff10c59dff15c09dff28ae9bff379e9bff43929bff11c49dff1db89bff26ae9bff30a39aff3e959aff13c29cff16be9cff1db79bff21b39bff34a09aff10c49dff12c39dff13c29dff12c39dff1eb79cff10c59dff10c59dff10c59dff10c59dff10c59dff10c59dff10c59dff10c59dff10c59dff10c59dff10c59dff10c59dff10c59dff10c59dff10c59dff10c59dff10c59dff11c39dff14c29dff10c59dff13c29dff18be9cff1cbb9bff21b69bff17bf9dff1cba9cff20b69bff27b09aff2aad9aff23b39bff2caa9bff2bab9bff2caa9aff33a49a
#MRGB ff2daa9aff389e9aff32a39aff34a199ff31a49aff33a39aff3e969aff3c9899ff2aaa9aff21b49bff29ad9bff42919bff2aa99bff1fb69bff19bb9cff17be9cff27ae9cff26ae9bff1fb59bff10c59dff10c59dff2aaa99ff1eb79bff10c59dff10c59dff10c59dff12c39cff10c59dff10c59dff10c59dff10c59dff10c59dff10c59dff10c59dff10c59dff10c59dff10c59dff10c59dff10c59dff10c59dff10c59dff10c59dff10c59dff10c59dff10c59dff10c59dff10c59dff10c59dff10c59dff10c59dff10c59dff10c59dff10c59dff10c59dff10c59dff10c59dff10c59dff10c59dff10c59dff10c59dff10c59dff10c59dff10c59dff10c59d
#MRGB ff10c59dff10c59dff10c59dff10c59dff10c59dff10c59dff10c59dff10c59dff10c59dff10c59dff10c59dff10c59dff10c59dff10c59dff1eb69aff1cb89cff30a59eff42919bff3f959aff3e979aff2aab9bff16c19cff10c59dff10c59dff10c59dff10c59dff10c59dff10c59dff10c59dff10c59dff10c59dff15c19dff34a09cff657296ff845495ff904497ff8a4c95ff677498ff47929bff2caa9bff11c39dff10c59dff10c59dff10c59dff10c59dff10c59dff12c49dff389d9aff6b6b95ff726793ff5f7a96ff6b6c97ff825598ff983e92ff9a4098ff894997ff7e5197ff913e94ff7f5597ff518598ff5e7b97ff686f97ff5e779aff4d879c
#MRGB ff379d9eff32a29eff2baa99ff23b295ff27af89ff37a17aff3e9d75ff697c54ff95552bff9d522bff7d6c45ff8c5a3bff816541ff3d9e78ff32a57dff1aba92ff12c39aff16bf98ff15c098ff12c39bff10c59dff11c49cff12c39bff13c29aff13c29bff18bf97ff17bf98ff2baf88ff6a7855ff925536ff9e4b32ff9c4937ff974e39ff955137ff7e6248ff915253ff875960ff607c6cff3c9d8aff1fb89aff11c49dff10c59dff10c59dff10c59dff10c59dff10c59dff11c59dff11c49dff12c39dff18bd9cff1cb99dff17be9dff13c29dff11c49dff10c59dff10c59dff10c59dff10c59dff10c59dff10c59dff10c59dff10c59dff10c59dff10c59d
#MRGB ff10c59dff10c59dff10c59dff10c59dff10c59dff10c59dff10c59dff10c59dff10c59dff10c59dff10c59dff10c59dff10c59dff10c59dff10c59dff10c59dff10c59dff10c59dff10c59dff10c59dff10c59dff10c59dff10c59dff10c59dff11c59dff20b49bff2ea59bff21b49cff11c49dff10c59dff10c59dff10c59dff10c59dff10c59dff10c59dff10c59dff10c59dff10c59dff10c59dff10c59dff10c59dff10c59dff10c59dff10c59dff10c59dff10c59dff10c59dff10c59dff10c59dff17be97ff10c59dff10c59dff10c59dff10c59dff11c29dff1aa8a2ff1d9ba4ff1c9da4ff14b4a0ff10c39dff10c59dff10c59dff10c59dff10c59d
#MRGB ff10c59dff10c59dff10c59dff10c59dff10c59dff13c29bff28b08aff26b18cff29ac8eff499073ff3f9d77ff21b593ff12c09eff13bc9fff17b2a1ff1e9ca3ff2c76a7ff2d72a7ff2b7ca7ff355eaaff3a54aaff3070a7ff2299a3ff17b39fff13bf9dff12c29dff10c59dff10c59dff10c59dff10c59dff10c59dff11c29dff16b29eff1ca0a0ff1ca3a1ff209ea4ff10c59dff10c59dff10c59dff10c59dff10c59dff10c59dff10c59dff10c59dff10c59dff10c59dff10c59dff10c59dff10c59dff10c59dff10c59dff10c59dff10c59dff10c59dff10c59dff10c59dff11c49cff12c39dff16bf9cff1fb69bff17be9dff1fb69cff2caa9aff19bc9c
#MRGB ff22b49bff29ad9bff16bf9dff1db99bff21b59bff14c09cff17be9cff17bd9cff11c49dff11c39dff10c59dff10c59dff10c59dff10c59dff10c59dff10c59dff10c59dff10c59dff10c59dff10c59dff10c59dff10c59dff15c09cff16bf9cff25b19bff35a19aff35a39bff42969aff3f969aff498f9aff3e999bff42919bff3e989cff40959dff458f9bff34a09cff3f959bff34a09aff35a19bff34a29aff29aa9bff31a49aff31a49aff389e99ff22b39cff23b49bff18be9dff14c29cff12c49dff15c09dff10c59dff10c59dff10c59dff10c59dff10c59dff11c49dff10c59dff10c49dff14c09eff10c59dff11c49dff12c39dff10c59dff10c59d
#MRGB ff10c59dff12c39dff13c39cff11c49dff19bc9cff18be9cff14c19dff21b49cff1cb99cff17bf9cff26af9bff1eb79cff1bb99cff28ac9bff27ad9cff1fb69cff29ab9cff1eb79cff16c09dff1eb69dff1db99dff1cb99dff26b19cff1eb79cff18be9cff28ad9cff17bf9dff1bbb9cff15c09dff2aad9bff469099ff4d8b99ff607599ff61749aff6f689aff677199ff657398ff687198ff766095ff7e5798ff6f6397ff5e7599ff40959aff33a39aff29ae9bff35a19cff19bd9dff1eb99eff24b29dff13c29dff18bc9dff14c09dff11c49dff10c59dff12c29dff10c59dff12c39dff17bf9dff12c39dff14c19dff19bd9dff15c19dff18be9dff1bba9c
#MRGB ff13c19dff1db99cff1fb79bff15c19dff16bf9cff17be9cff14c29cff13c29cff13c39cff10c49cff11c49dff1bb99bff19bc9dff29aa9dff30a19bff30a39fff438f9cff448f99ff5c749cff666b99ff62729aff785797ff7d5499ff8a4c98ff894a9bffa82e96ffb12298ffbe1a95ffbd1690ffa4307fffbb1983ffa32c76ff3f9876ff4f877bff4b9070ff5e8161ff489475ff50906eff7c704cff6d7b59ff8f623fff935f3bff8b6541ff826c47ff65835dff618561ff4d976eff3fa277ff3ca47bff3ea479ff32ac83ff35aa80ff2cb087ff1eba92ff23b78eff16c199ff10c59dff10c59dff10c59dff10c59dff10c59dff10c59dff10c59dff10c59d
#MRGB ff10c59dff10c59dff10c59dff10c59dff10c59dff10c59dff10c59dff10c59dff10c59dff10c59dff10c59dff12c49bff13c29bff12c39bff16c199ff19be97ff1abb94ff20b691ff2ea883ff3a9e78ff449572ff59835fff637c55ff6a7754ff6b7852ff697952ff746e4eff8a5839ff934e31ff9a462dff9f4227ffa24224ffa54224ffa7411effa4431fffa9431dffa4461effa34521ffa44820ff9e4a27ff984e2fff905534ff885c3dff7f6645ff776c4aff6f7352ff637d5eff60815dff548b68ff449775ff469672ff37a27fff2daa88ff29ae89ff24b28dff2aad8dff1eb793ff1db893ff18bd98ff18bd96ff14c19aff10c59dff12c39cff10c59d
#MRGB ff10c59dff10c59dff10c59dff10c59dff10c59dff10c59dff10c59dff10c59dff10c59dff10c59dff10c59dff10c59dff10c59dff10c59dff10c59dff10c59dff10c59dff10c59dff10c59dff12c39dff10c59dff17bd9dff13c39dff1fb49bff2da59aff2ca79aff3f9499ff389d9cff548198ff488d9bff478f99ff5d799aff637197ff706597ff785d96ff795c97ff4f859aff775f97ff4e8799ff35a19bff518797ff3d9b9bff32a59dff45959bff31a79dff26b09dff32a69dff2daa9cff21b49bff26b19cff1bba9bff13c29cff15c19dff10c59dff10c59dff10c59dff10c59dff10c59dff10c59dff10c59dff10c59dff10c59dff10c59dff10c59d
#MRGB ff10c59dff10c59dff10c59dff10c59dff10c59dff10c59dff10c59dff10c59dff10c59dff10c59dff10c59dff10c59dff10c59dff10c59dff10c59dff10c59dff10c59dff10c59dff10c59dff10c59dff10c59dff10c59dff10c59dff10c59dff10c59dff10c59dff10c59dff10c59dff10c59dff10c59dff10c59dff10c59dff10c59dff10c59dff10c59dff10c59dff10c59dff10c59dff10c59dff10c59dff10c59dff10c59dff10c59dff10c59dff10c59dff10c59dff10c59dff10c59dff10c59dff10c59dff10c59dff10c59dff10c59dff10c59dff10c59dff10c59dff10c59dff10c59dff10c59dff10c59dff10c59dff10c59dff10c59dff10c59d
#MRGB ff10c59dff10c59dff10c59dff10c59dff10c59dff10c59dff10c59dff10c59dff10c59dff12c29dff15be9dff1aba9dff27ac9cff29a99cff30a29cff39989bff389b9bff339f9cff3f959bff498e9aff36a29aff3f9b99ff32a69aff26b39bff1db99cff12c49dff10c49dff10c59dff10c59dff10c59dff10c59dff10c59dff10c59dff10c59dff10c59dff10c59dff10c59dff10c59dff10c59dff10c59dff10c59dff10c59dff10c59dff10c59dff10c59dff10c59dff10c59dff10c59dff10c59dff10c59dff10c59dff10c59dff10c59dff10c59dff10c59dff10c59dff10c59dff10c59dff10c59dff10c59dff10c59dff10c59dff10c59dff10c59d
#MRGB ff10c59dff10c59dff10c59dff10c59dff10c59dff10c59dff10c59dff10c59dff10c59dff10c59dff10c59dff10c59dff10c59dff10c59dff10c59dff10c59dff10c59dff10c59dff10c59dff10c59dff10c59dff10c59dff10c59dff10c59dff10c59dff10c59dff10c59dff10c59dff10c59dff10c59dff10c59dff10c59dff10c59dff10c59dff10c59dff10c59dff10c59dff10c59dff10c59dff10c59dff10c59dff10c59dff10c59dff10c59dff10c59dff10c59dff10c59dff10c59dff11c39dff10c59dff10c49dff14bc9eff10c59dff10c49eff14ba9eff10c59dff10c49dff10c49dff10c59dff10c59dff10c59dff10c59dff10c59dff10c59d
#MRGB ff10c59dff10c59dff10c59dff10c59dff10c59dff10c59dff10c59dff10c59dff10c59dff10c59dff10c59dff10c59cff13c39aff19bc94ff22b48cff2fa781ff3b9b75ff42966fff3a9c75ff36a07aff4e8a64ff33a27cff26af88ff21b48cff12c49bff10c49dff10c49dff10c59dff10c59dff11c29dff11c39eff13bb9eff16b79eff14b59fff19b19fff2395a1ff21a1a2ff317aa9ff316eabff2c87a7ff258ea7ff248da6ff229aa3ff2492a5ff2c7da9ff2491a5ff2983a8ff2b7ba9ff2291a5ff297fa8ff297ea8ff1f98a3ff2290a5ff2394a4ff1ba7a0ff209da1ff2494a1ff2099a1ff2296a1ff278ba3ff2297a2ff2398a1ff2692a2ff1baba0
#MRGB ff1baba0ff1ea3a2ff17b49fff18b2a0ff1da6a1ff14b89fff17b2a0ff17b4a0ff13bc9eff13bd9fff12c19eff11c39dff10c59dff10c49dff10c59dff10c59dff10c59dff10c59dff10c59dff11c39dff10c59dff10c49dff11c49dff11c39dff11c39eff10c59dff11c39dff10c59dff10c59dff10c59dff10c59dff10c59dff10c59dff18b39fff15b99fff2697a3ff2792a6ff1aada2ff3372abff288aa8ff2884a8ff3d56aeff4047b2ff433ab3ff4d29b4ff4c26b5ff482eb3ff4e20b5ff4c27b4ff4439b3ff4d23b6ff482eb3ff4431b2ff482bb6ff462eb4ff462db5ff4532b5ff472cb3ff482bb2ff4535aeff472faeff3a53a7ff4044abff3c4fac
#MRGB ff2e76a6ff2f76a8ff2e7ba9ff3860acff219aa5ff2299a7ff209fa6ff17b3a1ff14bc9fff12c09eff10c59dff12c19eff10c59dff15b8a0ff10c59dff10c49dff12bf9dff14b79eff14b99eff1e9da0ff1da0a0ff1ba6a1ff2d79a5ff2885a3ff258da3ff3563aaff3660abff3166a8ff433ab3ff3d46aeff3f43b0ff482ab5ff492eb3ff4735b2ff4f25b4ff4d29b4ff433bb2ff4933b1ff423fafff4341b0ff4145acff404badff3760aeff366aa8ff278da6ff1f99a3ff17b79fff15b59fff17b1a0ff10c39dff13be9eff16b69fff11c29eff12bf9eff13bc9eff11c39eff10c59dff10c59dff10c59dff10c59dff10c59dff10c59dff10c59dff10c59d
#MRGB ff10c59dff10c59dff13c39bff11c59dff10c49dff14c29bff11c49eff10c59dff10c59dff11c49dff11c49dff10c59dff12c09eff12c09eff12bf9eff14bb9eff14b99fff14bb9eff19ada1ff19b0a1ff16b8a0ff1da6a2ff19b1a1ff14bd9fff1aaba1ff15b89fff13bd9fff17b39fff16b2a0ff17b0a1ff18aca0ff1ca4a2ff1ba8a0ff209da2ff1fa3a0ff19ad9fff20a1a0ff19af9dff17af9fff1da79fff19a9a0ff19a8a0ff1ca2a2ff1ca3a1ff1ca6a2ff18af9fff19afa1ff1ca7a2ff13be9eff12bf9eff11c09eff10c59dff11c39dff11c19eff10c59dff10c59dff10c59dff10c59dff10c59dff10c59dff15c098ff10c59dff10c59dff13c29a
#MRGB ff10c59dff10c59dff17bf97ff10c59dff11c49cff12c39aff12c39bff10c59dff10c49dff10c59dff10c59dff10c59dff10c59dff10c59dff10c59dff10c59dff10c59dff10c59dff10c59dff10c59dff10c59dff10c59dff10c59dff10c59dff10c59dff10c59dff10c59dff10c59dff10c59dff10c59dff10c59dff10c59dff10c59dff10c59dff10c59dff10c59dff10c59dff10c59dff10c59dff10c59dff10c59dff10c59dff10c59dff10c59dff10c59dff10c59dff10c59dff10c59dff10c59dff10c59dff10c59dff10c59dff10c59dff10c59dff10c59dff10c59dff10c59dff10c59dff10c59dff10c59dff10c59dff10c59dff10c59dff10c59d
#MRGB ff10c59dff10c59dff10c59dff12c29aff10c49cff12c39aff15c097ff10c59cff10c49cff10c59dff10c59dff10c59dff10c59dff10c59dff10c59dff10c59dff10c59dff10c59dff10c59dff10c59dff10c59dff10c59dff10c59dff10c59dff10c59dff10c59dff10c59dff10c59dff10c59dff10c59dff10c59dff10c59dff10c59dff10c59dff10c59dff10c59dff10c59dff10c59dff10c59dff10c59dff10c59dff10c59dff10c59dff10c59dff10c59dff10c59dff10c59dff10c59dff10c59dff10c59dff10c59dff10c59dff10c59dff10c59dff10c59dff10c49cff12c39cff10c59dff16bf9cff10c59dff10c59dff11c39cff10c59dff10c59d
#MRGB ff14bf9cff10c49cff10c49cff14c09cff11c39cff10c49dff10c49cff10c49dff10c49dff10c49dff10c49dff10c59dff10c59dff10c59dff10c59dff10c59dff10c59dff10c59dff10c59dff10c59dff10c59dff10c59dff10c59dff10c59dff10c59dff10c59dff10c59dff10c59dff10c59dff10c59dff10c59dff10c59dff10c59dff10c59dff10c59dff10c59dff10c59dff10c59dff10c59dff10c59dff10c59dff10c59dff10c59dff10c59dff10c59dff10c59dff10c59dff10c59dff10c59dff10c59dff10c59dff10c59dff10c59dff10c59dff10c59dff10c59dff10c59dff10c59dff10c59dff10c59dff10c59dff10c59dff10c59dff10c59d
#MRGB ff10c59dff10c59dff10c59dff10c59dff10c59dff10c59dff10c59dff10c59dff10c59dff10c59dff10c59dff10c59dff10c59dff10c59dff10c59dff10c59dff10c59dff10c59dff10c59dff10c59dff10c59dff10c59dff10c59dff10c59dff10c59dff10c59dff10c59dff10c59dff10c59dff12c29cff17be9dff19bc9cff29ae9dff35a39dff32a69cff47939bff3a9f9bff34a29bff459399ff429199ff418f9bff617497ff5b7498ff4c839bff666c98ff5b799bff4b8899ff686d9bff5e7798ff775c93ff6f6699ff8a4996ff934286ff706399ff864f89ff9e3b7aff6e6793ff8b4a8bff8a4e7cff607596ff5d798eff4a8f81ff27ae99ff1db897
#MRGB ff24b18dff10c49cff16be97ff36a280ff10c49cff1fb891ff2bad88ff14c199ff1fb992ff25b28dff15c098ff19bd96ff17bf97ff14c199ff11c39cff10c49cff11c49cff10c49cff10c59dff13c19aff10c49cff10c59dff12c29bff10c49cff10c59dff14c099ff14c199ff12c29aff23b48dff30a983ff2bac85ff4b926cff667c56ff637d56ff7a6b45ff8b5e37ff93562eff935830ffa24a21ffa5451dffa7471dffac4219ffa94620ffae441affad421cffa54627ffab4321ffa54428ff9e4733ffa0442dff974a38ff905140ff885745ff825e47ff7d6547ff6e7255ff6f7354ff667754ff657b5bff4b916dff459670ff35a47eff2fab82ff439972
#MRGB ff1eb891ff25b38aff26b188ff1abb93ff1fb78eff22b38cff16be97ff1bb992ff23b18cff15bf97ff18bc95ff2aab87ff13c29aff1eb892ff2bab87ff15c099ff18bd96ff20b690ff15c099ff19bc96ff19bc96ff12c29bff15c099ff14c199ff10c49cff11c39bff11c39bff10c49cff10c49cff13c29aff10c49cff1cbb93ff2eae87ff34a783ff439d77ff3ba47dff5e8764ff4c9670ff2dae87ff50916eff36a580ff29ae8dff39a17fff37a384ff66738aff3e9b85ff864f8cffbd1695ffab2a90ffc21398ffbc1b97ffb72297ffb22896ffb91e97ffb02a96ffb51d96ffb11b94ff9d3096ffa22b95ff8a4e9aff844b9cff74649dff3d9b9eff54819f
#MRGB ff27af9eff10c59dff19bb9dff10c59dff10c59dff10c59dff10c59dff10c59dff10c59dff10c59dff10c59dff10c59dff10c59dff10c59dff10c59dff10c59dff10c59dff10c59dff10c59dff10c59dff10c59dff10c59dff10c59dff10c59dff10c59dff10c59dff10c59dff10c59dff10c59dff10c59dff10c59dff10c59dff10c59dff10c59dff10c59dff11c39dff12c29dff11c39dff1eb49dff1ab99dff17bd9cff33a19aff28ac9bff30a59bff578198ff4a8b98ff547e98ff6f6894ff7c5994ff7a5d93ff5d7896ff637196ff657298ff53829bff5f789bff5e7c9aff51869bff42959bff3a9d9bff30a69cff2fa79cff2ea69cff2ea69dff399b9c
#MRGB ff3f949bff3b979bff42919bff3d959bff3b989aff3a999aff30a39bff369f9aff34a19aff2da89aff2ea79bff2aac9bff1eb79bff1fb59cff16be9cff11c39cff12c39cff10c49cff10c59dff10c59dff10c59dff10c59dff10c59dff10c59dff10c59dff10c59dff10c59dff10c59dff10c59dff10c59dff10c59dff10c59dff10c59dff10c59dff10c49dff10c59dff10c49cff12c29cff10c49cff11c39cff12c29cff1bb99cff29aa9bff2ea59bff42919bff2ca79dff547f9aff399a9cff23b39cff498b9aff34a39aff1bb99cff3b9b9aff1db79bff12c29cff1ab99cff10c49cff10c59dff11c39cff10c49cff10c59dff10c59dff10c59dff10c59d
#MRGB ff10c59dff10c59dff10c59dff10c59dff10c59dff10c59dff10c59dff10c59dff10c59dff10c59dff10c59dff10c59dff10c59dff10c59dff10c59dff10c59dff10c59dff10c59dff10c59dff10c59dff10c59dff10c59dff10c59dff10c59dff10c59dff10c59dff10c59dff10c59dff10c59dff10c59dff10c59dff10c59dff10c59dff10c59dff10c59dff10c59dff10c59dff10c59dff10c59dff10c59dff10c59dff10c59dff10c59dff10c59dff11c39cff10c49dff13c19cff10c49cff11c39cff10c59dff11c39cff10c59dff10c49cff10c59dff10c59dff10c59dff10c59dff10c59dff10c59dff10c59dff10c59dff10c49dff12c29dff16bd9d
#MRGB ff1eb79cff30a59bff4c8b9aff508599ff4c889aff52819aff43929cff3f959bff26ae9cff19bb9cff29ac9aff1cb99bff22b29bff13c19cff11c39cff10c59dff10c59dff10c59dff10c59dff10c59dff10c59dff10c59dff10c59dff10c59dff10c59dff10c49cff10c49cff15bf9cff18bd9cff23b29cff23b19cff2ea79bff2baa9bff32a39aff2ca89aff349f9aff2da69bff2fa49cff25ad9cff25af9cff25af9cff35a19bff399d9bff51849bff34a09cff31a29bff27ae9aff627496ff667197ff647497ff667398ff568197ff637296ff3d949aff42919aff1cb79cff17be9cff10c59dff10c49dff10c59dff12c39dff10c59dff10c59dff10c59d
#MRGB ff10c59dff10c59dff11c49cff10c59dff12c39cff10c59dff12c29cff10c49cff12c29cff10c59dff10c49cff10c59dff10c59dff12c29dff25ae9eff30a39eff5180a0ff676aa0ff705f9bff8d3f98ff854c96ff9d3796ffa4319affbb1e97ffc31395ffbd1790ffae267cff68727fff30a883ff3d9e7dff4e9071ff4f9170ff79724fff6e7b59ff777450ff499674ff3f9f7aff22b68fff2daf86ff15c198ff1bbc93ff14c299ff17bf97ff10c59dff10c59dff10c49cff10c59dff11c49cff10c59dff10c49cff10c49cff10c49cff10c49cff11c39bff10c49cff12c29aff13c29aff14c19aff18bd97ff25b28cff2fa783ff49926fff5d8160ff697859
#MRGB ff6a7756ff746b51ff8b553cff954b35ff9f452bffa54427ffaa431fffae421bffac441affaa4319ff9d4d26ff95562eff806441ff7f6742ff6e7550ff657c57ff558a64ff3b9f7aff35a47fff25b28bff21b48fff17bd96ff1bba94ff17be97ff16be97ff11c39bff11c39bff11c39bff10c49cff13c29aff11c49cff13c29aff10c49cff10c49cff10c59dff10c59dff10c59dff15c09cff17be9bff2fa799ff21b49aff4e8798ff26ae9bff4b8a9aff4e869aff6a6a9aff607599ff666f99ff726399ff716399ff7a5a96ff716496ff6b6c96ff5a7e96ff508998ff4e8c99ff45959cff3c9d9dff2ea99dff1eb79cff18bc9cff11c39cff10c49cff10c59d
#MRGB ff10c59dff10c59dff10c59dff10c59dff10c59dff10c59dff10c59dff10c59dff10c59dff10c59dff10c59dff10c59dff10c59dff10c59dff10c59dff10c59dff10c59dff10c59dff10c59dff10c59dff10c59dff10c59dff10c59dff10c59dff10c59dff10c59dff10c59dff10c59dff10c59dff10c59dff10c59dff10c59dff10c59dff10c59dff10c59dff10c59dff10c59dff10c59dff10c59dff10c59dff10c59dff10c59dff10c59dff10c59dff10c59dff10c59dff10c59dff10c59dff10c59dff10c59dff10c59dff10c59dff10c59dff10c49dff13c19cff13c19cff20b29cff1db69cff2ba79cff18bb9cff2ba99bff1bbb9bff27b29aff1fb89b
#MRGB ff17bf9cff10c59dff10c59dff10c59dff10c59dff10c59dff10c59dff10c59dff10c59dff10c59dff10c59dff10c59dff10c59dff10c59dff10c59dff10c59dff10c59dff10c59dff10c59dff10c59dff10c59dff10c59dff10c59dff10c59dff10c59dff10c59dff10c59dff10c59dff10c59dff10c59dff10c59dff10c59dff10c59dff10c59dff10c59dff10c59dff10c59dff10c59dff10c59dff10c59dff10c59dff10c59dff10c59dff10c59dff10c59dff10c59dff10c59dff10c59dff10c59dff10c59dff10c59dff10c59dff10c59dff10c59dff10c59dff10c59dff10c59dff10c59dff10c59dff10c59dff10c59dff10c59dff10c59dff10c59d
#MRGB ff10c59dff10c59dff10c59dff10c59dff10c59dff10c59dff10c59dff10c59dff10c59dff10c59dff10c59dff16c097ff11c39bff12c39aff18bc94ff13c199ff2fa67fff23b18aff1fb58eff14c098ff16bd96ff10c59dff10c59dff10c59dff10c59dff10c59dff11be9dff15b49fff14b59eff1ba6a1ff239aa4ff209fa2ff229ba2ff1fa19fff2397a3ff2199a2ff2099a3ff1ca1a2ff1ba1a2ff16b29fff18ad9fff17b09eff1ba79fff1e9ea2ff2098a2ff1ea0a2ff1da3a1ff15b79fff17b39fff13bc9eff13ba9eff12bd9eff13bb9eff10c29dff10c19dff10c49dff10c49dff10c49dff10c59dff10c59dff10c59dff10c59dff11c29dff10c39d
#MRGB ff11c19dff10c29dff10c49dff10c59dff10c49dff11c29dff15ba9eff2693a3ff3278a8ff3c5baaff3a5dabff4540aeff4b35b1ff4f28b3ff5022b4ff4f20b6ff4e20b6ff4927b6ff482db6ff423db3ff4533b5ff3c4eafff3f44afff2d76a4ff2689a2ff1aa8a1ff10c59dff10c59dff10c59dff10c59dff10c59dff10c59dff10c59dff10c59dff10c59dff10c59dff10c59dff10c59dff10c59dff10c59dff10c59dff10c59dff10c59dff10c59dff10c59dff10c59dff10c59dff10c59dff10c59dff10c59dff10c59dff10c59dff10c59dff10c59dff10c59dff10c59dff10c59dff10c59dff10c59dff10c59dff10c59dff10c59dff10c59dff10c59d
#MRGB ff10c59dff10c59dff10c59dff10c59dff10c59dff10c59dff10c59dff10c59dff10c59dff10c59dff10c59dff10c59dff10c59dff10c59dff10c59dff10c59dff10c59dff10c59dff10c59dff10c59dff10c59dff10c59dff10c59dff10c59dff10c59dff10c59dff10c59dff10c59dff10c59dff10c59dff10c59dff10c59dff10c59dff10c59dff10c59dff10c59dff10c59dff10c59dff10c59dff10c59dff10c59dff10c59dff10c59dff10c59dff10c59dff10c59dff10c59dff10c59dff10c59dff10c59dff10c59dff10c59dff10c59dff10c59dff10c59dff10c59dff10c59dff10c59dff10c59dff10c59dff10c59dff10c59dff10c59dff10c59d
#MRGB ff10c59dff10c59dff10c59dff10c59dff10c59dff10c59dff10c59dff10c59dff10c59dff10c59dff10c59dff10c59dff10c59dff10c59dff10c59dff10c59dff10c59dff10c59dff10c59dff10c59dff10c59dff10c59dff10c59dff10c59dff10c59dff10c59dff10c59dff10c59dff10c59dff10c59dff10c59dff10c59dff10c59dff10c59dff10c59dff10c59dff10c59dff10c59dff10c59dff10c59dff10c59dff10c59dff238ea7ff2592a4ff2594a5ff219da4ff209ca2ff1f9da2ff209da2ff209da2ff229ca2ff2497a3ff2694a4ff229da2ff2781aaff248fa7ff2098a5ff248ca6ff2781a8ff2099a4ff2491a7ff2397a6ff219ba5ff258ca8
#MRGB ff2298a3ff2497a3ff2691a4ff2691a4ff2299a2ff288ea5ff1ea0a3ff1ea1a3ff1fa0a3ff1e9fa3ff2692a5ff2594a5ff2496a5ff2593a5ff2790a5ff2397a5ff209ea4ff219da4ff219ca4ff209ea3ff1f9fa3ff219ca4ff229aa4ff2299a4ff229ba3ff209ea3ff1f9ea3ff1e9fa2ff1e9ba2ff1f99a2ff1e9ea3ff1d9ea2ff1f9ca1ff1f9ba1ff1f9ba1ff1ca2a2ff1da0a3ff1f9ea5ff1ea1a4ff1fa0a4ff209ba5ff1fa0a4ff209fa4ff209ea5ff209da4ff229ba4ff229ba5ff2399a5ff2497a4ff2692a5ff2496a4ff2691a5ff2496a4ff209da2ff1e9fa2ff1d9fa2ff1f9ea2ff1da0a2ff1e9da2ff1e9ca2ff2390a4ff2094a3ff2587a4ff2295a1
#MRGB ff258fa3ff258aa5ff268aa5ff209aa2ff2390a4ff2685a7ff2395a3ff2295a4ff258aa8ff287faaff258aa8ff209ba5ff219ca5ff2397a5ff2396a5ff2594a5ff209fa3ff2595a5ff1fa2a2ff2596a4ff278fa5ff2595a4ff288ea5ff288ea5ff278fa5ff288fa4ff2593a4ff229ba2ff219ca2ff229ca2ff219da2ff2197a2ff2399a3ff2298a3ff2292a2ff2396a3ff229ba2ff1fa1a1ff20a0a2ff1fa0a2ff2295a5ff10c59dff10c59dff10c59dff10c59dff10c59dff10c59dff10c59dff10c59dff10c59dff10c59dff10c59dff10c59dff10c59dff10c59dff10c59dff10c59dff10c59dff10c59dff10c59dff10c59dff10c59dff10c59dff10c59d
#MRGB ff10c59dff10c59dff10c59dff10c59dff10c59dff10c59dff10c59dff10c59dff10c59dff10c59dff10c59dff10c59dff10c59dff10c59dff10c59dff10c59dff10c59dff10c59dff10c59dff10c59dff10c59dff10c59dff10c59dff10c59dff10c59dff10c59dff10c59dff10c59dff10c59dff10c59dff10c59dff10c59dff10c59dff10c59dff10c59dff10c59dff10c59dff10c59dff10c59dff10c59dff10c59dff10c59dff10c59dff10c59dff10c59dff10c59dff10c59dff10c59dff10c59dff10c59dff10c59dff10c59dff10c59dff10c59dff10c59dff10c59dff10c59dff10c59dff10c59dff10c59dff10c59dff10c59dff10c59dff10c59d
#MRGB ff10c59dff10c59dff10c59dff10c59dff10c59dff10c59dff10c59dff10c59dff10c59dff10c59dff10c59dff10c59dff10c59dff10c59dff10c59dff10c59dff10c59dff10c59dff10c59dff10c59dff10c59dff10c59dff10c59dff10c59dff10c59dff10c59dff10c59dff10c59dff10c59dff10c59dff10c59dff10c59dff10c59dff10c59dff10c59dff10c59dff10c59dff10c59dff10c59dff10c59dff10c59dff10c59dff10c59dff10c59dff10c59dff10c59dff10c59dff10c59dff10c59dff10c59dff10c59dff10c59dff10c59dff10c59dff10c59dff4c926aff2eaa83ff31a780ff4e8d6aff647b58ff6c7652ff4f8f68ff38a17aff5a8560
#MRGB ff71734fff5a8660ff46966fff419b73ff449771ff30a881ff2fa981ff31a780ff30a781ff37a07cff35a27cff33a57eff32a77fff3a9d78ff449671ff3c9c78ff409974ff538966ff657a58ff5f7e5dff588562ff687855ff73704fff5c825eff637e59ff796c49ff72724eff62805aff5e835dff4a936cff419b74ff39a179ff3d9d77ff36a37cff36a47cff3aa079ff35a37cff47956fff419873ff3d9c77ff4c8f6bff469470ff558964ff796d49ff766e4cff7f6745ff687757ff756c4dff4e8c6bff4e8c6aff5d815eff10c59dff10c59dff10c59dff10c59dff10c59dff10c59dff10c59dff10c59dff10c59dff10c59dff10c59dff10c59dff10c59d
#MRGB ff10c59dff10c59dff10c59dff10c59dff10c59dff10c59dff10c59dff10c59dff10c59dff10c59dff10c59dff10c59dff10c59dff10c59dff10c59dff10c59dff10c59dff10c59dff10c59dff10c59dff10c59dff10c59dff10c59dff10c59dff10c59dff10c59dff10c59dff10c59dff10c59dff10c59dff10c59dff10c59dff10c59dff10c59dff10c59dff10c59dff10c59dff10c59dff10c59dff10c59dff10c59dff10c59dff10c59dff10c59dff10c59dff10c59dff10c59dff15c09dff10c59dff1abb9dff16bf9dff10c49dff10c59dff10c59dff10c49dff10c59dff10c59dff11c39cff10c49cff10c59dff10c59dff10c59dff10c59dff10c59d
#MRGB ff10c59dff10c59dff15c09dff17be9dff17be9dff11c49dff11c39cff10c59dff10c59dff10c49dff11c39dff10c49cff1abb9dff19bc9dff1abb9dff18bc9dff15bf9dff19bb9dff13c19dff13c19dff17be9dff18bd9dff16bf9dff13c29dff10c59dff11c39dff11c39dff10c49dff10c59dff10c59dff10c59dff10c59dff10c59dff10c59dff10c59dff10c49dff10c49dff13c29dff13c29dff16bf9dff15c09dff14c19dff12c29dff12c29dff11c39dff16bf9dff14c19dff12c29cff16bf9dff14c19cff12c29cff10c49cff10c49cff10c59dff10c59dff10c59dff10c59dff10c59dff10c59dff10c59dff10c59dff10c59dff10c59dff10c59d
#MRGB ff10c59dff10c59dff10c59dff10c49dff10c49dff12c29dff10c49dff11c39dff15bf9dff16be9dff19bc9dff19bc9dff18bd9dff19bd9dff17be9dff17be9dff18bd9dff18bd9dff12c29dff10c49dff10c59dff10c59dff10c59dff10c59dff10c59dff10c59dff10c59dff10c59dff10c59dff10c59dff10c59dff10c59dff10c59dff10c59dff10c49dff13c19dff12c29cff10c59dff10c59dff10c59dff10c59dff10c59dff10c59dff10c59dff10c59dff10c59dff10c59dff10c59dff10c59dff10c59dff10c59dff10c59dff10c59dff10c59dff10c59dff10c59dff10c59dff10c59dff10c59dff10c59dff10c59dff10c59dff10c59dff10c59d
#MRGB ff10c59dff10c59dff10c59dff10c59dff10c59dff10c59dff10c59dff10c59dff10c59dff10c59dff10c59dff10c59dff10c59dff10c59dff10c59dff10c59dff10c59dff10c59dff10c59dff10c59dff10c59dff10c59dff10c59dff10c59dff10c59dff10c59dff10c59dff10c59dff10c59dff10c59dff10c59dff10c59dff10c59dff10c59dff10c59dff10c59dff10c59dff10c59dff10c59dff10c59dff10c59dff10c59dff10c59dff10c59dff10c59dff10c59dff10c59dff10c59dff10c59dff10c59dff10c59dff10c59dff10c59dff10c59dff10c59dff10c59dff10c59dff10c59dff10c59dff10c59dff10c59dff10c59dff10c59dff10c59d
#MRGB ff10c59dff10c59dff10c59dff10c59dff10c59dff10c59dff10c59dff10c59dff10c59dff10c59dff10c59dff10c59dff10c59dff10c59dff10c59dff10c59dff10c59dff10c59dff10c59dff10c59dff10c59dff10c59dff10c59dff10c59dff10c59dff10c59dff10c59dff10c59dff10c59dff10c59dff10c59dff10c59dff10c59dff10c59dff10c59dff10c59dff10c59dff10c59dff10c59dff10c59dff10c59dff10c59dff10c59dff10c59dff10c59dff10c59dff10c59dff10c59dff10c59dff10c59dff10c59dff10c59dff10c59dff10c59dff10c59dff10c59dff10c59dff10c59dff10c59dff10c59dff10c59dff10c59dff10c59dff10c59d
#MRGB ff10c59dff10c59dff10c59dff10c59dff10c59dff10c59dff10c59dff10c59dff10c59dff10c59dff10c59dff10c59dff10c59dff10c59dff10c59dff10c59dff10c59dff10c59dff10c59dff10c59dff10c59dff10c59dff10c59dff10c59dff10c59dff10c59dff10c59dff10c59dff10c59dff10c59dff10c59dff10c59dff10c59dff10c59dff10c59dff10c59dff10c59dff10c59dff10c59dff10c59dff10c59dff10c59dff10c59dff10c59dff10c59dff10c59dff10c59dff10c59dff10c59dff10c59dff10c59dff10c59dff10c59dff10c59dff10c59dff10c59dff10c59dff10c59dff10c59dff10c59dff10c59dff10c59dff10c59dff10c59d
#MRGB ff10c59dff10c59dff10c59dff10c59dff10c59dff10c59dff10c59dff10c59dff10c59dff10c59dff10c59dff10c59dff10c59dff10c59dff10c59dff10c59dff10c59dff10c59dff10c59dff10c59dff10c59dff10c59dff10c59dff10c59dff10c59dff10c59dff10c59dff10c59dff10c59dff10c59dff10c59dff10c59dff10c59dff10c59dff10c59dff10c59dff10c59dff10c59dff10c59dff10c59dff10c59dff10c59dff10c59dff10c59dff10c59dff10c59dff10c59dff10c59dff10c59dff10c59dff10c59dff10c59dff10c59dff10c59dff10c59dff10c59dff10c59dff10c59dff10c59dff10c59dff10c59dff10c59dff10c59dff10c59d
#MRGB ff10c59dff10c59dff10c59dff10c59dff10c59dff10c59dff10c59dff10c59dff10c59dff10c59dff10c59dff10c59dff10c59dff10c59dff10c59dff10c59dff10c59dff10c59dff10c59dff10c59dff10c59dff10c59dff10c59dff10c59dff10c59dff10c59dff10c59dff10c59dff10c59dff10c59dff10c59dff10c59dff10c59dff10c59dff10c59dff10c59dff10c59dff10c59dff10c59dff10c59dff10c59dff10c59dff10c59dff10c59dff10c59dff10c59dff10c59dff10c59dff10c59dff10c59dff10c59dff10c59dff10c59dff10c59dff10c59dff10c59dff10c59dff10c59dff10c59dff10c59dff10c59dff10c59dff10c59dff10c59d
#MRGB ff10c59dff10c59dff10c59dff10c59dff10c59dff10c59dff10c59dff10c59dff10c59dff10c59dff10c59dff10c59dff10c59dff10c59dff10c59dff10c59dff10c59dff10c59dff10c59dff10c59dff10c59dff10c59dff10c59dff10c59dff10c59dff10c59dff10c59dff10c59dff10c59dff10c59d
# End of MRGB block 
f 5 6 7 8
f 1 9 10 11
f 1 11 12 13
f 1 13 14 9
f 15 16 17 18
f 2 19 20 21
f 2 22 23 19
f 2 21 24 22
f 25 26 27 28
f 3 29 30 31
f 3 32 33 29
f 3 31 34 32
f 4 35 36 37
f 4 37 38 39
f 4 39 40 35
f 41 42 43 44
f 44 45 46 41
f 44 43 47 48
f 44 48 49 45
f 49 50 51 45
f 49 48 52 53
f 49 53 54 50
f 54 55 56 50
f 54 53 57 58
f 54 58 59 55
f 59 60 61 55
f 59 58 62 63
f 59 63 64 60
f 64 65 66 60
f 64 63 67 68
f 64 68 69 65
f 69 70 71 65
f 69 68 72 73
f 69 73 74 70
f 74 75 76 70
f 74 73 77 78
f 74 78 79 75
f 79 80 81 75
f 79 78 82 83
f 79 83 84 80
f 84 85 86 80
f 84 83 87 88
f 84 88 89 85
f 89 90 91 85
f 89 88 92 93
f 89 93 94 90
f 94 95 96 90
f 94 93 97 98
f 94 98 99 95
f 99 100 101 95
f 99 98 102 103
f 99 103 104 100
f 104 105 106 100
f 104 103 107 108
f 104 108 109 105
f 109 110 111 105
f 109 108 112 113
f 109 113 114 110
f 114 115 116 110
f 114 113 117 118
f 114 118 119 115
f 119 120 121 115
f 119 118 122 123
f 119 123 124 120
f 124 125 126 120
f 124 123 127 128
f 124 128 129 125
f 129 130 131 125
f 129 128 132 133
f 129 133 134 130
f 134 135 136 130
f 134 133 137 138
f 134 138 139 135
f 139 140 141 135
f 139 138 142 143
f 139 143 144 140
f 144 145 146 140
f 144 143 147 148
f 144 148 149 145
f 149 150 151 145
f 149 148 152 153
f 149 153 154 150
f 154 155 156 150
f 154 153 157 158
f 154 158 159 155
f 159 160 161 155
f 159 158 162 163
f 159 163 164 160
f 164 165 166 160
f 164 163 167 168
f 164 168 169 165
f 169 170 171 165
f 169 168 172 173
f 169 173 174 170
f 174 175 176 170
f 174 173 177 178
f 174 178 179 175
f 179 180 181 175
f 179 178 182 183
f 179 183 184 180
f 184 185 186 180
f 184 183 187 188
f 184 188 189 185
f 189 190 191 185
f 189 188 192 193
f 189 193 194 190
f 194 195 196 190
f 194 193 197 198
f 194 198 199 195
f 199 200 201 195
f 199 198 202 203
f 199 203 204 200
f 204 205 206 200
f 204 203 207 208
f 204 208 209 205
f 209 210 211 205
f 209 208 212 213
f 209 213 214 210
f 214 215 216 210
f 214 213 217 218
f 214 218 219 215
f 219 220 221 215
f 219 218 222 223
f 219 223 224 220
f 224 225 226 220
f 224 223 227 228
f 224 228 229 225
f 229 230 231 225
f 229 228 232 233
f 229 233 234 230
f 234 235 236 230
f 234 233 237 238
f 234 238 239 235
f 239 240 241 235
f 239 238 242 243
f 239 243 244 240
f 244 245 246 240
f 244 243 247 248
f 244 248 249 245
f 249 250 251 245
f 249 248 252 253
f 249 253 254 250
f 254 255 256 250
f 254 253 257 258
f 254 258 259 255
f 259 260 261 255
f 259 258 262 263
f 259 263 264 260
f 264 265 266 260
f 264 263 267 268
f 264 268 269 265
f 269 270 271 265
f 269 268 272 273
f 269 273 274 270
f 274 275 276 270
f 274 273 277 278
f 274 278 279 275
f 279 280 281 275
f 279 278 282 283
f 279 283 284 280
f 284 285 286 280
f 284 283 287 288
f 284 288 289 285
f 289 290 291 285
f 289 288 292 293
f 289 293 294 290
f 294 295 296 290
f 294 293 297 298
f 294 298 299 295
f 299 300 301 295
f 299 298 302 303
f 299 303 304 300
f 304 305 306 300
f 304 303 307 308
f 304 308 309 305
f 309 310 311 305
f 309 308 312 313
f 309 313 314 310
f 314 315 316 310
f 314 313 317 318
f 314 318 319 315
f 319 320 321 315
f 319 318 322 323
f 319 323 324 320
f 324 325 326 320
f 324 323 327 328
f 324 328 329 325
f 329 330 331 325
f 329 328 332 333
f 329 333 334 330
f 334 335 336 330
f 334 333 337 338
f 334 338 339 335
f 339 340 341 335
f 339 338 342 343
f 339 343 344 340
f 344 345 346 340
f 344 343 347 348
f 344 348 349 345
f 349 350 351 345
f 349 348 352 353
f 349 353 354 350
f 354 355 356 350
f 354 353 357 358
f 354 358 359 355
f 359 360 361 355
f 359 358 362 363
f 359 363 364 360
f 364 365 366 360
f 364 363 367 368
f 364 368 369 365
f 369 370 371 365
f 369 368 372 373
f 369 373 374 370
f 374 375 376 370
f 374 373 377 378
f 374 378 379 375
f 379 380 381 375
f 379 378 382 383
f 379 383 384 380
f 384 385 386 380
f 384 383 387 388
f 384 388 389 385
f 389 390 391 385
f 389 388 392 393
f 389 393 394 390
f 394 395 396 390
f 394 393 397 398
f 394 398 399 395
f 399 400 401 395
f 399 398 402 403
f 399 403 404 400
f 404 405 406 400
f 404 403 407 408
f 404 408 409 405
f 409 410 411 405
f 409 408 412 413
f 409 413 414 410
f 414 415 416 410
f 414 413 417 418
f 414 418 419 415
f 419 420 421 415
f 419 418 422 423
f 419 423 424 420
f 424 425 426 420
f 424 423 427 428
f 424 428 429 425
f 429 430 431 425
f 429 428 432 433
f 429 433 434 430
f 434 435 436 430
f 434 433 437 438
f 434 438 439 435
f 439 440 441 435
f 439 438 442 443
f 439 443 444 440
f 444 445 446 440
f 444 443 447 448
f 444 448 449 445
f 449 450 451 445
f 449 448 452 453
f 449 453 454 450
f 454 455 456 450
f 454 453 457 458
f 454 458 459 455
f 459 460 461 455
f 459 458 462 463
f 459 463 464 460
f 464 465 466 460
f 464 463 467 468
f 464 468 469 465
f 469 470 471 465
f 469 468 472 473
f 469 473 474 470
f 474 475 476 470
f 474 473 477 478
f 474 478 479 475
f 479 480 481 475
f 479 478 482 483
f 479 483 484 480
f 484 485 486 480
f 484 483 487 488
f 484 488 489 485
f 489 490 491 485
f 489 488 492 493
f 489 493 494 490
f 494 495 496 490
f 494 493 497 498
f 494 498 499 495
f 499 500 501 495
f 499 498 502 503
f 499 503 504 500
f 504 505 506 500
f 504 503 507 508
f 504 508 509 505
f 509 510 511 505
f 509 508 512 513
f 509 513 514 510
f 514 515 516 510
f 514 513 517 518
f 514 518 519 515
f 519 520 521 515
f 519 518 522 523
f 519 523 524 520
f 524 525 526 520
f 524 523 527 528
f 524 528 529 525
f 529 530 531 525
f 529 528 532 533
f 529 533 534 530
f 534 535 536 530
f 534 533 537 538
f 534 538 539 535
f 539 540 541 535
f 539 538 542 543
f 539 543 544 540
f 544 545 546 540
f 544 543 547 548
f 544 548 549 545
f 549 550 551 545
f 549 548 552 553
f 549 553 554 550
f 554 555 556 550
f 554 553 557 558
f 554 558 559 555
f 559 560 561 555
f 559 558 562 563
f 559 563 564 560
f 564 565 566 560
f 564 563 567 568
f 564 568 569 565
f 569 570 571 565
f 569 568 572 573
f 569 573 574 570
f 574 575 576 570
f 574 573 577 578
f 574 578 579 575
f 579 580 581 575
f 579 578 582 583
f 579 583 584 580
f 584 585 586 580
f 584 583 587 588
f 584 588 589 585
f 589 590 591 585
f 589 588 592 593
f 589 593 594 590
f 594 595 596 590
f 594 593 597 598
f 594 598 599 595
f 599 600 601 595
f 599 598 602 603
f 599 603 604 600
f 604 605 606 600
f 604 603 607 608
f 604 608 609 605
f 609 610 611 605
f 609 608 612 613
f 609 613 614 610
f 614 615 616 610
f 614 613 617 618
f 614 618 619 615
f 619 620 621 615
f 619 618 622 623
f 619 623 624 620
f 624 625 626 620
f 624 623 627 628
f 624 628 629 625
f 629 630 631 625
f 629 628 632 633
f 629 633 634 630
f 634 635 636 630
f 634 633 637 638
f 634 638 639 635
f 639 640 641 635
f 639 638 642 643
f 639 643 644 640
f 644 645 646 640
f 644 643 647 648
f 644 648 649 645
f 649 650 651 645
f 649 648 652 653
f 649 653 654 650
f 654 655 656 650
f 654 653 657 658
f 654 658 659 655
f 659 660 661 655
f 659 658 662 663
f 659 663 664 660
f 664 665 666 660
f 664 663 667 668
f 664 668 669 665
f 669 670 671 665
f 669 668 672 673
f 669 673 674 670
f 674 675 676 670
f 674 673 677 678
f 674 678 679 675
f 679 680 681 675
f 679 678 682 683
f 679 683 684 680
f 684 685 686 680
f 684 683 687 688
f 684 688 689 685
f 689 690 691 685
f 689 688 692 693
f 689 693 694 690
f 694 695 696 690
f 694 693 697 698
f 694 698 699 695
f 699 700 701 695
f 699 698 702 703
f 699 703 704 700
f 704 705 706 700
f 704 703 707 708
f 704 708 709 705
f 709 710 711 705
f 709 708 712 713
f 709 713 714 710
f 714 715 716 710
f 714 713 717 718
f 714 718 719 715
f 719 720 721 715
f 719 718 722 723
f 719 723 724 720
f 724 725 726 720
f 724 723 727 728
f 724 728 729 725
f 729 730 731 725
f 729 728 732 733
f 729 733 734 730
f 734 735 736 730
f 734 733 737 738
f 734 738 739 735
f 739 740 741 735
f 739 738 742 743
f 739 743 744 740
f 744 745 746 740
f 744 743 747 748
f 744 748 749 745
f 749 750 751 745
f 749 748 752 753
f 749 753 754 750
f 754 755 756 750
f 754 753 757 758
f 754 758 759 755
f 759 760 761 755
f 759 758 762 763
f 759 763 764 760
f 764 765 766 760
f 764 763 767 768
f 764 768 769 765
f 769 770 771 765
f 769 768 772 773
f 769 773 774 770
f 774 775 776 770
f 774 773 777 778
f 774 778 779 775
f 779 780 781 775
f 779 778 782 783
f 779 783 784 780
f 784 785 786 780
f 784 783 787 788
f 784 788 789 785
f 789 790 791 785
f 789 788 792 793
f 789 793 794 790
f 794 795 796 790
f 794 793 797 798
f 794 798 799 795
f 799 800 801 795
f 799 798 802 803
f 799 803 804 800
f 804 805 806 800
f 804 803 807 808
f 804 808 809 805
f 809 810 811 805
f 809 808 812 813
f 809 813 814 810
f 814 815 816 810
f 814 813 817 818
f 814 818 819 815
f 819 820 821 815
f 819 818 822 823
f 819 823 824 820
f 824 825 826 820
f 824 823 827 828
f 824 828 829 825
f 829 830 831 825
f 829 828 832 833
f 829 833 834 830
f 834 835 836 830
f 834 833 837 838
f 834 838 839 835
f 839 840 841 835
f 839 838 842 843
f 839 843 844 840
f 844 845 846 840
f 844 843 847 848
f 844 848 849 845
f 849 850 851 845
f 849 848 852 853
f 849 853 854 850
f 854 855 856 850
f 854 853 857 858
f 854 858 859 855
f 859 860 861 855
f 859 858 862 863
f 859 863 864 860
f 864 865 866 860
f 864 863 867 868
f 864 868 869 865
f 869 870 871 865
f 869 868 872 873
f 869 873 874 870
f 874 875 876 870
f 874 873 877 878
f 874 878 879 875
f 879 880 881 875
f 879 878 882 883
f 879 883 884 880
f 884 885 886 880
f 884 883 887 888
f 884 888 889 885
f 889 890 891 885
f 889 888 892 893
f 889 893 894 890
f 894 895 896 890
f 894 893 897 898
f 894 898 899 895
f 899 900 901 895
f 899 898 902 903
f 899 903 904 900
f 904 905 906 900
f 904 903 907 908
f 904 908 909 905
f 909 910 911 905
f 909 908 912 913
f 909 913 914 910
f 914 915 916 910
f 914 913 917 918
f 914 918 919 915
f 919 920 921 915
f 919 918 922 923
f 919 923 924 920
f 924 925 926 920
f 924 923 927 928
f 924 928 929 925
f 929 930 931 925
f 929 928 932 933
f 929 933 934 930
f 934 935 936 930
f 934 933 937 938
f 934 938 939 935
f 939 940 941 935
f 939 938 942 943
f 939 943 944 940
f 944 945 946 940
f 944 943 947 948
f 944 948 949 945
f 949 950 951 945
f 949 948 952 953
f 949 953 954 950
f 954 955 956 950
f 954 953 957 958
f 954 958 959 955
f 959 960 961 955
f 959 958 962 963
f 959 963 964 960
f 964 965 966 960
f 964 963 967 968
f 964 968 969 965
f 969 970 971 965
f 969 968 972 973
f 969 973 974 970
f 974 975 976 970
f 974 973 977 978
f 974 978 979 975
f 979 980 981 975
f 979 978 982 983
f 979 983 984 980
f 984 985 986 980
f 984 983 987 988
f 984 988 989 985
f 989 990 991 985
f 989 988 992 993
f 989 993 994 990
f 994 995 996 990
f 994 993 997 998
f 994 998 999 995
f 999 1000 1001 995
f 999 998 1002 1003
f 999 1003 1004 1000
f 1004 1005 1006 1000
f 1004 1003 1007 1008
f 1004 1008 1009 1005
f 1009 1010 1011 1005
f 1009 1008 1012 1013
f 1009 1013 1014 1010
f 1014 1015 1016 1010
f 1014 1013 1017 1018
f 1014 1018 1019 1015
f 1019 1020 1021 1015
f 1019 1018 1022 1023
f 1019 1023 1024 1020
f 1024 1025 1026 1020
f 1024 1023 1027 1028
f 1024 1028 1029 1025
f 1029 1030 1031 1025
f 1029 1028 1032 1033
f 1029 1033 1034 1030
f 1034 1035 1036 1030
f 1034 1033 1037 1038
f 1034 1038 1039 1035
f 1039 1040 1041 1035
f 1039 1038 1042 1043
f 1039 1043 1044 1040
f 1044 1045 1046 1040
f 1044 1043 1047 1048
f 1044 1048 1049 1045
f 1049 1050 1051 1045
f 1049 1048 1052 1053
f 1049 1053 1054 1050
f 1054 1055 1056 1050
f 1054 1053 1057 1058
f 1054 1058 1059 1055
f 1059 1060 1061 1055
f 1059 1058 1062 1063
f 1059 1063 1064 1060
f 1064 1065 1066 1060
f 1064 1063 1067 1068
f 1064 1068 1069 1065
f 1069 1070 1071 1065
f 1069 1068 1072 1073
f 1069 1073 1074 1070
f 1074 1075 1076 1070
f 1074 1073 1077 1078
f 1074 1078 1079 1075
f 1079 1080 1081 1075
f 1079 1078 1082 1083
f 1079 1083 1084 1080
f 1084 1085 1086 1080
f 1084 1083 1087 1088
f 1084 1088 1089 1085
f 1089 1090 1091 1085
f 1089 1088 1092 1093
f 1089 1093 1094 1090
f 1094 1095 1096 1090
f 1094 1093 1097 1098
f 1094 1098 1099 1095
f 1099 1100 1101 1095
f 1099 1098 1102 1103
f 1099 1103 1104 1100
f 1104 1105 1106 1100
f 1104 1103 1107 1108
f 1104 1108 1109 1105
f 1109 1110 1111 1105
f 1109 1108 1112 1113
f 1109 1113 1114 1110
f 1114 1115 1116 1110
f 1114 1113 1117 1118
f 1114 1118 1119 1115
f 1119 1120 1121 1115
f 1119 1118 1122 1123
f 1119 1123 1124 1120
f 1124 1125 1126 1120
f 1124 1123 1127 1128
f 1124 1128 1129 1125
f 1129 1130 1131 1125
f 1129 1128 1132 1133
f 1129 1133 1134 1130
f 1134 1135 1136 1130
f 1134 1133 1137 1138
f 1134 1138 1139 1135
f 1139 1140 1141 1135
f 1139 1138 1142 1143
f 1139 1143 1144 1140
f 1144 1145 1146 1140
f 1144 1143 1147 1148
f 1144 1148 1149 1145
f 1149 1150 1151 1145
f 1149 1148 1152 1153
f 1149 1153 1154 1150
f 1154 1155 1156 1150
f 1154 1153 1157 1158
f 1154 1158 1159 1155
f 1159 1160 1161 1155
f 1159 1158 1162 1163
f 1159 1163 1164 1160
f 1164 1165 1166 1160
f 1164 1163 1167 8
f 1164 8 7 1165
f 1167 1163 1162 1168
f 1167 1168 1169 1170
f 1167 1170 5 8
f 1170 1169 1171 1172
f 1170 1172 6 5
f 1172 1171 1173 1174
f 1172 1174 1175 6
f 1175 1176 7 6
f 1175 1174 1177 1178
f 1175 1178 1179 1176
f 1179 1180 1181 1176
f 1179 1178 1182 10
f 1179 10 9 1180
f 1182 1178 1177 1183
f 1182 1183 1184 1185
f 1182 1185 11 10
f 1185 1184 1186 1187
f 1185 1187 12 11
f 1187 1186 1188 1189
f 1187 1189 1190 12
f 1190 1191 13 12
f 1190 1189 1192 1193
f 1190 1193 1194 1191
f 1194 1195 1196 1191
f 1194 1193 1197 1198
f 1194 1198 1199 1195
f 1199 21 20 1195
f 1199 1198 1200 1201
f 1199 1201 24 21
f 1201 1200 1202 1203
f 1201 1203 1204 24
f 1204 1203 1205 1206
f 1204 1206 1207 1208
f 1204 1208 22 24
f 1208 1207 1156 1209
f 1208 1209 23 22
f 1209 1156 1155 1161
f 1209 1161 1210 23
f 1210 1211 19 23
f 1210 1161 1160 1166
f 1210 1166 1212 1211
f 1212 1213 1214 1211
f 1212 1166 1165 1181
f 1212 1181 1180 1213
f 1214 1196 1195 20
f 1214 20 19 1211
f 1214 1213 14 1196
f 1213 1180 9 14
f 1207 1206 1215 1151
f 1207 1151 1150 1156
f 1215 1206 1205 1216
f 1215 1216 1217 1146
f 1215 1146 1145 1151
f 1217 1216 1218 1219
f 1217 1219 1220 1141
f 1217 1141 1140 1146
f 1220 1219 1221 1222
f 1220 1222 1223 1136
f 1220 1136 1135 1141
f 1223 1222 1224 1225
f 1223 1225 1226 1131
f 1223 1131 1130 1136
f 1226 1225 1227 1228
f 1226 1228 1229 1126
f 1226 1126 1125 1131
f 1229 1228 1230 1231
f 1229 1231 1232 1121
f 1229 1121 1120 1126
f 1232 1231 1233 1234
f 1232 1234 1235 1116
f 1232 1116 1115 1121
f 1235 1234 1236 1237
f 1235 1237 1238 1111
f 1235 1111 1110 1116
f 1238 1237 1239 1240
f 1238 1240 1241 1106
f 1238 1106 1105 1111
f 1241 1240 1242 1243
f 1241 1243 1244 1101
f 1241 1101 1100 1106
f 1244 1243 1245 1246
f 1244 1246 1247 1096
f 1244 1096 1095 1101
f 1247 1246 1248 1249
f 1247 1249 1250 1091
f 1247 1091 1090 1096
f 1250 1249 1251 1252
f 1250 1252 1253 1086
f 1250 1086 1085 1091
f 1253 1252 1254 1255
f 1253 1255 1256 1081
f 1253 1081 1080 1086
f 1256 1255 1257 1258
f 1256 1258 1259 1076
f 1256 1076 1075 1081
f 1259 1258 1260 1261
f 1259 1261 1262 1071
f 1259 1071 1070 1076
f 1262 1261 1263 1264
f 1262 1264 1265 1066
f 1262 1066 1065 1071
f 1265 1264 1266 1267
f 1265 1267 1268 1061
f 1265 1061 1060 1066
f 1268 1267 1269 1270
f 1268 1270 1271 1056
f 1268 1056 1055 1061
f 1271 1270 1272 1273
f 1271 1273 1274 1051
f 1271 1051 1050 1056
f 1274 1273 1275 1276
f 1274 1276 1277 1046
f 1274 1046 1045 1051
f 1277 1276 1278 1279
f 1277 1279 1280 1041
f 1277 1041 1040 1046
f 1280 1279 1281 1282
f 1280 1282 1283 1036
f 1280 1036 1035 1041
f 1283 1282 1284 1285
f 1283 1285 1286 1031
f 1283 1031 1030 1036
f 1286 1285 1287 1288
f 1286 1288 1289 1026
f 1286 1026 1025 1031
f 1289 1288 1290 1291
f 1289 1291 1292 1021
f 1289 1021 1020 1026
f 1292 1291 1293 1294
f 1292 1294 1295 1016
f 1292 1016 1015 1021
f 1295 1294 1296 1297
f 1295 1297 1298 1011
f 1295 1011 1010 1016
f 1298 1297 1299 1300
f 1298 1300 1301 1006
f 1298 1006 1005 1011
f 1301 1300 1302 1303
f 1301 1303 1304 1001
f 1301 1001 1000 1006
f 1304 1303 1305 1306
f 1304 1306 1307 996
f 1304 996 995 1001
f 1307 1306 1308 1309
f 1307 1309 1310 991
f 1307 991 990 996
f 1310 1309 1311 1312
f 1310 1312 1313 986
f 1310 986 985 991
f 1313 1312 1314 1315
f 1313 1315 1316 981
f 1313 981 980 986
f 1316 1315 1317 1318
f 1316 1318 1319 976
f 1316 976 975 981
f 1319 1318 1320 1321
f 1319 1321 1322 971
f 1319 971 970 976
f 1322 1321 1323 1324
f 1322 1324 1325 966
f 1322 966 965 971
f 1325 1324 1326 1327
f 1325 1327 1328 961
f 1325 961 960 966
f 1328 1327 1329 1330
f 1328 1330 1331 956
f 1328 956 955 961
f 1331 1330 1332 1333
f 1331 1333 1334 951
f 1331 951 950 956
f 1334 1333 1335 1336
f 1334 1336 1337 946
f 1334 946 945 951
f 1337 1336 1338 1339
f 1337 1339 1340 941
f 1337 941 940 946
f 1340 1339 1341 1342
f 1340 1342 1343 936
f 1340 936 935 941
f 1343 1342 1344 1345
f 1343 1345 1346 931
f 1343 931 930 936
f 1346 1345 1347 1348
f 1346 1348 1349 926
f 1346 926 925 931
f 1349 1348 1350 1351
f 1349 1351 1352 921
f 1349 921 920 926
f 1352 1351 1353 1354
f 1352 1354 1355 916
f 1352 916 915 921
f 1355 1354 1356 1357
f 1355 1357 1358 911
f 1355 911 910 916
f 1358 1357 1359 1360
f 1358 1360 1361 906
f 1358 906 905 911
f 1361 1360 1362 1363
f 1361 1363 1364 901
f 1361 901 900 906
f 1364 1363 1365 1366
f 1364 1366 1367 896
f 1364 896 895 901
f 1367 1366 1368 1369
f 1367 1369 1370 891
f 1367 891 890 896
f 1370 1369 1371 1372
f 1370 1372 1373 886
f 1370 886 885 891
f 1373 1372 1374 1375
f 1373 1375 1376 881
f 1373 881 880 886
f 1376 1375 1377 1378
f 1376 1378 1379 876
f 1376 876 875 881
f 1379 1378 1380 1381
f 1379 1381 1382 871
f 1379 871 870 876
f 1382 1381 1383 1384
f 1382 1384 1385 866
f 1382 866 865 871
f 1385 1384 1386 1387
f 1385 1387 1388 861
f 1385 861 860 866
f 1388 1387 1389 1390
f 1388 1390 1391 856
f 1388 856 855 861
f 1391 1390 1392 1393
f 1391 1393 1394 851
f 1391 851 850 856
f 1394 1393 1395 1396
f 1394 1396 1397 846
f 1394 846 845 851
f 1397 1396 1398 1399
f 1397 1399 1400 841
f 1397 841 840 846
f 1400 1399 1401 1402
f 1400 1402 1403 836
f 1400 836 835 841
f 1403 1402 1404 1405
f 1403 1405 1406 831
f 1403 831 830 836
f 1406 1405 1407 1408
f 1406 1408 1409 826
f 1406 826 825 831
f 1409 1408 1410 1411
f 1409 1411 1412 821
f 1409 821 820 826
f 1412 1411 1413 1414
f 1412 1414 1415 816
f 1412 816 815 821
f 1415 1414 1416 1417
f 1415 1417 1418 811
f 1415 811 810 816
f 1418 1417 1419 1420
f 1418 1420 1421 806
f 1418 806 805 811
f 1421 1420 1422 1423
f 1421 1423 1424 801
f 1421 801 800 806
f 1424 1423 1425 1426
f 1424 1426 1427 796
f 1424 796 795 801
f 1427 1426 1428 1429
f 1427 1429 1430 791
f 1427 791 790 796
f 1430 1429 1431 1432
f 1430 1432 1433 786
f 1430 786 785 791
f 1433 1432 1434 1435
f 1433 1435 1436 781
f 1433 781 780 786
f 1436 1435 1437 1438
f 1436 1438 1439 776
f 1436 776 775 781
f 1439 1438 1440 1441
f 1439 1441 1442 771
f 1439 771 770 776
f 1442 1441 1443 1444
f 1442 1444 1445 766
f 1442 766 765 771
f 1445 1444 1446 1447
f 1445 1447 1448 761
f 1445 761 760 766
f 1448 1447 1449 1450
f 1448 1450 1451 756
f 1448 756 755 761
f 1451 1450 1452 1453
f 1451 1453 1454 751
f 1451 751 750 756
f 1454 1453 1455 1456
f 1454 1456 1457 746
f 1454 746 745 751
f 1457 1456 1458 1459
f 1457 1459 1460 741
f 1457 741 740 746
f 1460 1459 1461 1462
f 1460 1462 1463 736
f 1460 736 735 741
f 1463 1462 1464 1465
f 1463 1465 1466 731
f 1463 731 730 736
f 1466 1465 1467 1468
f 1466 1468 1469 726
f 1466 726 725 731
f 1469 1468 1470 1471
f 1469 1471 1472 721
f 1469 721 720 726
f 1472 1471 1473 1474
f 1472 1474 1475 716
f 1472 716 715 721
f 1475 1474 1476 1477
f 1475 1477 1478 711
f 1475 711 710 716
f 1478 1477 1479 1480
f 1478 1480 1481 706
f 1478 706 705 711
f 1481 1480 1482 1483
f 1481 1483 1484 701
f 1481 701 700 706
f 1484 1483 1485 1486
f 1484 1486 1487 696
f 1484 696 695 701
f 1487 1486 1488 1489
f 1487 1489 1490 691
f 1487 691 690 696
f 1490 1489 1491 1492
f 1490 1492 1493 686
f 1490 686 685 691
f 1493 1492 1494 1495
f 1493 1495 1496 681
f 1493 681 680 686
f 1496 1495 1497 1498
f 1496 1498 1499 676
f 1496 676 675 681
f 1499 1498 1500 1501
f 1499 1501 1502 671
f 1499 671 670 676
f 1502 1501 1503 1504
f 1502 1504 1505 666
f 1502 666 665 671
f 1505 1504 1506 1507
f 1505 1507 1508 661
f 1505 661 660 666
f 1508 1507 1509 1510
f 1508 1510 1511 656
f 1508 656 655 661
f 1511 1510 1512 1513
f 1511 1513 1514 651
f 1511 651 650 656
f 1514 1513 1515 1516
f 1514 1516 1517 646
f 1514 646 645 651
f 1517 1516 1518 1519
f 1517 1519 1520 641
f 1517 641 640 646
f 1520 1519 1521 1522
f 1520 1522 1523 636
f 1520 636 635 641
f 1523 1522 1524 1525
f 1523 1525 1526 631
f 1523 631 630 636
f 1526 1525 1527 1528
f 1526 1528 1529 626
f 1526 626 625 631
f 1529 1528 1530 1531
f 1529 1531 1532 621
f 1529 621 620 626
f 1532 1531 1533 1534
f 1532 1534 1535 616
f 1532 616 615 621
f 1535 1534 1536 1537
f 1535 1537 1538 611
f 1535 611 610 616
f 1538 1537 1539 1540
f 1538 1540 1541 606
f 1538 606 605 611
f 1541 1540 1542 1543
f 1541 1543 1544 601
f 1541 601 600 606
f 1544 1543 1545 1546
f 1544 1546 1547 596
f 1544 596 595 601
f 1547 1546 1548 1549
f 1547 1549 1550 591
f 1547 591 590 596
f 1550 1549 1551 1552
f 1550 1552 1553 586
f 1550 586 585 591
f 1553 1552 1554 1555
f 1553 1555 1556 581
f 1553 581 580 586
f 1556 1555 1557 1558
f 1556 1558 1559 576
f 1556 576 575 581
f 1559 1558 1560 1561
f 1559 1561 1562 571
f 1559 571 570 576
f 1562 1561 1563 1564
f 1562 1564 1565 566
f 1562 566 565 571
f 1565 1564 1566 1567
f 1565 1567 1568 561
f 1565 561 560 566
f 1568 1567 1569 1570
f 1568 1570 1571 556
f 1568 556 555 561
f 1571 1570 1572 1573
f 1571 1573 1574 551
f 1571 551 550 556
f 1574 1573 1575 1576
f 1574 1576 1577 546
f 1574 546 545 551
f 1577 1576 1578 1579
f 1577 1579 1580 541
f 1577 541 540 546
f 1580 1579 1581 1582
f 1580 1582 1583 536
f 1580 536 535 541
f 1583 1582 1584 1585
f 1583 1585 1586 531
f 1583 531 530 536
f 1586 1585 1587 1588
f 1586 1588 1589 526
f 1586 526 525 531
f 1589 1588 1590 1591
f 1589 1591 1592 521
f 1589 521 520 526
f 1592 1591 1593 1594
f 1592 1594 1595 516
f 1592 516 515 521
f 1595 1594 1596 1597
f 1595 1597 1598 511
f 1595 511 510 516
f 1598 1597 1599 1600
f 1598 1600 1601 506
f 1598 506 505 511
f 1601 1600 1602 1603
f 1601 1603 1604 501
f 1601 501 500 506
f 1604 1603 1605 1606
f 1604 1606 1607 496
f 1604 496 495 501
f 1607 1606 1608 1609
f 1607 1609 1610 491
f 1607 491 490 496
f 1610 1609 1611 1612
f 1610 1612 1613 486
f 1610 486 485 491
f 1613 1612 1614 1615
f 1613 1615 1616 481
f 1613 481 480 486
f 1616 1615 1617 1618
f 1616 1618 1619 476
f 1616 476 475 481
f 1619 1618 1620 1621
f 1619 1621 1622 471
f 1619 471 470 476
f 1622 1621 1623 1624
f 1622 1624 1625 466
f 1622 466 465 471
f 1625 1624 1626 1627
f 1625 1627 1628 461
f 1625 461 460 466
f 1628 1627 1629 1630
f 1628 1630 1631 456
f 1628 456 455 461
f 1631 1630 1632 1633
f 1631 1633 1634 451
f 1631 451 450 456
f 1634 1633 1635 1636
f 1634 1636 1637 446
f 1634 446 445 451
f 1637 1636 1638 1639
f 1637 1639 1640 441
f 1637 441 440 446
f 1640 1639 1641 1642
f 1640 1642 1643 436
f 1640 436 435 441
f 1643 1642 1644 1645
f 1643 1645 1646 431
f 1643 431 430 436
f 1646 1645 1647 1648
f 1646 1648 1649 426
f 1646 426 425 431
f 1649 1648 1650 1651
f 1649 1651 1652 421
f 1649 421 420 426
f 1652 1651 1653 1654
f 1652 1654 1655 416
f 1652 416 415 421
f 1655 1654 1656 1657
f 1655 1657 1658 411
f 1655 411 410 416
f 1658 1657 1659 1660
f 1658 1660 1661 406
f 1658 406 405 411
f 1661 1660 1662 1663
f 1661 1663 1664 401
f 1661 401 400 406
f 1664 1663 1665 1666
f 1664 1666 1667 396
f 1664 396 395 401
f 1667 1666 1668 1669
f 1667 1669 1670 391
f 1667 391 390 396
f 1670 1669 1671 1672
f 1670 1672 1673 386
f 1670 386 385 391
f 1673 1672 1674 1675
f 1673 1675 1676 381
f 1673 381 380 386
f 1676 1675 1677 1678
f 1676 1678 1679 376
f 1676 376 375 381
f 1679 1678 1680 1681
f 1679 1681 1682 371
f 1679 371 370 376
f 1682 1681 1683 1684
f 1682 1684 1685 366
f 1682 366 365 371
f 1685 1684 1686 1687
f 1685 1687 1688 361
f 1685 361 360 366
f 1688 1687 1689 1690
f 1688 1690 1691 356
f 1688 356 355 361
f 1691 1690 1692 1693
f 1691 1693 1694 351
f 1691 351 350 356
f 1694 1693 1695 1696
f 1694 1696 1697 346
f 1694 346 345 351
f 1697 1696 1698 1699
f 1697 1699 1700 341
f 1697 341 340 346
f 1700 1699 1701 1702
f 1700 1702 1703 336
f 1700 336 335 341
f 1703 1702 1704 1705
f 1703 1705 1706 331
f 1703 331 330 336
f 1706 1705 1707 1708
f 1706 1708 1709 326
f 1706 326 325 331
f 1709 1708 1710 1711
f 1709 1711 1712 321
f 1709 321 320 326
f 1712 1711 1713 1714
f 1712 1714 1715 316
f 1712 316 315 321
f 1715 1714 1716 1717
f 1715 1717 1718 311
f 1715 311 310 316
f 1718 1717 1719 1720
f 1718 1720 1721 306
f 1718 306 305 311
f 1721 1720 1722 1723
f 1721 1723 1724 301
f 1721 301 300 306
f 1724 1723 1725 1726
f 1724 1726 1727 296
f 1724 296 295 301
f 1727 1726 1728 1729
f 1727 1729 1730 291
f 1727 291 290 296
f 1730 1729 1731 1732
f 1730 1732 1733 286
f 1730 286 285 291
f 1733 1732 1734 1735
f 1733 1735 1736 281
f 1733 281 280 286
f 1736 1735 1737 1738
f 1736 1738 1739 276
f 1736 276 275 281
f 1739 1738 1740 1741
f 1739 1741 1742 271
f 1739 271 270 276
f 1742 1741 1743 1744
f 1742 1744 1745 266
f 1742 266 265 271
f 1745 1744 1746 1747
f 1745 1747 1748 261
f 1745 261 260 266
f 1748 1747 1749 1750
f 1748 1750 1751 256
f 1748 256 255 261
f 1751 1750 1752 1753
f 1751 1753 1754 251
f 1751 251 250 256
f 1754 1753 1755 1756
f 1754 1756 1757 246
f 1754 246 245 251
f 1757 1756 1758 1759
f 1757 1759 1760 241
f 1757 241 240 246
f 1760 1759 1761 1762
f 1760 1762 1763 236
f 1760 236 235 241
f 1763 1762 1764 1765
f 1763 1765 1766 231
f 1763 231 230 236
f 1766 1765 1767 1768
f 1766 1768 1769 226
f 1766 226 225 231
f 1769 1768 1770 1771
f 1769 1771 1772 221
f 1769 221 220 226
f 1772 1771 1773 1774
f 1772 1774 1775 216
f 1772 216 215 221
f 1775 1774 1776 1777
f 1775 1777 1778 211
f 1775 211 210 216
f 1778 1777 1779 1780
f 1778 1780 1781 206
f 1778 206 205 211
f 1781 1780 1782 1783
f 1781 1783 1784 201
f 1781 201 200 206
f 1784 1783 1785 1786
f 1784 1786 1787 196
f 1784 196 195 201
f 1787 1786 1788 1789
f 1787 1789 1790 191
f 1787 191 190 196
f 1790 1789 1791 1792
f 1790 1792 1793 186
f 1790 186 185 191
f 1793 1792 1794 1795
f 1793 1795 1796 181
f 1793 181 180 186
f 1796 1795 1797 1798
f 1796 1798 1799 176
f 1796 176 175 181
f 1799 1798 1800 1801
f 1799 1801 1802 171
f 1799 171 170 176
f 1802 1801 1803 1804
f 1802 1804 1805 166
f 1802 166 165 171
f 1805 1804 1806 1807
f 1805 1807 1808 161
f 1805 161 160 166
f 1808 1807 1809 1810
f 1808 1810 1811 156
f 1808 156 155 161
f 1811 1810 1812 1813
f 1811 1813 1814 151
f 1811 151 150 156
f 1814 1813 1815 1816
f 1814 1816 1817 146
f 1814 146 145 151
f 1817 1816 1818 1819
f 1817 1819 1820 141
f 1817 141 140 146
f 1820 1819 1821 1822
f 1820 1822 1823 136
f 1820 136 135 141
f 1823 1822 1824 1825
f 1823 1825 1826 131
f 1823 131 130 136
f 1826 1825 1827 1828
f 1826 1828 1829 126
f 1826 126 125 131
f 1829 1828 1830 1831
f 1829 1831 1832 121
f 1829 121 120 126
f 1832 1831 1833 1834
f 1832 1834 1835 116
f 1832 116 115 121
f 1835 1834 1836 1837
f 1835 1837 1838 111
f 1835 111 110 116
f 1838 1837 1839 1840
f 1838 1840 1841 106
f 1838 106 105 111
f 1841 1840 1842 1843
f 1841 1843 1844 101
f 1841 101 100 106
f 1844 1843 1845 1846
f 1844 1846 1847 96
f 1844 96 95 101
f 1847 1846 1848 1849
f 1847 1849 1850 91
f 1847 91 90 96
f 1850 1849 1851 1852
f 1850 1852 1853 86
f 1850 86 85 91
f 1853 1852 1854 1855
f 1853 1855 1856 81
f 1853 81 80 86
f 1856 1855 1857 1858
f 1856 1858 1859 76
f 1856 76 75 81
f 1859 1858 1860 1861
f 1859 1861 1862 71
f 1859 71 70 76
f 1862 1861 1863 1864
f 1862 1864 1865 66
f 1862 66 65 71
f 1865 1864 1866 1867
f 1865 1867 1868 61
f 1865 61 60 66
f 1868 1867 1869 1870
f 1868 1870 1871 56
f 1868 56 55 61
f 1871 1870 1872 1873
f 1871 1873 1874 51
f 1871 51 50 56
f 1874 1873 1875 1876
f 1874 1876 1877 46
f 1874 46 45 51
f 1877 1876 1878 1879
f 1877 1879 1880 42
f 1877 42 41 46
f 1880 1879 1881 1882
f 1880 1882 1883 1884
f 1880 1884 43 42
f 1884 1885 47 43
f 1884 1883 1886 1885
f 1886 1887 1888 1885
f 1886 1883 1889 1890
f 1886 1890 1891 1887
f 1891 1892 1893 1887
f 1891 1890 36 1894
f 1891 1894 30 1892
f 1894 36 35 1895
f 1894 1895 31 30
f 1895 1896 34 31
f 1895 35 40 1896
f 1896 1897 1898 34
f 1896 40 1899 1897
f 1899 1900 1901 1897
f 1899 40 39 1902
f 1899 1902 1903 1900
f 1903 1904 1905 1900
f 1903 1902 1906 1907
f 1903 1907 1908 1904
f 1908 1909 1910 1904
f 1908 1907 1911 1912
f 1908 1912 1913 1909
f 1913 1914 1915 1909
f 1913 1912 1916 1917
f 1913 1917 1918 1914
f 1918 1919 1920 1914
f 1918 1917 1921 1922
f 1918 1922 1923 1919
f 1923 1924 1925 1919
f 1923 1922 1926 1927
f 1923 1927 1928 1924
f 1928 1929 1930 1924
f 1928 1927 1931 1932
f 1928 1932 1933 1929
f 1933 1934 1935 1929
f 1933 1932 1936 1937
f 1933 1937 1938 1934
f 1938 1939 1940 1934
f 1938 1937 1941 1942
f 1938 1942 1943 1939
f 1943 1944 1945 1939
f 1943 1942 1946 1947
f 1943 1947 1948 1944
f 1948 1949 1950 1944
f 1948 1947 1951 1952
f 1948 1952 1953 1949
f 1953 1954 1955 1949
f 1953 1952 1956 1957
f 1953 1957 1958 1954
f 1958 1959 1960 1954
f 1958 1957 1961 1962
f 1958 1962 1963 1959
f 1963 1964 1965 1959
f 1963 1962 1966 1967
f 1963 1967 1968 1964
f 1968 1969 1970 1964
f 1968 1967 1971 1972
f 1968 1972 1973 1969
f 1973 1974 1975 1969
f 1973 1972 1976 1977
f 1973 1977 1978 1974
f 1978 1979 1980 1974
f 1978 1977 1981 1982
f 1978 1982 1983 1979
f 1983 1984 1985 1979
f 1983 1982 1986 1987
f 1983 1987 1988 1984
f 1988 1989 1990 1984
f 1988 1987 1991 1992
f 1988 1992 1993 1989
f 1993 1994 1995 1989
f 1993 1992 1996 1997
f 1993 1997 1998 1994
f 1998 1999 2000 1994
f 1998 1997 2001 2002
f 1998 2002 2003 1999
f 2003 2004 2005 1999
f 2003 2002 2006 2007
f 2003 2007 2008 2004
f 2008 2009 2010 2004
f 2008 2007 2011 2012
f 2008 2012 2013 2009
f 2013 2014 2015 2009
f 2013 2012 2016 2017
f 2013 2017 2018 2014
f 2018 2019 2020 2014
f 2018 2017 2021 2022
f 2018 2022 2023 2019
f 2023 2024 2025 2019
f 2023 2022 2026 2027
f 2023 2027 2028 2024
f 2028 2029 2030 2024
f 2028 2027 2031 2032
f 2028 2032 2033 2029
f 2033 2034 2035 2029
f 2033 2032 2036 2037
f 2033 2037 2038 2034
f 2038 2039 2040 2034
f 2038 2037 2041 2042
f 2038 2042 2043 2039
f 2043 2044 2045 2039
f 2043 2042 2046 2047
f 2043 2047 2048 2044
f 2048 2049 2050 2044
f 2048 2047 2051 2052
f 2048 2052 2053 2049
f 2053 2054 2055 2049
f 2053 2052 2056 2057
f 2053 2057 2058 2054
f 2058 2059 2060 2054
f 2058 2057 2061 2062
f 2058 2062 2063 2059
f 2063 2064 2065 2059
f 2063 2062 2066 2067
f 2063 2067 2068 2064
f 2068 2069 2070 2064
f 2068 2067 2071 2072
f 2068 2072 2073 2069
f 2073 2074 2075 2069
f 2073 2072 2076 2077
f 2073 2077 2078 2074
f 2078 2079 2080 2074
f 2078 2077 2081 2082
f 2078 2082 2083 2079
f 2083 2084 2085 2079
f 2083 2082 2086 2087
f 2083 2087 2088 2084
f 2088 2089 2090 2084
f 2088 2087 2091 2092
f 2088 2092 2093 2089
f 2093 2094 2095 2089
f 2093 2092 2096 2097
f 2093 2097 2098 2094
f 2098 2099 2100 2094
f 2098 2097 2101 2102
f 2098 2102 2103 2099
f 2103 2104 2105 2099
f 2103 2102 2106 2107
f 2103 2107 2108 2104
f 2108 2109 2110 2104
f 2108 2107 2111 2112
f 2108 2112 2113 2109
f 2113 2114 2115 2109
f 2113 2112 2116 2117
f 2113 2117 2118 2114
f 2118 2119 2120 2114
f 2118 2117 2121 2122
f 2118 2122 2123 2119
f 2123 2124 2125 2119
f 2123 2122 2126 2127
f 2123 2127 2128 2124
f 2128 2129 2130 2124
f 2128 2127 2131 2132
f 2128 2132 2133 2129
f 2133 2134 2135 2129
f 2133 2132 2136 2137
f 2133 2137 2138 2134
f 2138 2139 2140 2134
f 2138 2137 2141 2142
f 2138 2142 2143 2139
f 2143 2144 2145 2139
f 2143 2142 2146 2147
f 2143 2147 2148 2144
f 2148 2149 2150 2144
f 2148 2147 2151 2152
f 2148 2152 2153 2149
f 2153 2154 2155 2149
f 2153 2152 2156 2157
f 2153 2157 2158 2154
f 2158 2159 2160 2154
f 2158 2157 2161 2162
f 2158 2162 2163 2159
f 2163 2164 2165 2159
f 2163 2162 2166 2167
f 2163 2167 2168 2164
f 2168 2169 2170 2164
f 2168 2167 2171 2172
f 2168 2172 2173 2169
f 2173 2174 2175 2169
f 2173 2172 2176 2177
f 2173 2177 2178 2174
f 2178 2179 2180 2174
f 2178 2177 2181 2182
f 2178 2182 2183 2179
f 2183 2184 2185 2179
f 2183 2182 2186 2187
f 2183 2187 2188 2184
f 2188 2189 2190 2184
f 2188 2187 2191 2192
f 2188 2192 2193 2189
f 2193 2194 2195 2189
f 2193 2192 2196 2197
f 2193 2197 2198 2194
f 2198 2199 2200 2194
f 2198 2197 2201 2202
f 2198 2202 2203 2199
f 2203 2204 2205 2199
f 2203 2202 2206 2207
f 2203 2207 2208 2204
f 2208 2209 2210 2204
f 2208 2207 2211 2212
f 2208 2212 2213 2209
f 2213 2214 2215 2209
f 2213 2212 2216 2217
f 2213 2217 2218 2214
f 2218 2219 2220 2214
f 2218 2217 2221 2222
f 2218 2222 2223 2219
f 2223 2224 2225 2219
f 2223 2222 2226 2227
f 2223 2227 2228 2224
f 2228 2229 2230 2224
f 2228 2227 2231 2232
f 2228 2232 2233 2229
f 2233 2234 2235 2229
f 2233 2232 2236 2237
f 2233 2237 2238 2234
f 2238 2239 2240 2234
f 2238 2237 2241 2242
f 2238 2242 2243 2239
f 2243 2244 2245 2239
f 2243 2242 2246 2247
f 2243 2247 2248 2244
f 2248 2249 2250 2244
f 2248 2247 2251 2252
f 2248 2252 2253 2249
f 2253 2254 2255 2249
f 2253 2252 2256 2257
f 2253 2257 2258 2254
f 2258 2259 2260 2254
f 2258 2257 2261 2262
f 2258 2262 2263 2259
f 2263 2264 2265 2259
f 2263 2262 2266 2267
f 2263 2267 2268 2264
f 2268 2269 2270 2264
f 2268 2267 2271 2272
f 2268 2272 2273 2269
f 2273 2274 2275 2269
f 2273 2272 2276 2277
f 2273 2277 2278 2274
f 2278 2279 2280 2274
f 2278 2277 2281 2282
f 2278 2282 2283 2279
f 2283 2284 2285 2279
f 2283 2282 2286 2287
f 2283 2287 2288 2284
f 2288 2289 2290 2284
f 2288 2287 2291 2292
f 2288 2292 2293 2289
f 2293 2294 2295 2289
f 2293 2292 2296 2297
f 2293 2297 2298 2294
f 2298 2299 2300 2294
f 2298 2297 2301 2302
f 2298 2302 2303 2299
f 2303 2304 2305 2299
f 2303 2302 2306 2307
f 2303 2307 2308 2304
f 2308 2309 2310 2304
f 2308 2307 2311 2312
f 2308 2312 2313 2309
f 2313 2314 2315 2309
f 2313 2312 2316 2317
f 2313 2317 2318 2314
f 2318 2319 2320 2314
f 2318 2317 2321 2322
f 2318 2322 2323 2319
f 2323 2324 2325 2319
f 2323 2322 2326 2327
f 2323 2327 2328 2324
f 2328 2329 2330 2324
f 2328 2327 2331 2332
f 2328 2332 2333 2329
f 2333 2334 2335 2329
f 2333 2332 2336 2337
f 2333 2337 2338 2334
f 2338 2339 2340 2334
f 2338 2337 2341 2342
f 2338 2342 2343 2339
f 2343 2344 2345 2339
f 2343 2342 2346 2347
f 2343 2347 2348 2344
f 2348 2349 2350 2344
f 2348 2347 2351 2352
f 2348 2352 2353 2349
f 2353 2354 2355 2349
f 2353 2352 2356 2357
f 2353 2357 2358 2354
f 2358 2359 2360 2354
f 2358 2357 2361 2362
f 2358 2362 2363 2359
f 2363 2364 2365 2359
f 2363 2362 2366 2367
f 2363 2367 2368 2364
f 2368 2369 2370 2364
f 2368 2367 2371 2372
f 2368 2372 2373 2369
f 2373 2374 2375 2369
f 2373 2372 2376 2377
f 2373 2377 2378 2374
f 2378 2379 2380 2374
f 2378 2377 2381 2382
f 2378 2382 2383 2379
f 2383 2384 2385 2379
f 2383 2382 2386 2387
f 2383 2387 2388 2384
f 2388 2389 2390 2384
f 2388 2387 2391 2392
f 2388 2392 2393 2389
f 2393 2394 2395 2389
f 2393 2392 2396 2397
f 2393 2397 2398 2394
f 2398 2399 2400 2394
f 2398 2397 2401 2402
f 2398 2402 2403 2399
f 2403 2404 2405 2399
f 2403 2402 2406 2407
f 2403 2407 2408 2404
f 2408 2409 2410 2404
f 2408 2407 2411 2412
f 2408 2412 2413 2409
f 2413 2414 2415 2409
f 2413 2412 2416 2417
f 2413 2417 2418 2414
f 2418 2419 2420 2414
f 2418 2417 2421 2422
f 2418 2422 2423 2419
f 2423 2424 2425 2419
f 2423 2422 2426 2427
f 2423 2427 2428 2424
f 2428 2429 2430 2424
f 2428 2427 2431 2432
f 2428 2432 2433 2429
f 2433 2434 2435 2429
f 2433 2432 2436 2437
f 2433 2437 2438 2434
f 2438 2439 2440 2434
f 2438 2437 2441 2442
f 2438 2442 2443 2439
f 2443 2444 2445 2439
f 2443 2442 2446 2447
f 2443 2447 2448 2444
f 2448 2449 2450 2444
f 2448 2447 2451 2452
f 2448 2452 2453 2449
f 2453 2454 2455 2449
f 2453 2452 2456 2457
f 2453 2457 2458 2454
f 2458 2459 2460 2454
f 2458 2457 2461 2462
f 2458 2462 2463 2459
f 2463 2464 2465 2459
f 2463 2462 2466 2467
f 2463 2467 2468 2464
f 2468 2469 2470 2464
f 2468 2467 2471 2472
f 2468 2472 2473 2469
f 2473 2474 2475 2469
f 2473 2472 2476 2477
f 2473 2477 2478 2474
f 2478 2479 2480 2474
f 2478 2477 2481 2482
f 2478 2482 2483 2479
f 2483 2484 2485 2479
f 2483 2482 2486 2487
f 2483 2487 2488 2484
f 2488 2489 2490 2484
f 2488 2487 2491 2492
f 2488 2492 2493 2489
f 2493 2494 2495 2489
f 2493 2492 2496 2497
f 2493 2497 2498 2494
f 2498 2499 2500 2494
f 2498 2497 2501 2502
f 2498 2502 2503 2499
f 2503 2504 2505 2499
f 2503 2502 2506 2507
f 2503 2507 2508 2504
f 2508 2509 2510 2504
f 2508 2507 2511 2512
f 2508 2512 2513 2509
f 2513 2514 2515 2509
f 2513 2512 2516 2517
f 2513 2517 2518 2514
f 2518 2519 2520 2514
f 2518 2517 2521 2522
f 2518 2522 2523 2519
f 2523 2524 2525 2519
f 2523 2522 2526 2527
f 2523 2527 2528 2524
f 2528 2529 2530 2524
f 2528 2527 2531 2532
f 2528 2532 2533 2529
f 2533 2534 2535 2529
f 2533 2532 2536 2537
f 2533 2537 2538 2534
f 2538 2539 2540 2534
f 2538 2537 2541 2542
f 2538 2542 2543 2539
f 2543 2544 2545 2539
f 2543 2542 2546 2547
f 2543 2547 2548 2544
f 2548 2549 2550 2544
f 2548 2547 2551 2552
f 2548 2552 2553 2549
f 2553 2554 2555 2549
f 2553 2552 2556 2557
f 2553 2557 2558 2554
f 2558 2559 2560 2554
f 2558 2557 2561 2562
f 2558 2562 2563 2559
f 2563 2564 2565 2559
f 2563 2562 2566 2567
f 2563 2567 2568 2564
f 2568 2569 2570 2564
f 2568 2567 2571 2572
f 2568 2572 2573 2569
f 2573 2574 2575 2569
f 2573 2572 2576 2577
f 2573 2577 2578 2574
f 2578 2579 2580 2574
f 2578 2577 2581 2582
f 2578 2582 2583 2579
f 2583 2584 2585 2579
f 2583 2582 2586 2587
f 2583 2587 2588 2584
f 2588 2589 2590 2584
f 2588 2587 2591 2592
f 2588 2592 2593 2589
f 2593 2594 2595 2589
f 2593 2592 2596 2597
f 2593 2597 2598 2594
f 2598 2599 2600 2594
f 2598 2597 2601 2602
f 2598 2602 2603 2599
f 2603 2604 2605 2599
f 2603 2602 2606 2607
f 2603 2607 2608 2604
f 2608 2609 2610 2604
f 2608 2607 2611 2612
f 2608 2612 2613 2609
f 2613 2614 2615 2609
f 2613 2612 2616 2617
f 2613 2617 2618 2614
f 2618 2619 2620 2614
f 2618 2617 2621 2622
f 2618 2622 2623 2619
f 2623 2624 2625 2619
f 2623 2622 2626 2627
f 2623 2627 2628 2624
f 2628 2629 2630 2624
f 2628 2627 2631 2632
f 2628 2632 2633 2629
f 2633 2634 2635 2629
f 2633 2632 2636 2637
f 2633 2637 2638 2634
f 2638 2639 2640 2634
f 2638 2637 2641 2642
f 2638 2642 2643 2639
f 2643 2644 2645 2639
f 2643 2642 2646 2647
f 2643 2647 2648 2644
f 2648 2649 2650 2644
f 2648 2647 2651 2652
f 2648 2652 2653 2649
f 2653 2654 2655 2649
f 2653 2652 2656 2657
f 2653 2657 2658 2654
f 2658 2659 2660 2654
f 2658 2657 2661 2662
f 2658 2662 2663 2659
f 2663 2664 2665 2659
f 2663 2662 2666 2667
f 2663 2667 2668 2664
f 2668 2669 2670 2664
f 2668 2667 2671 2672
f 2668 2672 2673 2669
f 2673 2674 2675 2669
f 2673 2672 2676 2677
f 2673 2677 2678 2674
f 2678 2679 2680 2674
f 2678 2677 2681 2682
f 2678 2682 2683 2679
f 2683 2684 2685 2679
f 2683 2682 2686 2687
f 2683 2687 2688 2684
f 2688 2689 2690 2684
f 2688 2687 2691 2692
f 2688 2692 2693 2689
f 2693 2694 2695 2689
f 2693 2692 2696 2697
f 2693 2697 2698 2694
f 2698 2699 2700 2694
f 2698 2697 2701 2702
f 2698 2702 2703 2699
f 2703 2704 2705 2699
f 2703 2702 2706 2707
f 2703 2707 2708 2704
f 2708 2709 2710 2704
f 2708 2707 2711 2712
f 2708 2712 2713 2709
f 2713 2714 2715 2709
f 2713 2712 2716 2717
f 2713 2717 2718 2714
f 2718 2719 2720 2714
f 2718 2717 2721 2722
f 2718 2722 2723 2719
f 2723 2724 2725 2719
f 2723 2722 2726 2727
f 2723 2727 2728 2724
f 2728 2729 2730 2724
f 2728 2727 2731 2732
f 2728 2732 2733 2729
f 2733 2734 2735 2729
f 2733 2732 2736 2737
f 2733 2737 2738 2734
f 2738 2739 2740 2734
f 2738 2737 2741 2742
f 2738 2742 2743 2739
f 2743 2744 2745 2739
f 2743 2742 2746 2747
f 2743 2747 2748 2744
f 2748 2749 2750 2744
f 2748 2747 2751 2752
f 2748 2752 2753 2749
f 2753 2754 2755 2749
f 2753 2752 2756 2757
f 2753 2757 2758 2754
f 2758 2759 2760 2754
f 2758 2757 2761 2762
f 2758 2762 2763 2759
f 2763 2764 2765 2759
f 2763 2762 2766 2767
f 2763 2767 2768 2764
f 2768 2769 2770 2764
f 2768 2767 2771 2772
f 2768 2772 2773 2769
f 2773 2774 2775 2769
f 2773 2772 2776 2777
f 2773 2777 2778 2774
f 2778 2779 2780 2774
f 2778 2777 2781 2782
f 2778 2782 2783 2779
f 2783 2784 2785 2779
f 2783 2782 2786 2787
f 2783 2787 2788 2784
f 2788 2789 2790 2784
f 2788 2787 2791 2792
f 2788 2792 2793 2789
f 2793 2794 2795 2789
f 2793 2792 2796 2797
f 2793 2797 2798 2794
f 2798 2799 2800 2794
f 2798 2797 2801 2802
f 2798 2802 2803 2799
f 2803 2804 2805 2799
f 2803 2802 2806 2807
f 2803 2807 2808 2804
f 2808 2809 2810 2804
f 2808 2807 2811 2812
f 2808 2812 2813 2809
f 2813 2814 2815 2809
f 2813 2812 2816 2817
f 2813 2817 2818 2814
f 2818 2819 2820 2814
f 2818 2817 2821 2822
f 2818 2822 2823 2819
f 2823 2824 2825 2819
f 2823 2822 2826 2827
f 2823 2827 2828 2824
f 2828 2829 2830 2824
f 2828 2827 2831 2832
f 2828 2832 2833 2829
f 2833 2834 2835 2829
f 2833 2832 2836 2837
f 2833 2837 2838 2834
f 2838 2839 2840 2834
f 2838 2837 2841 2842
f 2838 2842 2843 2839
f 2843 2844 2845 2839
f 2843 2842 2846 2847
f 2843 2847 2848 2844
f 2848 2849 2850 2844
f 2848 2847 2851 2852
f 2848 2852 2853 2849
f 2853 2854 2855 2849
f 2853 2852 2856 2857
f 2853 2857 2858 2854
f 2858 2859 2860 2854
f 2858 2857 2861 2862
f 2858 2862 2863 2859
f 2863 2864 2865 2859
f 2863 2862 2866 2867
f 2863 2867 2868 2864
f 2868 2869 2870 2864
f 2868 2867 2871 2872
f 2868 2872 2873 2869
f 2873 2874 2875 2869
f 2873 2872 2876 2877
f 2873 2877 2878 2874
f 2878 2879 2880 2874
f 2878 2877 2881 2882
f 2878 2882 2883 2879
f 2883 2884 2885 2879
f 2883 2882 2886 2887
f 2883 2887 2888 2884
f 2888 2889 2890 2884
f 2888 2887 2891 2892
f 2888 2892 2893 2889
f 2893 2894 2895 2889
f 2893 2892 2896 2897
f 2893 2897 2898 2894
f 2898 2899 2900 2894
f 2898 2897 2901 2902
f 2898 2902 2903 2899
f 2903 2904 2905 2899
f 2903 2902 2906 2907
f 2903 2907 2908 2904
f 2908 2909 2910 2904
f 2908 2907 2911 2912
f 2908 2912 2913 2909
f 2913 2914 2915 2909
f 2913 2912 2916 2917
f 2913 2917 2918 2914
f 2918 2919 2920 2914
f 2918 2917 2921 2922
f 2918 2922 2923 2919
f 2923 2924 2925 2919
f 2923 2922 2926 2927
f 2923 2927 2928 2924
f 2928 2929 2930 2924
f 2928 2927 2931 2932
f 2928 2932 2933 2929
f 2933 2934 2935 2929
f 2933 2932 2936 2937
f 2933 2937 2938 2934
f 2938 2939 2940 2934
f 2938 2937 2941 2942
f 2938 2942 2943 2939
f 2943 2944 2945 2939
f 2943 2942 2946 2947
f 2943 2947 2948 2944
f 2948 2949 2950 2944
f 2948 2947 2951 2952
f 2948 2952 2953 2949
f 2953 2954 2955 2949
f 2953 2952 2956 2957
f 2953 2957 2958 2954
f 2958 2959 2960 2954
f 2958 2957 2961 2962
f 2958 2962 2963 2959
f 2963 2964 2965 2959
f 2963 2962 2966 2967
f 2963 2967 2968 2964
f 2968 2969 2970 2964
f 2968 2967 2971 2972
f 2968 2972 2973 2969
f 2973 2974 2975 2969
f 2973 2972 2976 2977
f 2973 2977 2978 2974
f 2978 2979 2980 2974
f 2978 2977 2981 2982
f 2978 2982 2983 2979
f 2983 2984 2985 2979
f 2983 2982 2986 2987
f 2983 2987 2988 2984
f 2988 2989 2990 2984
f 2988 2987 2991 2992
f 2988 2992 2993 2989
f 2993 2994 2995 2989
f 2993 2992 2996 2997
f 2993 2997 2998 2994
f 2998 2999 3000 2994
f 2998 2997 3001 3002
f 2998 3002 3003 2999
f 3003 3004 3005 2999
f 3003 3002 3006 3007
f 3003 3007 3008 3004
f 3008 18 3009 3004
f 3008 3007 3010 3011
f 3008 3011 15 18
f 3011 3010 3012 3013
f 3011 3013 16 15
f 3013 3012 1218 3014
f 3013 3014 1202 16
f 3014 1218 1216 1205
f 3014 1205 1203 1202
f 3012 3010 3015 1221
f 3012 1221 1219 1218
f 3015 3010 3007 3006
f 3015 3006 3016 1224
f 3015 1224 1222 1221
f 3016 3006 3002 3001
f 3016 3001 3017 1227
f 3016 1227 1225 1224
f 3017 3001 2997 2996
f 3017 2996 3018 1230
f 3017 1230 1228 1227
f 3018 2996 2992 2991
f 3018 2991 3019 1233
f 3018 1233 1231 1230
f 3019 2991 2987 2986
f 3019 2986 3020 1236
f 3019 1236 1234 1233
f 3020 2986 2982 2981
f 3020 2981 3021 1239
f 3020 1239 1237 1236
f 3021 2981 2977 2976
f 3021 2976 3022 1242
f 3021 1242 1240 1239
f 3022 2976 2972 2971
f 3022 2971 3023 1245
f 3022 1245 1243 1242
f 3023 2971 2967 2966
f 3023 2966 3024 1248
f 3023 1248 1246 1245
f 3024 2966 2962 2961
f 3024 2961 3025 1251
f 3024 1251 1249 1248
f 3025 2961 2957 2956
f 3025 2956 3026 1254
f 3025 1254 1252 1251
f 3026 2956 2952 2951
f 3026 2951 3027 1257
f 3026 1257 1255 1254
f 3027 2951 2947 2946
f 3027 2946 3028 1260
f 3027 1260 1258 1257
f 3028 2946 2942 2941
f 3028 2941 3029 1263
f 3028 1263 1261 1260
f 3029 2941 2937 2936
f 3029 2936 3030 1266
f 3029 1266 1264 1263
f 3030 2936 2932 2931
f 3030 2931 3031 1269
f 3030 1269 1267 1266
f 3031 2931 2927 2926
f 3031 2926 3032 1272
f 3031 1272 1270 1269
f 3032 2926 2922 2921
f 3032 2921 3033 1275
f 3032 1275 1273 1272
f 3033 2921 2917 2916
f 3033 2916 3034 1278
f 3033 1278 1276 1275
f 3034 2916 2912 2911
f 3034 2911 3035 1281
f 3034 1281 1279 1278
f 3035 2911 2907 2906
f 3035 2906 3036 1284
f 3035 1284 1282 1281
f 3036 2906 2902 2901
f 3036 2901 3037 1287
f 3036 1287 1285 1284
f 3037 2901 2897 2896
f 3037 2896 3038 1290
f 3037 1290 1288 1287
f 3038 2896 2892 2891
f 3038 2891 3039 1293
f 3038 1293 1291 1290
f 3039 2891 2887 2886
f 3039 2886 3040 1296
f 3039 1296 1294 1293
f 3040 2886 2882 2881
f 3040 2881 3041 1299
f 3040 1299 1297 1296
f 3041 2881 2877 2876
f 3041 2876 3042 1302
f 3041 1302 1300 1299
f 3042 2876 2872 2871
f 3042 2871 3043 1305
f 3042 1305 1303 1302
f 3043 2871 2867 2866
f 3043 2866 3044 1308
f 3043 1308 1306 1305
f 3044 2866 2862 2861
f 3044 2861 3045 1311
f 3044 1311 1309 1308
f 3045 2861 2857 2856
f 3045 2856 3046 1314
f 3045 1314 1312 1311
f 3046 2856 2852 2851
f 3046 2851 3047 1317
f 3046 1317 1315 1314
f 3047 2851 2847 2846
f 3047 2846 3048 1320
f 3047 1320 1318 1317
f 3048 2846 2842 2841
f 3048 2841 3049 1323
f 3048 1323 1321 1320
f 3049 2841 2837 2836
f 3049 2836 3050 1326
f 3049 1326 1324 1323
f 3050 2836 2832 2831
f 3050 2831 3051 1329
f 3050 1329 1327 1326
f 3051 2831 2827 2826
f 3051 2826 3052 1332
f 3051 1332 1330 1329
f 3052 2826 2822 2821
f 3052 2821 3053 1335
f 3052 1335 1333 1332
f 3053 2821 2817 2816
f 3053 2816 3054 1338
f 3053 1338 1336 1335
f 3054 2816 2812 2811
f 3054 2811 3055 1341
f 3054 1341 1339 1338
f 3055 2811 2807 2806
f 3055 2806 3056 1344
f 3055 1344 1342 1341
f 3056 2806 2802 2801
f 3056 2801 3057 1347
f 3056 1347 1345 1344
f 3057 2801 2797 2796
f 3057 2796 3058 1350
f 3057 1350 1348 1347
f 3058 2796 2792 2791
f 3058 2791 3059 1353
f 3058 1353 1351 1350
f 3059 2791 2787 2786
f 3059 2786 3060 1356
f 3059 1356 1354 1353
f 3060 2786 2782 2781
f 3060 2781 3061 1359
f 3060 1359 1357 1356
f 3061 2781 2777 2776
f 3061 2776 3062 1362
f 3061 1362 1360 1359
f 3062 2776 2772 2771
f 3062 2771 3063 1365
f 3062 1365 1363 1362
f 3063 2771 2767 2766
f 3063 2766 3064 1368
f 3063 1368 1366 1365
f 3064 2766 2762 2761
f 3064 2761 3065 1371
f 3064 1371 1369 1368
f 3065 2761 2757 2756
f 3065 2756 3066 1374
f 3065 1374 1372 1371
f 3066 2756 2752 2751
f 3066 2751 3067 1377
f 3066 1377 1375 1374
f 3067 2751 2747 2746
f 3067 2746 3068 1380
f 3067 1380 1378 1377
f 3068 2746 2742 2741
f 3068 2741 3069 1383
f 3068 1383 1381 1380
f 3069 2741 2737 2736
f 3069 2736 3070 1386
f 3069 1386 1384 1383
f 3070 2736 2732 2731
f 3070 2731 3071 1389
f 3070 1389 1387 1386
f 3071 2731 2727 2726
f 3071 2726 3072 1392
f 3071 1392 1390 1389
f 3072 2726 2722 2721
f 3072 2721 3073 1395
f 3072 1395 1393 1392
f 3073 2721 2717 2716
f 3073 2716 3074 1398
f 3073 1398 1396 1395
f 3074 2716 2712 2711
f 3074 2711 3075 1401
f 3074 1401 1399 1398
f 3075 2711 2707 2706
f 3075 2706 3076 1404
f 3075 1404 1402 1401
f 3076 2706 2702 2701
f 3076 2701 3077 1407
f 3076 1407 1405 1404
f 3077 2701 2697 2696
f 3077 2696 3078 1410
f 3077 1410 1408 1407
f 3078 2696 2692 2691
f 3078 2691 3079 1413
f 3078 1413 1411 1410
f 3079 2691 2687 2686
f 3079 2686 3080 1416
f 3079 1416 1414 1413
f 3080 2686 2682 2681
f 3080 2681 3081 1419
f 3080 1419 1417 1416
f 3081 2681 2677 2676
f 3081 2676 3082 1422
f 3081 1422 1420 1419
f 3082 2676 2672 2671
f 3082 2671 3083 1425
f 3082 1425 1423 1422
f 3083 2671 2667 2666
f 3083 2666 3084 1428
f 3083 1428 1426 1425
f 3084 2666 2662 2661
f 3084 2661 3085 1431
f 3084 1431 1429 1428
f 3085 2661 2657 2656
f 3085 2656 3086 1434
f 3085 1434 1432 1431
f 3086 2656 2652 2651
f 3086 2651 3087 1437
f 3086 1437 1435 1434
f 3087 2651 2647 2646
f 3087 2646 3088 1440
f 3087 1440 1438 1437
f 3088 2646 2642 2641
f 3088 2641 3089 1443
f 3088 1443 1441 1440
f 3089 2641 2637 2636
f 3089 2636 3090 1446
f 3089 1446 1444 1443
f 3090 2636 2632 2631
f 3090 2631 3091 1449
f 3090 1449 1447 1446
f 3091 2631 2627 2626
f 3091 2626 3092 1452
f 3091 1452 1450 1449
f 3092 2626 2622 2621
f 3092 2621 3093 1455
f 3092 1455 1453 1452
f 3093 2621 2617 2616
f 3093 2616 3094 1458
f 3093 1458 1456 1455
f 3094 2616 2612 2611
f 3094 2611 3095 1461
f 3094 1461 1459 1458
f 3095 2611 2607 2606
f 3095 2606 3096 1464
f 3095 1464 1462 1461
f 3096 2606 2602 2601
f 3096 2601 3097 1467
f 3096 1467 1465 1464
f 3097 2601 2597 2596
f 3097 2596 3098 1470
f 3097 1470 1468 1467
f 3098 2596 2592 2591
f 3098 2591 3099 1473
f 3098 1473 1471 1470
f 3099 2591 2587 2586
f 3099 2586 3100 1476
f 3099 1476 1474 1473
f 3100 2586 2582 2581
f 3100 2581 3101 1479
f 3100 1479 1477 1476
f 3101 2581 2577 2576
f 3101 2576 3102 1482
f 3101 1482 1480 1479
f 3102 2576 2572 2571
f 3102 2571 3103 1485
f 3102 1485 1483 1482
f 3103 2571 2567 2566
f 3103 2566 3104 1488
f 3103 1488 1486 1485
f 3104 2566 2562 2561
f 3104 2561 3105 1491
f 3104 1491 1489 1488
f 3105 2561 2557 2556
f 3105 2556 3106 1494
f 3105 1494 1492 1491
f 3106 2556 2552 2551
f 3106 2551 3107 1497
f 3106 1497 1495 1494
f 3107 2551 2547 2546
f 3107 2546 3108 1500
f 3107 1500 1498 1497
f 3108 2546 2542 2541
f 3108 2541 3109 1503
f 3108 1503 1501 1500
f 3109 2541 2537 2536
f 3109 2536 3110 1506
f 3109 1506 1504 1503
f 3110 2536 2532 2531
f 3110 2531 3111 1509
f 3110 1509 1507 1506
f 3111 2531 2527 2526
f 3111 2526 3112 1512
f 3111 1512 1510 1509
f 3112 2526 2522 2521
f 3112 2521 3113 1515
f 3112 1515 1513 1512
f 3113 2521 2517 2516
f 3113 2516 3114 1518
f 3113 1518 1516 1515
f 3114 2516 2512 2511
f 3114 2511 3115 1521
f 3114 1521 1519 1518
f 3115 2511 2507 2506
f 3115 2506 3116 1524
f 3115 1524 1522 1521
f 3116 2506 2502 2501
f 3116 2501 3117 1527
f 3116 1527 1525 1524
f 3117 2501 2497 2496
f 3117 2496 3118 1530
f 3117 1530 1528 1527
f 3118 2496 2492 2491
f 3118 2491 3119 1533
f 3118 1533 1531 1530
f 3119 2491 2487 2486
f 3119 2486 3120 1536
f 3119 1536 1534 1533
f 3120 2486 2482 2481
f 3120 2481 3121 1539
f 3120 1539 1537 1536
f 3121 2481 2477 2476
f 3121 2476 3122 1542
f 3121 1542 1540 1539
f 3122 2476 2472 2471
f 3122 2471 3123 1545
f 3122 1545 1543 1542
f 3123 2471 2467 2466
f 3123 2466 3124 1548
f 3123 1548 1546 1545
f 3124 2466 2462 2461
f 3124 2461 3125 1551
f 3124 1551 1549 1548
f 3125 2461 2457 2456
f 3125 2456 3126 1554
f 3125 1554 1552 1551
f 3126 2456 2452 2451
f 3126 2451 3127 1557
f 3126 1557 1555 1554
f 3127 2451 2447 2446
f 3127 2446 3128 1560
f 3127 1560 1558 1557
f 3128 2446 2442 2441
f 3128 2441 3129 1563
f 3128 1563 1561 1560
f 3129 2441 2437 2436
f 3129 2436 3130 1566
f 3129 1566 1564 1563
f 3130 2436 2432 2431
f 3130 2431 3131 1569
f 3130 1569 1567 1566
f 3131 2431 2427 2426
f 3131 2426 3132 1572
f 3131 1572 1570 1569
f 3132 2426 2422 2421
f 3132 2421 3133 1575
f 3132 1575 1573 1572
f 3133 2421 2417 2416
f 3133 2416 3134 1578
f 3133 1578 1576 1575
f 3134 2416 2412 2411
f 3134 2411 3135 1581
f 3134 1581 1579 1578
f 3135 2411 2407 2406
f 3135 2406 3136 1584
f 3135 1584 1582 1581
f 3136 2406 2402 2401
f 3136 2401 3137 1587
f 3136 1587 1585 1584
f 3137 2401 2397 2396
f 3137 2396 3138 1590
f 3137 1590 1588 1587
f 3138 2396 2392 2391
f 3138 2391 3139 1593
f 3138 1593 1591 1590
f 3139 2391 2387 2386
f 3139 2386 3140 1596
f 3139 1596 1594 1593
f 3140 2386 2382 2381
f 3140 2381 3141 1599
f 3140 1599 1597 1596
f 3141 2381 2377 2376
f 3141 2376 3142 1602
f 3141 1602 1600 1599
f 3142 2376 2372 2371
f 3142 2371 3143 1605
f 3142 1605 1603 1602
f 3143 2371 2367 2366
f 3143 2366 3144 1608
f 3143 1608 1606 1605
f 3144 2366 2362 2361
f 3144 2361 3145 1611
f 3144 1611 1609 1608
f 3145 2361 2357 2356
f 3145 2356 3146 1614
f 3145 1614 1612 1611
f 3146 2356 2352 2351
f 3146 2351 3147 1617
f 3146 1617 1615 1614
f 3147 2351 2347 2346
f 3147 2346 3148 1620
f 3147 1620 1618 1617
f 3148 2346 2342 2341
f 3148 2341 3149 1623
f 3148 1623 1621 1620
f 3149 2341 2337 2336
f 3149 2336 3150 1626
f 3149 1626 1624 1623
f 3150 2336 2332 2331
f 3150 2331 3151 1629
f 3150 1629 1627 1626
f 3151 2331 2327 2326
f 3151 2326 3152 1632
f 3151 1632 1630 1629
f 3152 2326 2322 2321
f 3152 2321 3153 1635
f 3152 1635 1633 1632
f 3153 2321 2317 2316
f 3153 2316 3154 1638
f 3153 1638 1636 1635
f 3154 2316 2312 2311
f 3154 2311 3155 1641
f 3154 1641 1639 1638
f 3155 2311 2307 2306
f 3155 2306 3156 1644
f 3155 1644 1642 1641
f 3156 2306 2302 2301
f 3156 2301 3157 1647
f 3156 1647 1645 1644
f 3157 2301 2297 2296
f 3157 2296 3158 1650
f 3157 1650 1648 1647
f 3158 2296 2292 2291
f 3158 2291 3159 1653
f 3158 1653 1651 1650
f 3159 2291 2287 2286
f 3159 2286 3160 1656
f 3159 1656 1654 1653
f 3160 2286 2282 2281
f 3160 2281 3161 1659
f 3160 1659 1657 1656
f 3161 2281 2277 2276
f 3161 2276 3162 1662
f 3161 1662 1660 1659
f 3162 2276 2272 2271
f 3162 2271 3163 1665
f 3162 1665 1663 1662
f 3163 2271 2267 2266
f 3163 2266 3164 1668
f 3163 1668 1666 1665
f 3164 2266 2262 2261
f 3164 2261 3165 1671
f 3164 1671 1669 1668
f 3165 2261 2257 2256
f 3165 2256 3166 1674
f 3165 1674 1672 1671
f 3166 2256 2252 2251
f 3166 2251 3167 1677
f 3166 1677 1675 1674
f 3167 2251 2247 2246
f 3167 2246 3168 1680
f 3167 1680 1678 1677
f 3168 2246 2242 2241
f 3168 2241 3169 1683
f 3168 1683 1681 1680
f 3169 2241 2237 2236
f 3169 2236 3170 1686
f 3169 1686 1684 1683
f 3170 2236 2232 2231
f 3170 2231 3171 1689
f 3170 1689 1687 1686
f 3171 2231 2227 2226
f 3171 2226 3172 1692
f 3171 1692 1690 1689
f 3172 2226 2222 2221
f 3172 2221 3173 1695
f 3172 1695 1693 1692
f 3173 2221 2217 2216
f 3173 2216 3174 1698
f 3173 1698 1696 1695
f 3174 2216 2212 2211
f 3174 2211 3175 1701
f 3174 1701 1699 1698
f 3175 2211 2207 2206
f 3175 2206 3176 1704
f 3175 1704 1702 1701
f 3176 2206 2202 2201
f 3176 2201 3177 1707
f 3176 1707 1705 1704
f 3177 2201 2197 2196
f 3177 2196 3178 1710
f 3177 1710 1708 1707
f 3178 2196 2192 2191
f 3178 2191 3179 1713
f 3178 1713 1711 1710
f 3179 2191 2187 2186
f 3179 2186 3180 1716
f 3179 1716 1714 1713
f 3180 2186 2182 2181
f 3180 2181 3181 1719
f 3180 1719 1717 1716
f 3181 2181 2177 2176
f 3181 2176 3182 1722
f 3181 1722 1720 1719
f 3182 2176 2172 2171
f 3182 2171 3183 1725
f 3182 1725 1723 1722
f 3183 2171 2167 2166
f 3183 2166 3184 1728
f 3183 1728 1726 1725
f 3184 2166 2162 2161
f 3184 2161 3185 1731
f 3184 1731 1729 1728
f 3185 2161 2157 2156
f 3185 2156 3186 1734
f 3185 1734 1732 1731
f 3186 2156 2152 2151
f 3186 2151 3187 1737
f 3186 1737 1735 1734
f 3187 2151 2147 2146
f 3187 2146 3188 1740
f 3187 1740 1738 1737
f 3188 2146 2142 2141
f 3188 2141 3189 1743
f 3188 1743 1741 1740
f 3189 2141 2137 2136
f 3189 2136 3190 1746
f 3189 1746 1744 1743
f 3190 2136 2132 2131
f 3190 2131 3191 1749
f 3190 1749 1747 1746
f 3191 2131 2127 2126
f 3191 2126 3192 1752
f 3191 1752 1750 1749
f 3192 2126 2122 2121
f 3192 2121 3193 1755
f 3192 1755 1753 1752
f 3193 2121 2117 2116
f 3193 2116 3194 1758
f 3193 1758 1756 1755
f 3194 2116 2112 2111
f 3194 2111 3195 1761
f 3194 1761 1759 1758
f 3195 2111 2107 2106
f 3195 2106 3196 1764
f 3195 1764 1762 1761
f 3196 2106 2102 2101
f 3196 2101 3197 1767
f 3196 1767 1765 1764
f 3197 2101 2097 2096
f 3197 2096 3198 1770
f 3197 1770 1768 1767
f 3198 2096 2092 2091
f 3198 2091 3199 1773
f 3198 1773 1771 1770
f 3199 2091 2087 2086
f 3199 2086 3200 1776
f 3199 1776 1774 1773
f 3200 2086 2082 2081
f 3200 2081 3201 1779
f 3200 1779 1777 1776
f 3201 2081 2077 2076
f 3201 2076 3202 1782
f 3201 1782 1780 1779
f 3202 2076 2072 2071
f 3202 2071 3203 1785
f 3202 1785 1783 1782
f 3203 2071 2067 2066
f 3203 2066 3204 1788
f 3203 1788 1786 1785
f 3204 2066 2062 2061
f 3204 2061 3205 1791
f 3204 1791 1789 1788
f 3205 2061 2057 2056
f 3205 2056 3206 1794
f 3205 1794 1792 1791
f 3206 2056 2052 2051
f 3206 2051 3207 1797
f 3206 1797 1795 1794
f 3207 2051 2047 2046
f 3207 2046 3208 1800
f 3207 1800 1798 1797
f 3208 2046 2042 2041
f 3208 2041 3209 1803
f 3208 1803 1801 1800
f 3209 2041 2037 2036
f 3209 2036 3210 1806
f 3209 1806 1804 1803
f 3210 2036 2032 2031
f 3210 2031 3211 1809
f 3210 1809 1807 1806
f 3211 2031 2027 2026
f 3211 2026 3212 1812
f 3211 1812 1810 1809
f 3212 2026 2022 2021
f 3212 2021 3213 1815
f 3212 1815 1813 1812
f 3213 2021 2017 2016
f 3213 2016 3214 1818
f 3213 1818 1816 1815
f 3214 2016 2012 2011
f 3214 2011 3215 1821
f 3214 1821 1819 1818
f 3215 2011 2007 2006
f 3215 2006 3216 1824
f 3215 1824 1822 1821
f 3216 2006 2002 2001
f 3216 2001 3217 1827
f 3216 1827 1825 1824
f 3217 2001 1997 1996
f 3217 1996 3218 1830
f 3217 1830 1828 1827
f 3218 1996 1992 1991
f 3218 1991 3219 1833
f 3218 1833 1831 1830
f 3219 1991 1987 1986
f 3219 1986 3220 1836
f 3219 1836 1834 1833
f 3220 1986 1982 1981
f 3220 1981 3221 1839
f 3220 1839 1837 1836
f 3221 1981 1977 1976
f 3221 1976 3222 1842
f 3221 1842 1840 1839
f 3222 1976 1972 1971
f 3222 1971 3223 1845
f 3222 1845 1843 1842
f 3223 1971 1967 1966
f 3223 1966 3224 1848
f 3223 1848 1846 1845
f 3224 1966 1962 1961
f 3224 1961 3225 1851
f 3224 1851 1849 1848
f 3225 1961 1957 1956
f 3225 1956 3226 1854
f 3225 1854 1852 1851
f 3226 1956 1952 1951
f 3226 1951 3227 1857
f 3226 1857 1855 1854
f 3227 1951 1947 1946
f 3227 1946 3228 1860
f 3227 1860 1858 1857
f 3228 1946 1942 1941
f 3228 1941 3229 1863
f 3228 1863 1861 1860
f 3229 1941 1937 1936
f 3229 1936 3230 1866
f 3229 1866 1864 1863
f 3230 1936 1932 1931
f 3230 1931 3231 1869
f 3230 1869 1867 1866
f 3231 1931 1927 1926
f 3231 1926 3232 1872
f 3231 1872 1870 1869
f 3232 1926 1922 1921
f 3232 1921 3233 1875
f 3232 1875 1873 1872
f 3233 1921 1917 1916
f 3233 1916 3234 1878
f 3233 1878 1876 1875
f 3234 1916 1912 1911
f 3234 1911 3235 1881
f 3234 1881 1879 1878
f 3235 1911 1907 1906
f 3235 1906 38 3236
f 3235 3236 1882 1881
f 3236 38 37 1889
f 3236 1889 1883 1882
f 3009 1197 1193 1192
f 3009 1192 3005 3004
f 3009 18 17 1197
f 3005 1192 1189 1188
f 3005 1188 3000 2999
f 3000 1188 1186 3237
f 3000 3237 2995 2994
f 3237 1186 1184 3238
f 3237 3238 3239 2995
f 3239 3238 3240 3241
f 3239 3241 3242 2990
f 3239 2990 2989 2995
f 3242 3241 3243 3244
f 3242 3244 3245 2985
f 3242 2985 2984 2990
f 3245 3244 3246 3247
f 3245 3247 3248 2980
f 3245 2980 2979 2985
f 3248 3247 3249 3250
f 3248 3250 3251 2975
f 3248 2975 2974 2980
f 3251 3250 3252 3253
f 3251 3253 3254 2970
f 3251 2970 2969 2975
f 3254 3253 3255 3256
f 3254 3256 3257 2965
f 3254 2965 2964 2970
f 3257 3256 3258 3259
f 3257 3259 3260 2960
f 3257 2960 2959 2965
f 3260 3259 3261 3262
f 3260 3262 3263 2955
f 3260 2955 2954 2960
f 3263 3262 3264 3265
f 3263 3265 3266 2950
f 3263 2950 2949 2955
f 3266 3265 3267 3268
f 3266 3268 3269 2945
f 3266 2945 2944 2950
f 3269 3268 3270 3271
f 3269 3271 3272 2940
f 3269 2940 2939 2945
f 3272 3271 3273 3274
f 3272 3274 3275 2935
f 3272 2935 2934 2940
f 3275 3274 3276 3277
f 3275 3277 3278 2930
f 3275 2930 2929 2935
f 3278 3277 3279 3280
f 3278 3280 3281 2925
f 3278 2925 2924 2930
f 3281 3280 3282 3283
f 3281 3283 3284 2920
f 3281 2920 2919 2925
f 3284 3283 3285 3286
f 3284 3286 3287 2915
f 3284 2915 2914 2920
f 3287 3286 3288 3289
f 3287 3289 3290 2910
f 3287 2910 2909 2915
f 3290 3289 3291 3292
f 3290 3292 3293 2905
f 3290 2905 2904 2910
f 3293 3292 3294 3295
f 3293 3295 3296 2900
f 3293 2900 2899 2905
f 3296 3295 3297 3298
f 3296 3298 3299 2895
f 3296 2895 2894 2900
f 3299 3298 3300 3301
f 3299 3301 3302 2890
f 3299 2890 2889 2895
f 3302 3301 3303 3304
f 3302 3304 3305 2885
f 3302 2885 2884 2890
f 3305 3304 3306 3307
f 3305 3307 3308 2880
f 3305 2880 2879 2885
f 3308 3307 3309 3310
f 3308 3310 3311 2875
f 3308 2875 2874 2880
f 3311 3310 3312 3313
f 3311 3313 3314 2870
f 3311 2870 2869 2875
f 3314 3313 3315 3316
f 3314 3316 3317 2865
f 3314 2865 2864 2870
f 3317 3316 3318 3319
f 3317 3319 3320 2860
f 3317 2860 2859 2865
f 3320 3319 3321 3322
f 3320 3322 3323 2855
f 3320 2855 2854 2860
f 3323 3322 3324 3325
f 3323 3325 3326 2850
f 3323 2850 2849 2855
f 3326 3325 3327 3328
f 3326 3328 3329 2845
f 3326 2845 2844 2850
f 3329 3328 3330 3331
f 3329 3331 3332 2840
f 3329 2840 2839 2845
f 3332 3331 3333 3334
f 3332 3334 3335 2835
f 3332 2835 2834 2840
f 3335 3334 3336 3337
f 3335 3337 3338 2830
f 3335 2830 2829 2835
f 3338 3337 3339 3340
f 3338 3340 3341 2825
f 3338 2825 2824 2830
f 3341 3340 3342 3343
f 3341 3343 3344 2820
f 3341 2820 2819 2825
f 3344 3343 3345 3346
f 3344 3346 3347 2815
f 3344 2815 2814 2820
f 3347 3346 3348 3349
f 3347 3349 3350 2810
f 3347 2810 2809 2815
f 3350 3349 3351 3352
f 3350 3352 3353 2805
f 3350 2805 2804 2810
f 3353 3352 3354 3355
f 3353 3355 3356 2800
f 3353 2800 2799 2805
f 3356 3355 3357 3358
f 3356 3358 3359 2795
f 3356 2795 2794 2800
f 3359 3358 3360 3361
f 3359 3361 3362 2790
f 3359 2790 2789 2795
f 3362 3361 3363 3364
f 3362 3364 3365 2785
f 3362 2785 2784 2790
f 3365 3364 3366 3367
f 3365 3367 3368 2780
f 3365 2780 2779 2785
f 3368 3367 3369 3370
f 3368 3370 3371 2775
f 3368 2775 2774 2780
f 3371 3370 3372 3373
f 3371 3373 3374 2770
f 3371 2770 2769 2775
f 3374 3373 3375 3376
f 3374 3376 3377 2765
f 3374 2765 2764 2770
f 3377 3376 3378 3379
f 3377 3379 3380 2760
f 3377 2760 2759 2765
f 3380 3379 3381 3382
f 3380 3382 3383 2755
f 3380 2755 2754 2760
f 3383 3382 3384 3385
f 3383 3385 3386 2750
f 3383 2750 2749 2755
f 3386 3385 3387 3388
f 3386 3388 3389 2745
f 3386 2745 2744 2750
f 3389 3388 3390 3391
f 3389 3391 3392 2740
f 3389 2740 2739 2745
f 3392 3391 3393 3394
f 3392 3394 3395 2735
f 3392 2735 2734 2740
f 3395 3394 3396 3397
f 3395 3397 3398 2730
f 3395 2730 2729 2735
f 3398 3397 3399 3400
f 3398 3400 3401 2725
f 3398 2725 2724 2730
f 3401 3400 3402 3403
f 3401 3403 3404 2720
f 3401 2720 2719 2725
f 3404 3403 3405 3406
f 3404 3406 3407 2715
f 3404 2715 2714 2720
f 3407 3406 3408 3409
f 3407 3409 3410 2710
f 3407 2710 2709 2715
f 3410 3409 3411 3412
f 3410 3412 3413 2705
f 3410 2705 2704 2710
f 3413 3412 3414 3415
f 3413 3415 3416 2700
f 3413 2700 2699 2705
f 3416 3415 3417 3418
f 3416 3418 3419 2695
f 3416 2695 2694 2700
f 3419 3418 3420 3421
f 3419 3421 3422 2690
f 3419 2690 2689 2695
f 3422 3421 3423 3424
f 3422 3424 3425 2685
f 3422 2685 2684 2690
f 3425 3424 3426 3427
f 3425 3427 3428 2680
f 3425 2680 2679 2685
f 3428 3427 3429 3430
f 3428 3430 3431 2675
f 3428 2675 2674 2680
f 3431 3430 3432 3433
f 3431 3433 3434 2670
f 3431 2670 2669 2675
f 3434 3433 3435 3436
f 3434 3436 3437 2665
f 3434 2665 2664 2670
f 3437 3436 3438 3439
f 3437 3439 3440 2660
f 3437 2660 2659 2665
f 3440 3439 3441 3442
f 3440 3442 3443 2655
f 3440 2655 2654 2660
f 3443 3442 3444 3445
f 3443 3445 3446 2650
f 3443 2650 2649 2655
f 3446 3445 3447 3448
f 3446 3448 3449 2645
f 3446 2645 2644 2650
f 3449 3448 3450 3451
f 3449 3451 3452 2640
f 3449 2640 2639 2645
f 3452 3451 3453 3454
f 3452 3454 3455 2635
f 3452 2635 2634 2640
f 3455 3454 3456 3457
f 3455 3457 3458 2630
f 3455 2630 2629 2635
f 3458 3457 3459 3460
f 3458 3460 3461 2625
f 3458 2625 2624 2630
f 3461 3460 3462 3463
f 3461 3463 3464 2620
f 3461 2620 2619 2625
f 3464 3463 3465 3466
f 3464 3466 3467 2615
f 3464 2615 2614 2620
f 3467 3466 3468 3469
f 3467 3469 3470 2610
f 3467 2610 2609 2615
f 3470 3469 3471 3472
f 3470 3472 3473 2605
f 3470 2605 2604 2610
f 3473 3472 3474 3475
f 3473 3475 3476 2600
f 3473 2600 2599 2605
f 3476 3475 3477 3478
f 3476 3478 3479 2595
f 3476 2595 2594 2600
f 3479 3478 3480 3481
f 3479 3481 3482 2590
f 3479 2590 2589 2595
f 3482 3481 3483 3484
f 3482 3484 3485 2585
f 3482 2585 2584 2590
f 3485 3484 3486 3487
f 3485 3487 3488 2580
f 3485 2580 2579 2585
f 3488 3487 3489 3490
f 3488 3490 3491 2575
f 3488 2575 2574 2580
f 3491 3490 3492 3493
f 3491 3493 3494 2570
f 3491 2570 2569 2575
f 3494 3493 3495 3496
f 3494 3496 3497 2565
f 3494 2565 2564 2570
f 3497 3496 3498 3499
f 3497 3499 3500 2560
f 3497 2560 2559 2565
f 3500 3499 3501 3502
f 3500 3502 3503 2555
f 3500 2555 2554 2560
f 3503 3502 3504 3505
f 3503 3505 3506 2550
f 3503 2550 2549 2555
f 3506 3505 3507 3508
f 3506 3508 3509 2545
f 3506 2545 2544 2550
f 3509 3508 3510 3511
f 3509 3511 3512 2540
f 3509 2540 2539 2545
f 3512 3511 3513 3514
f 3512 3514 3515 2535
f 3512 2535 2534 2540
f 3515 3514 3516 3517
f 3515 3517 3518 2530
f 3515 2530 2529 2535
f 3518 3517 3519 3520
f 3518 3520 3521 2525
f 3518 2525 2524 2530
f 3521 3520 3522 3523
f 3521 3523 3524 2520
f 3521 2520 2519 2525
f 3524 3523 3525 3526
f 3524 3526 3527 2515
f 3524 2515 2514 2520
f 3527 3526 3528 3529
f 3527 3529 3530 2510
f 3527 2510 2509 2515
f 3530 3529 3531 3532
f 3530 3532 3533 2505
f 3530 2505 2504 2510
f 3533 3532 3534 3535
f 3533 3535 3536 2500
f 3533 2500 2499 2505
f 3536 3535 3537 3538
f 3536 3538 3539 2495
f 3536 2495 2494 2500
f 3539 3538 3540 3541
f 3539 3541 3542 2490
f 3539 2490 2489 2495
f 3542 3541 3543 3544
f 3542 3544 3545 2485
f 3542 2485 2484 2490
f 3545 3544 3546 3547
f 3545 3547 3548 2480
f 3545 2480 2479 2485
f 3548 3547 3549 3550
f 3548 3550 3551 2475
f 3548 2475 2474 2480
f 3551 3550 3552 3553
f 3551 3553 3554 2470
f 3551 2470 2469 2475
f 3554 3553 3555 3556
f 3554 3556 3557 2465
f 3554 2465 2464 2470
f 3557 3556 3558 3559
f 3557 3559 3560 2460
f 3557 2460 2459 2465
f 3560 3559 3561 3562
f 3560 3562 3563 2455
f 3560 2455 2454 2460
f 3563 3562 3564 3565
f 3563 3565 3566 2450
f 3563 2450 2449 2455
f 3566 3565 3567 3568
f 3566 3568 3569 2445
f 3566 2445 2444 2450
f 3569 3568 3570 3571
f 3569 3571 3572 2440
f 3569 2440 2439 2445
f 3572 3571 3573 3574
f 3572 3574 3575 2435
f 3572 2435 2434 2440
f 3575 3574 3576 3577
f 3575 3577 3578 2430
f 3575 2430 2429 2435
f 3578 3577 3579 3580
f 3578 3580 3581 2425
f 3578 2425 2424 2430
f 3581 3580 3582 3583
f 3581 3583 3584 2420
f 3581 2420 2419 2425
f 3584 3583 3585 3586
f 3584 3586 3587 2415
f 3584 2415 2414 2420
f 3587 3586 3588 3589
f 3587 3589 3590 2410
f 3587 2410 2409 2415
f 3590 3589 3591 3592
f 3590 3592 3593 2405
f 3590 2405 2404 2410
f 3593 3592 3594 3595
f 3593 3595 3596 2400
f 3593 2400 2399 2405
f 3596 3595 3597 3598
f 3596 3598 3599 2395
f 3596 2395 2394 2400
f 3599 3598 3600 3601
f 3599 3601 3602 2390
f 3599 2390 2389 2395
f 3602 3601 3603 3604
f 3602 3604 3605 2385
f 3602 2385 2384 2390
f 3605 3604 3606 3607
f 3605 3607 3608 2380
f 3605 2380 2379 2385
f 3608 3607 3609 3610
f 3608 3610 3611 2375
f 3608 2375 2374 2380
f 3611 3610 3612 3613
f 3611 3613 3614 2370
f 3611 2370 2369 2375
f 3614 3613 3615 3616
f 3614 3616 3617 2365
f 3614 2365 2364 2370
f 3617 3616 3618 3619
f 3617 3619 3620 2360
f 3617 2360 2359 2365
f 3620 3619 3621 3622
f 3620 3622 3623 2355
f 3620 2355 2354 2360
f 3623 3622 3624 3625
f 3623 3625 3626 2350
f 3623 2350 2349 2355
f 3626 3625 3627 3628
f 3626 3628 3629 2345
f 3626 2345 2344 2350
f 3629 3628 3630 3631
f 3629 3631 3632 2340
f 3629 2340 2339 2345
f 3632 3631 3633 3634
f 3632 3634 3635 2335
f 3632 2335 2334 2340
f 3635 3634 3636 3637
f 3635 3637 3638 2330
f 3635 2330 2329 2335
f 3638 3637 3639 3640
f 3638 3640 3641 2325
f 3638 2325 2324 2330
f 3641 3640 3642 3643
f 3641 3643 3644 2320
f 3641 2320 2319 2325
f 3644 3643 3645 3646
f 3644 3646 3647 2315
f 3644 2315 2314 2320
f 3647 3646 3648 3649
f 3647 3649 3650 2310
f 3647 2310 2309 2315
f 3650 3649 3651 3652
f 3650 3652 3653 2305
f 3650 2305 2304 2310
f 3653 3652 3654 3655
f 3653 3655 3656 2300
f 3653 2300 2299 2305
f 3656 3655 3657 3658
f 3656 3658 3659 2295
f 3656 2295 2294 2300
f 3659 3658 3660 3661
f 3659 3661 3662 2290
f 3659 2290 2289 2295
f 3662 3661 3663 3664
f 3662 3664 3665 2285
f 3662 2285 2284 2290
f 3665 3664 3666 3667
f 3665 3667 3668 2280
f 3665 2280 2279 2285
f 3668 3667 3669 3670
f 3668 3670 3671 2275
f 3668 2275 2274 2280
f 3671 3670 3672 3673
f 3671 3673 3674 2270
f 3671 2270 2269 2275
f 3674 3673 3675 3676
f 3674 3676 3677 2265
f 3674 2265 2264 2270
f 3677 3676 3678 3679
f 3677 3679 3680 2260
f 3677 2260 2259 2265
f 3680 3679 3681 3682
f 3680 3682 3683 2255
f 3680 2255 2254 2260
f 3683 3682 3684 3685
f 3683 3685 3686 2250
f 3683 2250 2249 2255
f 3686 3685 3687 3688
f 3686 3688 3689 2245
f 3686 2245 2244 2250
f 3689 3688 3690 3691
f 3689 3691 3692 2240
f 3689 2240 2239 2245
f 3692 3691 3693 3694
f 3692 3694 3695 2235
f 3692 2235 2234 2240
f 3695 3694 3696 3697
f 3695 3697 3698 2230
f 3695 2230 2229 2235
f 3698 3697 3699 3700
f 3698 3700 3701 2225
f 3698 2225 2224 2230
f 3701 3700 3702 3703
f 3701 3703 3704 2220
f 3701 2220 2219 2225
f 3704 3703 3705 3706
f 3704 3706 3707 2215
f 3704 2215 2214 2220
f 3707 3706 3708 3709
f 3707 3709 3710 2210
f 3707 2210 2209 2215
f 3710 3709 3711 3712
f 3710 3712 3713 2205
f 3710 2205 2204 2210
f 3713 3712 3714 3715
f 3713 3715 3716 2200
f 3713 2200 2199 2205
f 3716 3715 3717 3718
f 3716 3718 3719 2195
f 3716 2195 2194 2200
f 3719 3718 3720 3721
f 3719 3721 3722 2190
f 3719 2190 2189 2195
f 3722 3721 3723 3724
f 3722 3724 3725 2185
f 3722 2185 2184 2190
f 3725 3724 3726 3727
f 3725 3727 3728 2180
f 3725 2180 2179 2185
f 3728 3727 3729 3730
f 3728 3730 3731 2175
f 3728 2175 2174 2180
f 3731 3730 3732 3733
f 3731 3733 3734 2170
f 3731 2170 2169 2175
f 3734 3733 3735 3736
f 3734 3736 3737 2165
f 3734 2165 2164 2170
f 3737 3736 3738 3739
f 3737 3739 3740 2160
f 3737 2160 2159 2165
f 3740 3739 3741 3742
f 3740 3742 3743 2155
f 3740 2155 2154 2160
f 3743 3742 3744 3745
f 3743 3745 3746 2150
f 3743 2150 2149 2155
f 3746 3745 3747 3748
f 3746 3748 3749 2145
f 3746 2145 2144 2150
f 3749 3748 3750 3751
f 3749 3751 3752 2140
f 3749 2140 2139 2145
f 3752 3751 3753 3754
f 3752 3754 3755 2135
f 3752 2135 2134 2140
f 3755 3754 3756 3757
f 3755 3757 3758 2130
f 3755 2130 2129 2135
f 3758 3757 3759 3760
f 3758 3760 3761 2125
f 3758 2125 2124 2130
f 3761 3760 3762 3763
f 3761 3763 3764 2120
f 3761 2120 2119 2125
f 3764 3763 3765 3766
f 3764 3766 3767 2115
f 3764 2115 2114 2120
f 3767 3766 3768 3769
f 3767 3769 3770 2110
f 3767 2110 2109 2115
f 3770 3769 3771 3772
f 3770 3772 3773 2105
f 3770 2105 2104 2110
f 3773 3772 3774 3775
f 3773 3775 3776 2100
f 3773 2100 2099 2105
f 3776 3775 3777 3778
f 3776 3778 3779 2095
f 3776 2095 2094 2100
f 3779 3778 3780 3781
f 3779 3781 3782 2090
f 3779 2090 2089 2095
f 3782 3781 3783 3784
f 3782 3784 3785 2085
f 3782 2085 2084 2090
f 3785 3784 3786 3787
f 3785 3787 3788 2080
f 3785 2080 2079 2085
f 3788 3787 3789 3790
f 3788 3790 3791 2075
f 3788 2075 2074 2080
f 3791 3790 3792 3793
f 3791 3793 3794 2070
f 3791 2070 2069 2075
f 3794 3793 3795 3796
f 3794 3796 3797 2065
f 3794 2065 2064 2070
f 3797 3796 3798 3799
f 3797 3799 3800 2060
f 3797 2060 2059 2065
f 3800 3799 3801 3802
f 3800 3802 3803 2055
f 3800 2055 2054 2060
f 3803 3802 3804 3805
f 3803 3805 3806 2050
f 3803 2050 2049 2055
f 3806 3805 3807 3808
f 3806 3808 3809 2045
f 3806 2045 2044 2050
f 3809 3808 3810 3811
f 3809 3811 3812 2040
f 3809 2040 2039 2045
f 3812 3811 3813 3814
f 3812 3814 3815 2035
f 3812 2035 2034 2040
f 3815 3814 3816 3817
f 3815 3817 3818 2030
f 3815 2030 2029 2035
f 3818 3817 3819 3820
f 3818 3820 3821 2025
f 3818 2025 2024 2030
f 3821 3820 3822 3823
f 3821 3823 3824 2020
f 3821 2020 2019 2025
f 3824 3823 3825 3826
f 3824 3826 3827 2015
f 3824 2015 2014 2020
f 3827 3826 3828 3829
f 3827 3829 3830 2010
f 3827 2010 2009 2015
f 3830 3829 3831 3832
f 3830 3832 3833 2005
f 3830 2005 2004 2010
f 3833 3832 3834 3835
f 3833 3835 3836 2000
f 3833 2000 1999 2005
f 3836 3835 3837 3838
f 3836 3838 3839 1995
f 3836 1995 1994 2000
f 3839 3838 3840 3841
f 3839 3841 3842 1990
f 3839 1990 1989 1995
f 3842 3841 3843 3844
f 3842 3844 3845 1985
f 3842 1985 1984 1990
f 3845 3844 3846 3847
f 3845 3847 3848 1980
f 3845 1980 1979 1985
f 3848 3847 3849 3850
f 3848 3850 3851 1975
f 3848 1975 1974 1980
f 3851 3850 3852 3853
f 3851 3853 3854 1970
f 3851 1970 1969 1975
f 3854 3853 3855 3856
f 3854 3856 3857 1965
f 3854 1965 1964 1970
f 3857 3856 3858 3859
f 3857 3859 3860 1960
f 3857 1960 1959 1965
f 3860 3859 3861 3862
f 3860 3862 3863 1955
f 3860 1955 1954 1960
f 3863 3862 3864 3865
f 3863 3865 3866 1950
f 3863 1950 1949 1955
f 3866 3865 3867 3868
f 3866 3868 3869 1945
f 3866 1945 1944 1950
f 3869 3868 3870 3871
f 3869 3871 3872 1940
f 3869 1940 1939 1945
f 3872 3871 3873 3874
f 3872 3874 3875 1935
f 3872 1935 1934 1940
f 3875 3874 3876 3877
f 3875 3877 3878 1930
f 3875 1930 1929 1935
f 3878 3877 3879 3880
f 3878 3880 3881 1925
f 3878 1925 1924 1930
f 3881 3880 3882 3883
f 3881 3883 3884 1920
f 3881 1920 1919 1925
f 3884 3883 3885 3886
f 3884 3886 3887 1915
f 3884 1915 1914 1920
f 3887 3886 3888 3889
f 3887 3889 3890 1910
f 3887 1910 1909 1915
f 3890 3889 3891 3892
f 3890 3892 3893 1905
f 3890 1905 1904 1910
f 3893 3892 3894 3895
f 3893 3895 3896 1901
f 3893 1901 1900 1905
f 3896 3895 3897 3898
f 3896 3898 3899 1898
f 3896 1898 1897 1901
f 3899 3898 3900 3901
f 3899 3901 33 32
f 3899 32 34 1898
f 3901 3900 3902 3903
f 3901 3903 3904 33
f 3904 3903 3905 3906
f 3904 3906 3907 3908
f 3904 3908 29 33
f 3908 3907 1893 1892
f 3908 1892 30 29
f 3907 3906 3909 3910
f 3907 3910 3911 1893
f 3911 3910 27 3912
f 3911 3912 3913 1888
f 3911 1888 1887 1893
f 3913 3912 3914 52
f 3913 52 48 47
f 3913 47 1885 1888
f 3914 57 53 52
f 3914 3912 27 26
f 3914 26 3915 57
f 3915 62 58 57
f 3915 26 25 3916
f 3915 3916 3917 62
f 3917 67 63 62
f 3917 3916 3918 3919
f 3917 3919 3920 67
f 3920 72 68 67
f 3920 3919 3921 3922
f 3920 3922 3923 72
f 3923 77 73 72
f 3923 3922 3924 3925
f 3923 3925 3926 77
f 3926 82 78 77
f 3926 3925 3927 3928
f 3926 3928 3929 82
f 3929 87 83 82
f 3929 3928 3930 3931
f 3929 3931 3932 87
f 3932 92 88 87
f 3932 3931 3933 3934
f 3932 3934 3935 92
f 3935 97 93 92
f 3935 3934 3936 3937
f 3935 3937 3938 97
f 3938 102 98 97
f 3938 3937 3939 3940
f 3938 3940 3941 102
f 3941 107 103 102
f 3941 3940 3942 3943
f 3941 3943 3944 107
f 3944 112 108 107
f 3944 3943 3945 3946
f 3944 3946 3947 112
f 3947 117 113 112
f 3947 3946 3948 3949
f 3947 3949 3950 117
f 3950 122 118 117
f 3950 3949 3951 3952
f 3950 3952 3953 122
f 3953 127 123 122
f 3953 3952 3954 3955
f 3953 3955 3956 127
f 3956 132 128 127
f 3956 3955 3957 3958
f 3956 3958 3959 132
f 3959 137 133 132
f 3959 3958 3960 3961
f 3959 3961 3962 137
f 3962 142 138 137
f 3962 3961 3963 3964
f 3962 3964 3965 142
f 3965 147 143 142
f 3965 3964 3966 3967
f 3965 3967 3968 147
f 3968 152 148 147
f 3968 3967 3969 3970
f 3968 3970 3971 152
f 3971 157 153 152
f 3971 3970 3972 3973
f 3971 3973 3974 157
f 3974 162 158 157
f 3974 3973 3975 3976
f 3974 3976 3977 162
f 3977 167 163 162
f 3977 3976 3978 3979
f 3977 3979 3980 167
f 3980 172 168 167
f 3980 3979 3981 3982
f 3980 3982 3983 172
f 3983 177 173 172
f 3983 3982 3984 3985
f 3983 3985 3986 177
f 3986 182 178 177
f 3986 3985 3987 3988
f 3986 3988 3989 182
f 3989 187 183 182
f 3989 3988 3990 3991
f 3989 3991 3992 187
f 3992 192 188 187
f 3992 3991 3993 3994
f 3992 3994 3995 192
f 3995 197 193 192
f 3995 3994 3996 3997
f 3995 3997 3998 197
f 3998 202 198 197
f 3998 3997 3999 4000
f 3998 4000 4001 202
f 4001 207 203 202
f 4001 4000 4002 4003
f 4001 4003 4004 207
f 4004 212 208 207
f 4004 4003 4005 4006
f 4004 4006 4007 212
f 4007 217 213 212
f 4007 4006 4008 4009
f 4007 4009 4010 217
f 4010 222 218 217
f 4010 4009 4011 4012
f 4010 4012 4013 222
f 4013 227 223 222
f 4013 4012 4014 4015
f 4013 4015 4016 227
f 4016 232 228 227
f 4016 4015 4017 4018
f 4016 4018 4019 232
f 4019 237 233 232
f 4019 4018 4020 4021
f 4019 4021 4022 237
f 4022 242 238 237
f 4022 4021 4023 4024
f 4022 4024 4025 242
f 4025 247 243 242
f 4025 4024 4026 4027
f 4025 4027 4028 247
f 4028 252 248 247
f 4028 4027 4029 4030
f 4028 4030 4031 252
f 4031 257 253 252
f 4031 4030 4032 4033
f 4031 4033 4034 257
f 4034 262 258 257
f 4034 4033 4035 4036
f 4034 4036 4037 262
f 4037 267 263 262
f 4037 4036 4038 4039
f 4037 4039 4040 267
f 4040 272 268 267
f 4040 4039 4041 4042
f 4040 4042 4043 272
f 4043 277 273 272
f 4043 4042 4044 4045
f 4043 4045 4046 277
f 4046 282 278 277
f 4046 4045 4047 4048
f 4046 4048 4049 282
f 4049 287 283 282
f 4049 4048 4050 4051
f 4049 4051 4052 287
f 4052 292 288 287
f 4052 4051 4053 4054
f 4052 4054 4055 292
f 4055 297 293 292
f 4055 4054 4056 4057
f 4055 4057 4058 297
f 4058 302 298 297
f 4058 4057 4059 4060
f 4058 4060 4061 302
f 4061 307 303 302
f 4061 4060 4062 4063
f 4061 4063 4064 307
f 4064 312 308 307
f 4064 4063 4065 4066
f 4064 4066 4067 312
f 4067 317 313 312
f 4067 4066 4068 4069
f 4067 4069 4070 317
f 4070 322 318 317
f 4070 4069 4071 4072
f 4070 4072 4073 322
f 4073 327 323 322
f 4073 4072 4074 4075
f 4073 4075 4076 327
f 4076 332 328 327
f 4076 4075 4077 4078
f 4076 4078 4079 332
f 4079 337 333 332
f 4079 4078 4080 4081
f 4079 4081 4082 337
f 4082 342 338 337
f 4082 4081 4083 4084
f 4082 4084 4085 342
f 4085 347 343 342
f 4085 4084 4086 4087
f 4085 4087 4088 347
f 4088 352 348 347
f 4088 4087 4089 4090
f 4088 4090 4091 352
f 4091 357 353 352
f 4091 4090 4092 4093
f 4091 4093 4094 357
f 4094 362 358 357
f 4094 4093 4095 4096
f 4094 4096 4097 362
f 4097 367 363 362
f 4097 4096 4098 4099
f 4097 4099 4100 367
f 4100 372 368 367
f 4100 4099 4101 4102
f 4100 4102 4103 372
f 4103 377 373 372
f 4103 4102 4104 4105
f 4103 4105 4106 377
f 4106 382 378 377
f 4106 4105 4107 4108
f 4106 4108 4109 382
f 4109 387 383 382
f 4109 4108 4110 4111
f 4109 4111 4112 387
f 4112 392 388 387
f 4112 4111 4113 4114
f 4112 4114 4115 392
f 4115 397 393 392
f 4115 4114 4116 4117
f 4115 4117 4118 397
f 4118 402 398 397
f 4118 4117 4119 4120
f 4118 4120 4121 402
f 4121 407 403 402
f 4121 4120 4122 4123
f 4121 4123 4124 407
f 4124 412 408 407
f 4124 4123 4125 4126
f 4124 4126 4127 412
f 4127 417 413 412
f 4127 4126 4128 4129
f 4127 4129 4130 417
f 4130 422 418 417
f 4130 4129 4131 4132
f 4130 4132 4133 422
f 4133 427 423 422
f 4133 4132 4134 4135
f 4133 4135 4136 427
f 4136 432 428 427
f 4136 4135 4137 4138
f 4136 4138 4139 432
f 4139 437 433 432
f 4139 4138 4140 4141
f 4139 4141 4142 437
f 4142 442 438 437
f 4142 4141 4143 4144
f 4142 4144 4145 442
f 4145 447 443 442
f 4145 4144 4146 4147
f 4145 4147 4148 447
f 4148 452 448 447
f 4148 4147 4149 4150
f 4148 4150 4151 452
f 4151 457 453 452
f 4151 4150 4152 4153
f 4151 4153 4154 457
f 4154 462 458 457
f 4154 4153 4155 4156
f 4154 4156 4157 462
f 4157 467 463 462
f 4157 4156 4158 4159
f 4157 4159 4160 467
f 4160 472 468 467
f 4160 4159 4161 4162
f 4160 4162 4163 472
f 4163 477 473 472
f 4163 4162 4164 4165
f 4163 4165 4166 477
f 4166 482 478 477
f 4166 4165 4167 4168
f 4166 4168 4169 482
f 4169 487 483 482
f 4169 4168 4170 4171
f 4169 4171 4172 487
f 4172 492 488 487
f 4172 4171 4173 4174
f 4172 4174 4175 492
f 4175 497 493 492
f 4175 4174 4176 4177
f 4175 4177 4178 497
f 4178 502 498 497
f 4178 4177 4179 4180
f 4178 4180 4181 502
f 4181 507 503 502
f 4181 4180 4182 4183
f 4181 4183 4184 507
f 4184 512 508 507
f 4184 4183 4185 4186
f 4184 4186 4187 512
f 4187 517 513 512
f 4187 4186 4188 4189
f 4187 4189 4190 517
f 4190 522 518 517
f 4190 4189 4191 4192
f 4190 4192 4193 522
f 4193 527 523 522
f 4193 4192 4194 4195
f 4193 4195 4196 527
f 4196 532 528 527
f 4196 4195 4197 4198
f 4196 4198 4199 532
f 4199 537 533 532
f 4199 4198 4200 4201
f 4199 4201 4202 537
f 4202 542 538 537
f 4202 4201 4203 4204
f 4202 4204 4205 542
f 4205 547 543 542
f 4205 4204 4206 4207
f 4205 4207 4208 547
f 4208 552 548 547
f 4208 4207 4209 4210
f 4208 4210 4211 552
f 4211 557 553 552
f 4211 4210 4212 4213
f 4211 4213 4214 557
f 4214 562 558 557
f 4214 4213 4215 4216
f 4214 4216 4217 562
f 4217 567 563 562
f 4217 4216 4218 4219
f 4217 4219 4220 567
f 4220 572 568 567
f 4220 4219 4221 4222
f 4220 4222 4223 572
f 4223 577 573 572
f 4223 4222 4224 4225
f 4223 4225 4226 577
f 4226 582 578 577
f 4226 4225 4227 4228
f 4226 4228 4229 582
f 4229 587 583 582
f 4229 4228 4230 4231
f 4229 4231 4232 587
f 4232 592 588 587
f 4232 4231 4233 4234
f 4232 4234 4235 592
f 4235 597 593 592
f 4235 4234 4236 4237
f 4235 4237 4238 597
f 4238 602 598 597
f 4238 4237 4239 4240
f 4238 4240 4241 602
f 4241 607 603 602
f 4241 4240 4242 4243
f 4241 4243 4244 607
f 4244 612 608 607
f 4244 4243 4245 4246
f 4244 4246 4247 612
f 4247 617 613 612
f 4247 4246 4248 4249
f 4247 4249 4250 617
f 4250 622 618 617
f 4250 4249 4251 4252
f 4250 4252 4253 622
f 4253 627 623 622
f 4253 4252 4254 4255
f 4253 4255 4256 627
f 4256 632 628 627
f 4256 4255 4257 4258
f 4256 4258 4259 632
f 4259 637 633 632
f 4259 4258 4260 4261
f 4259 4261 4262 637
f 4262 642 638 637
f 4262 4261 4263 4264
f 4262 4264 4265 642
f 4265 647 643 642
f 4265 4264 4266 4267
f 4265 4267 4268 647
f 4268 652 648 647
f 4268 4267 4269 4270
f 4268 4270 4271 652
f 4271 657 653 652
f 4271 4270 4272 4273
f 4271 4273 4274 657
f 4274 662 658 657
f 4274 4273 4275 4276
f 4274 4276 4277 662
f 4277 667 663 662
f 4277 4276 4278 4279
f 4277 4279 4280 667
f 4280 672 668 667
f 4280 4279 4281 4282
f 4280 4282 4283 672
f 4283 677 673 672
f 4283 4282 4284 4285
f 4283 4285 4286 677
f 4286 682 678 677
f 4286 4285 4287 4288
f 4286 4288 4289 682
f 4289 687 683 682
f 4289 4288 4290 4291
f 4289 4291 4292 687
f 4292 692 688 687
f 4292 4291 4293 4294
f 4292 4294 4295 692
f 4295 697 693 692
f 4295 4294 4296 4297
f 4295 4297 4298 697
f 4298 702 698 697
f 4298 4297 4299 4300
f 4298 4300 4301 702
f 4301 707 703 702
f 4301 4300 4302 4303
f 4301 4303 4304 707
f 4304 712 708 707
f 4304 4303 4305 4306
f 4304 4306 4307 712
f 4307 717 713 712
f 4307 4306 4308 4309
f 4307 4309 4310 717
f 4310 722 718 717
f 4310 4309 4311 4312
f 4310 4312 4313 722
f 4313 727 723 722
f 4313 4312 4314 4315
f 4313 4315 4316 727
f 4316 732 728 727
f 4316 4315 4317 4318
f 4316 4318 4319 732
f 4319 737 733 732
f 4319 4318 4320 4321
f 4319 4321 4322 737
f 4322 742 738 737
f 4322 4321 4323 4324
f 4322 4324 4325 742
f 4325 747 743 742
f 4325 4324 4326 4327
f 4325 4327 4328 747
f 4328 752 748 747
f 4328 4327 4329 4330
f 4328 4330 4331 752
f 4331 757 753 752
f 4331 4330 4332 4333
f 4331 4333 4334 757
f 4334 762 758 757
f 4334 4333 4335 4336
f 4334 4336 4337 762
f 4337 767 763 762
f 4337 4336 4338 4339
f 4337 4339 4340 767
f 4340 772 768 767
f 4340 4339 4341 4342
f 4340 4342 4343 772
f 4343 777 773 772
f 4343 4342 4344 4345
f 4343 4345 4346 777
f 4346 782 778 777
f 4346 4345 4347 4348
f 4346 4348 4349 782
f 4349 787 783 782
f 4349 4348 4350 4351
f 4349 4351 4352 787
f 4352 792 788 787
f 4352 4351 4353 4354
f 4352 4354 4355 792
f 4355 797 793 792
f 4355 4354 4356 4357
f 4355 4357 4358 797
f 4358 802 798 797
f 4358 4357 4359 4360
f 4358 4360 4361 802
f 4361 807 803 802
f 4361 4360 4362 4363
f 4361 4363 4364 807
f 4364 812 808 807
f 4364 4363 4365 4366
f 4364 4366 4367 812
f 4367 817 813 812
f 4367 4366 4368 4369
f 4367 4369 4370 817
f 4370 822 818 817
f 4370 4369 4371 4372
f 4370 4372 4373 822
f 4373 827 823 822
f 4373 4372 4374 4375
f 4373 4375 4376 827
f 4376 832 828 827
f 4376 4375 4377 4378
f 4376 4378 4379 832
f 4379 837 833 832
f 4379 4378 4380 4381
f 4379 4381 4382 837
f 4382 842 838 837
f 4382 4381 4383 4384
f 4382 4384 4385 842
f 4385 847 843 842
f 4385 4384 4386 4387
f 4385 4387 4388 847
f 4388 852 848 847
f 4388 4387 4389 4390
f 4388 4390 4391 852
f 4391 857 853 852
f 4391 4390 4392 4393
f 4391 4393 4394 857
f 4394 862 858 857
f 4394 4393 4395 4396
f 4394 4396 4397 862
f 4397 867 863 862
f 4397 4396 4398 4399
f 4397 4399 4400 867
f 4400 872 868 867
f 4400 4399 4401 4402
f 4400 4402 4403 872
f 4403 877 873 872
f 4403 4402 4404 4405
f 4403 4405 4406 877
f 4406 882 878 877
f 4406 4405 4407 4408
f 4406 4408 4409 882
f 4409 887 883 882
f 4409 4408 4410 4411
f 4409 4411 4412 887
f 4412 892 888 887
f 4412 4411 4413 4414
f 4412 4414 4415 892
f 4415 897 893 892
f 4415 4414 4416 4417
f 4415 4417 4418 897
f 4418 902 898 897
f 4418 4417 4419 4420
f 4418 4420 4421 902
f 4421 907 903 902
f 4421 4420 4422 4423
f 4421 4423 4424 907
f 4424 912 908 907
f 4424 4423 4425 4426
f 4424 4426 4427 912
f 4427 917 913 912
f 4427 4426 4428 4429
f 4427 4429 4430 917
f 4430 922 918 917
f 4430 4429 4431 4432
f 4430 4432 4433 922
f 4433 927 923 922
f 4433 4432 4434 4435
f 4433 4435 4436 927
f 4436 932 928 927
f 4436 4435 4437 4438
f 4436 4438 4439 932
f 4439 937 933 932
f 4439 4438 4440 4441
f 4439 4441 4442 937
f 4442 942 938 937
f 4442 4441 4443 4444
f 4442 4444 4445 942
f 4445 947 943 942
f 4445 4444 4446 4447
f 4445 4447 4448 947
f 4448 952 948 947
f 4448 4447 4449 4450
f 4448 4450 4451 952
f 4451 957 953 952
f 4451 4450 4452 4453
f 4451 4453 4454 957
f 4454 962 958 957
f 4454 4453 4455 4456
f 4454 4456 4457 962
f 4457 967 963 962
f 4457 4456 4458 4459
f 4457 4459 4460 967
f 4460 972 968 967
f 4460 4459 4461 4462
f 4460 4462 4463 972
f 4463 977 973 972
f 4463 4462 4464 4465
f 4463 4465 4466 977
f 4466 982 978 977
f 4466 4465 4467 4468
f 4466 4468 4469 982
f 4469 987 983 982
f 4469 4468 4470 4471
f 4469 4471 4472 987
f 4472 992 988 987
f 4472 4471 4473 4474
f 4472 4474 4475 992
f 4475 997 993 992
f 4475 4474 4476 4477
f 4475 4477 4478 997
f 4478 1002 998 997
f 4478 4477 4479 4480
f 4478 4480 4481 1002
f 4481 1007 1003 1002
f 4481 4480 4482 4483
f 4481 4483 4484 1007
f 4484 1012 1008 1007
f 4484 4483 4485 4486
f 4484 4486 4487 1012
f 4487 1017 1013 1012
f 4487 4486 4488 4489
f 4487 4489 4490 1017
f 4490 1022 1018 1017
f 4490 4489 4491 4492
f 4490 4492 4493 1022
f 4493 1027 1023 1022
f 4493 4492 4494 4495
f 4493 4495 4496 1027
f 4496 1032 1028 1027
f 4496 4495 4497 4498
f 4496 4498 4499 1032
f 4499 1037 1033 1032
f 4499 4498 4500 4501
f 4499 4501 4502 1037
f 4502 1042 1038 1037
f 4502 4501 4503 4504
f 4502 4504 4505 1042
f 4505 1047 1043 1042
f 4505 4504 4506 4507
f 4505 4507 4508 1047
f 4508 1052 1048 1047
f 4508 4507 4509 4510
f 4508 4510 4511 1052
f 4511 1057 1053 1052
f 4511 4510 4512 4513
f 4511 4513 4514 1057
f 4514 1062 1058 1057
f 4514 4513 4515 4516
f 4514 4516 4517 1062
f 4517 1067 1063 1062
f 4517 4516 4518 4519
f 4517 4519 4520 1067
f 4520 1072 1068 1067
f 4520 4519 4521 4522
f 4520 4522 4523 1072
f 4523 1077 1073 1072
f 4523 4522 4524 4525
f 4523 4525 4526 1077
f 4526 1082 1078 1077
f 4526 4525 4527 4528
f 4526 4528 4529 1082
f 4529 1087 1083 1082
f 4529 4528 4530 4531
f 4529 4531 4532 1087
f 4532 1092 1088 1087
f 4532 4531 4533 4534
f 4532 4534 4535 1092
f 4535 1097 1093 1092
f 4535 4534 4536 4537
f 4535 4537 4538 1097
f 4538 1102 1098 1097
f 4538 4537 4539 4540
f 4538 4540 4541 1102
f 4541 1107 1103 1102
f 4541 4540 4542 4543
f 4541 4543 4544 1107
f 4544 1112 1108 1107
f 4544 4543 4545 4546
f 4544 4546 4547 1112
f 4547 1117 1113 1112
f 4547 4546 4548 4549
f 4547 4549 4550 1117
f 4550 1122 1118 1117
f 4550 4549 4551 4552
f 4550 4552 4553 1122
f 4553 1127 1123 1122
f 4553 4552 4554 4555
f 4553 4555 4556 1127
f 4556 1132 1128 1127
f 4556 4555 4557 4558
f 4556 4558 4559 1132
f 4559 1137 1133 1132
f 4559 4558 4560 4561
f 4559 4561 4562 1137
f 4562 1142 1138 1137
f 4562 4561 4563 4564
f 4562 4564 4565 1142
f 4565 1147 1143 1142
f 4565 4564 4566 4567
f 4565 4567 4568 1147
f 4568 1152 1148 1147
f 4568 4567 4569 4570
f 4568 4570 4571 1152
f 4571 1157 1153 1152
f 4571 4570 4572 4573
f 4571 4573 4574 1157
f 4574 1162 1158 1157
f 4574 4573 4575 4576
f 4574 4576 1168 1162
f 4576 4575 4577 4578
f 4576 4578 1169 1168
f 4578 4577 4579 4580
f 4578 4580 1171 1169
f 4580 4579 3246 4581
f 4580 4581 1173 1171
f 4581 3246 3244 3243
f 4581 3243 4582 1173
f 4582 1177 1174 1173
f 4582 3243 3241 3240
f 4582 3240 1183 1177
f 4579 4577 4583 3249
f 4579 3249 3247 3246
f 4583 4577 4575 4584
f 4583 4584 4585 3252
f 4583 3252 3250 3249
f 4585 4584 4572 4586
f 4585 4586 4587 3255
f 4585 3255 3253 3252
f 4587 4586 4569 4588
f 4587 4588 4589 3258
f 4587 3258 3256 3255
f 4589 4588 4566 4590
f 4589 4590 4591 3261
f 4589 3261 3259 3258
f 4591 4590 4563 4592
f 4591 4592 4593 3264
f 4591 3264 3262 3261
f 4593 4592 4560 4594
f 4593 4594 4595 3267
f 4593 3267 3265 3264
f 4595 4594 4557 4596
f 4595 4596 4597 3270
f 4595 3270 3268 3267
f 4597 4596 4554 4598
f 4597 4598 4599 3273
f 4597 3273 3271 3270
f 4599 4598 4551 4600
f 4599 4600 4601 3276
f 4599 3276 3274 3273
f 4601 4600 4548 4602
f 4601 4602 4603 3279
f 4601 3279 3277 3276
f 4603 4602 4545 4604
f 4603 4604 4605 3282
f 4603 3282 3280 3279
f 4605 4604 4542 4606
f 4605 4606 4607 3285
f 4605 3285 3283 3282
f 4607 4606 4539 4608
f 4607 4608 4609 3288
f 4607 3288 3286 3285
f 4609 4608 4536 4610
f 4609 4610 4611 3291
f 4609 3291 3289 3288
f 4611 4610 4533 4612
f 4611 4612 4613 3294
f 4611 3294 3292 3291
f 4613 4612 4530 4614
f 4613 4614 4615 3297
f 4613 3297 3295 3294
f 4615 4614 4527 4616
f 4615 4616 4617 3300
f 4615 3300 3298 3297
f 4617 4616 4524 4618
f 4617 4618 4619 3303
f 4617 3303 3301 3300
f 4619 4618 4521 4620
f 4619 4620 4621 3306
f 4619 3306 3304 3303
f 4621 4620 4518 4622
f 4621 4622 4623 3309
f 4621 3309 3307 3306
f 4623 4622 4515 4624
f 4623 4624 4625 3312
f 4623 3312 3310 3309
f 4625 4624 4512 4626
f 4625 4626 4627 3315
f 4625 3315 3313 3312
f 4627 4626 4509 4628
f 4627 4628 4629 3318
f 4627 3318 3316 3315
f 4629 4628 4506 4630
f 4629 4630 4631 3321
f 4629 3321 3319 3318
f 4631 4630 4503 4632
f 4631 4632 4633 3324
f 4631 3324 3322 3321
f 4633 4632 4500 4634
f 4633 4634 4635 3327
f 4633 3327 3325 3324
f 4635 4634 4497 4636
f 4635 4636 4637 3330
f 4635 3330 3328 3327
f 4637 4636 4494 4638
f 4637 4638 4639 3333
f 4637 3333 3331 3330
f 4639 4638 4491 4640
f 4639 4640 4641 3336
f 4639 3336 3334 3333
f 4641 4640 4488 4642
f 4641 4642 4643 3339
f 4641 3339 3337 3336
f 4643 4642 4485 4644
f 4643 4644 4645 3342
f 4643 3342 3340 3339
f 4645 4644 4482 4646
f 4645 4646 4647 3345
f 4645 3345 3343 3342
f 4647 4646 4479 4648
f 4647 4648 4649 3348
f 4647 3348 3346 3345
f 4649 4648 4476 4650
f 4649 4650 4651 3351
f 4649 3351 3349 3348
f 4651 4650 4473 4652
f 4651 4652 4653 3354
f 4651 3354 3352 3351
f 4653 4652 4470 4654
f 4653 4654 4655 3357
f 4653 3357 3355 3354
f 4655 4654 4467 4656
f 4655 4656 4657 3360
f 4655 3360 3358 3357
f 4657 4656 4464 4658
f 4657 4658 4659 3363
f 4657 3363 3361 3360
f 4659 4658 4461 4660
f 4659 4660 4661 3366
f 4659 3366 3364 3363
f 4661 4660 4458 4662
f 4661 4662 4663 3369
f 4661 3369 3367 3366
f 4663 4662 4455 4664
f 4663 4664 4665 3372
f 4663 3372 3370 3369
f 4665 4664 4452 4666
f 4665 4666 4667 3375
f 4665 3375 3373 3372
f 4667 4666 4449 4668
f 4667 4668 4669 3378
f 4667 3378 3376 3375
f 4669 4668 4446 4670
f 4669 4670 4671 3381
f 4669 3381 3379 3378
f 4671 4670 4443 4672
f 4671 4672 4673 3384
f 4671 3384 3382 3381
f 4673 4672 4440 4674
f 4673 4674 4675 3387
f 4673 3387 3385 3384
f 4675 4674 4437 4676
f 4675 4676 4677 3390
f 4675 3390 3388 3387
f 4677 4676 4434 4678
f 4677 4678 4679 3393
f 4677 3393 3391 3390
f 4679 4678 4431 4680
f 4679 4680 4681 3396
f 4679 3396 3394 3393
f 4681 4680 4428 4682
f 4681 4682 4683 3399
f 4681 3399 3397 3396
f 4683 4682 4425 4684
f 4683 4684 4685 3402
f 4683 3402 3400 3399
f 4685 4684 4422 4686
f 4685 4686 4687 3405
f 4685 3405 3403 3402
f 4687 4686 4419 4688
f 4687 4688 4689 3408
f 4687 3408 3406 3405
f 4689 4688 4416 4690
f 4689 4690 4691 3411
f 4689 3411 3409 3408
f 4691 4690 4413 4692
f 4691 4692 4693 3414
f 4691 3414 3412 3411
f 4693 4692 4410 4694
f 4693 4694 4695 3417
f 4693 3417 3415 3414
f 4695 4694 4407 4696
f 4695 4696 4697 3420
f 4695 3420 3418 3417
f 4697 4696 4404 4698
f 4697 4698 4699 3423
f 4697 3423 3421 3420
f 4699 4698 4401 4700
f 4699 4700 4701 3426
f 4699 3426 3424 3423
f 4701 4700 4398 4702
f 4701 4702 4703 3429
f 4701 3429 3427 3426
f 4703 4702 4395 4704
f 4703 4704 4705 3432
f 4703 3432 3430 3429
f 4705 4704 4392 4706
f 4705 4706 4707 3435
f 4705 3435 3433 3432
f 4707 4706 4389 4708
f 4707 4708 4709 3438
f 4707 3438 3436 3435
f 4709 4708 4386 4710
f 4709 4710 4711 3441
f 4709 3441 3439 3438
f 4711 4710 4383 4712
f 4711 4712 4713 3444
f 4711 3444 3442 3441
f 4713 4712 4380 4714
f 4713 4714 4715 3447
f 4713 3447 3445 3444
f 4715 4714 4377 4716
f 4715 4716 4717 3450
f 4715 3450 3448 3447
f 4717 4716 4374 4718
f 4717 4718 4719 3453
f 4717 3453 3451 3450
f 4719 4718 4371 4720
f 4719 4720 4721 3456
f 4719 3456 3454 3453
f 4721 4720 4368 4722
f 4721 4722 4723 3459
f 4721 3459 3457 3456
f 4723 4722 4365 4724
f 4723 4724 4725 3462
f 4723 3462 3460 3459
f 4725 4724 4362 4726
f 4725 4726 4727 3465
f 4725 3465 3463 3462
f 4727 4726 4359 4728
f 4727 4728 4729 3468
f 4727 3468 3466 3465
f 4729 4728 4356 4730
f 4729 4730 4731 3471
f 4729 3471 3469 3468
f 4731 4730 4353 4732
f 4731 4732 4733 3474
f 4731 3474 3472 3471
f 4733 4732 4350 4734
f 4733 4734 4735 3477
f 4733 3477 3475 3474
f 4735 4734 4347 4736
f 4735 4736 4737 3480
f 4735 3480 3478 3477
f 4737 4736 4344 4738
f 4737 4738 4739 3483
f 4737 3483 3481 3480
f 4739 4738 4341 4740
f 4739 4740 4741 3486
f 4739 3486 3484 3483
f 4741 4740 4338 4742
f 4741 4742 4743 3489
f 4741 3489 3487 3486
f 4743 4742 4335 4744
f 4743 4744 4745 3492
f 4743 3492 3490 3489
f 4745 4744 4332 4746
f 4745 4746 4747 3495
f 4745 3495 3493 3492
f 4747 4746 4329 4748
f 4747 4748 4749 3498
f 4747 3498 3496 3495
f 4749 4748 4326 4750
f 4749 4750 4751 3501
f 4749 3501 3499 3498
f 4751 4750 4323 4752
f 4751 4752 4753 3504
f 4751 3504 3502 3501
f 4753 4752 4320 4754
f 4753 4754 4755 3507
f 4753 3507 3505 3504
f 4755 4754 4317 4756
f 4755 4756 4757 3510
f 4755 3510 3508 3507
f 4757 4756 4314 4758
f 4757 4758 4759 3513
f 4757 3513 3511 3510
f 4759 4758 4311 4760
f 4759 4760 4761 3516
f 4759 3516 3514 3513
f 4761 4760 4308 4762
f 4761 4762 4763 3519
f 4761 3519 3517 3516
f 4763 4762 4305 4764
f 4763 4764 4765 3522
f 4763 3522 3520 3519
f 4765 4764 4302 4766
f 4765 4766 4767 3525
f 4765 3525 3523 3522
f 4767 4766 4299 4768
f 4767 4768 4769 3528
f 4767 3528 3526 3525
f 4769 4768 4296 4770
f 4769 4770 4771 3531
f 4769 3531 3529 3528
f 4771 4770 4293 4772
f 4771 4772 4773 3534
f 4771 3534 3532 3531
f 4773 4772 4290 4774
f 4773 4774 4775 3537
f 4773 3537 3535 3534
f 4775 4774 4287 4776
f 4775 4776 4777 3540
f 4775 3540 3538 3537
f 4777 4776 4284 4778
f 4777 4778 4779 3543
f 4777 3543 3541 3540
f 4779 4778 4281 4780
f 4779 4780 4781 3546
f 4779 3546 3544 3543
f 4781 4780 4278 4782
f 4781 4782 4783 3549
f 4781 3549 3547 3546
f 4783 4782 4275 4784
f 4783 4784 4785 3552
f 4783 3552 3550 3549
f 4785 4784 4272 4786
f 4785 4786 4787 3555
f 4785 3555 3553 3552
f 4787 4786 4269 4788
f 4787 4788 4789 3558
f 4787 3558 3556 3555
f 4789 4788 4266 4790
f 4789 4790 4791 3561
f 4789 3561 3559 3558
f 4791 4790 4263 4792
f 4791 4792 4793 3564
f 4791 3564 3562 3561
f 4793 4792 4260 4794
f 4793 4794 4795 3567
f 4793 3567 3565 3564
f 4795 4794 4257 4796
f 4795 4796 4797 3570
f 4795 3570 3568 3567
f 4797 4796 4254 4798
f 4797 4798 4799 3573
f 4797 3573 3571 3570
f 4799 4798 4251 4800
f 4799 4800 4801 3576
f 4799 3576 3574 3573
f 4801 4800 4248 4802
f 4801 4802 4803 3579
f 4801 3579 3577 3576
f 4803 4802 4245 4804
f 4803 4804 4805 3582
f 4803 3582 3580 3579
f 4805 4804 4242 4806
f 4805 4806 4807 3585
f 4805 3585 3583 3582
f 4807 4806 4239 4808
f 4807 4808 4809 3588
f 4807 3588 3586 3585
f 4809 4808 4236 4810
f 4809 4810 4811 3591
f 4809 3591 3589 3588
f 4811 4810 4233 4812
f 4811 4812 4813 3594
f 4811 3594 3592 3591
f 4813 4812 4230 4814
f 4813 4814 4815 3597
f 4813 3597 3595 3594
f 4815 4814 4227 4816
f 4815 4816 4817 3600
f 4815 3600 3598 3597
f 4817 4816 4224 4818
f 4817 4818 4819 3603
f 4817 3603 3601 3600
f 4819 4818 4221 4820
f 4819 4820 4821 3606
f 4819 3606 3604 3603
f 4821 4820 4218 4822
f 4821 4822 4823 3609
f 4821 3609 3607 3606
f 4823 4822 4215 4824
f 4823 4824 4825 3612
f 4823 3612 3610 3609
f 4825 4824 4212 4826
f 4825 4826 4827 3615
f 4825 3615 3613 3612
f 4827 4826 4209 4828
f 4827 4828 4829 3618
f 4827 3618 3616 3615
f 4829 4828 4206 4830
f 4829 4830 4831 3621
f 4829 3621 3619 3618
f 4831 4830 4203 4832
f 4831 4832 4833 3624
f 4831 3624 3622 3621
f 4833 4832 4200 4834
f 4833 4834 4835 3627
f 4833 3627 3625 3624
f 4835 4834 4197 4836
f 4835 4836 4837 3630
f 4835 3630 3628 3627
f 4837 4836 4194 4838
f 4837 4838 4839 3633
f 4837 3633 3631 3630
f 4839 4838 4191 4840
f 4839 4840 4841 3636
f 4839 3636 3634 3633
f 4841 4840 4188 4842
f 4841 4842 4843 3639
f 4841 3639 3637 3636
f 4843 4842 4185 4844
f 4843 4844 4845 3642
f 4843 3642 3640 3639
f 4845 4844 4182 4846
f 4845 4846 4847 3645
f 4845 3645 3643 3642
f 4847 4846 4179 4848
f 4847 4848 4849 3648
f 4847 3648 3646 3645
f 4849 4848 4176 4850
f 4849 4850 4851 3651
f 4849 3651 3649 3648
f 4851 4850 4173 4852
f 4851 4852 4853 3654
f 4851 3654 3652 3651
f 4853 4852 4170 4854
f 4853 4854 4855 3657
f 4853 3657 3655 3654
f 4855 4854 4167 4856
f 4855 4856 4857 3660
f 4855 3660 3658 3657
f 4857 4856 4164 4858
f 4857 4858 4859 3663
f 4857 3663 3661 3660
f 4859 4858 4161 4860
f 4859 4860 4861 3666
f 4859 3666 3664 3663
f 4861 4860 4158 4862
f 4861 4862 4863 3669
f 4861 3669 3667 3666
f 4863 4862 4155 4864
f 4863 4864 4865 3672
f 4863 3672 3670 3669
f 4865 4864 4152 4866
f 4865 4866 4867 3675
f 4865 3675 3673 3672
f 4867 4866 4149 4868
f 4867 4868 4869 3678
f 4867 3678 3676 3675
f 4869 4868 4146 4870
f 4869 4870 4871 3681
f 4869 3681 3679 3678
f 4871 4870 4143 4872
f 4871 4872 4873 3684
f 4871 3684 3682 3681
f 4873 4872 4140 4874
f 4873 4874 4875 3687
f 4873 3687 3685 3684
f 4875 4874 4137 4876
f 4875 4876 4877 3690
f 4875 3690 3688 3687
f 4877 4876 4134 4878
f 4877 4878 4879 3693
f 4877 3693 3691 3690
f 4879 4878 4131 4880
f 4879 4880 4881 3696
f 4879 3696 3694 3693
f 4881 4880 4128 4882
f 4881 4882 4883 3699
f 4881 3699 3697 3696
f 4883 4882 4125 4884
f 4883 4884 4885 3702
f 4883 3702 3700 3699
f 4885 4884 4122 4886
f 4885 4886 4887 3705
f 4885 3705 3703 3702
f 4887 4886 4119 4888
f 4887 4888 4889 3708
f 4887 3708 3706 3705
f 4889 4888 4116 4890
f 4889 4890 4891 3711
f 4889 3711 3709 3708
f 4891 4890 4113 4892
f 4891 4892 4893 3714
f 4891 3714 3712 3711
f 4893 4892 4110 4894
f 4893 4894 4895 3717
f 4893 3717 3715 3714
f 4895 4894 4107 4896
f 4895 4896 4897 3720
f 4895 3720 3718 3717
f 4897 4896 4104 4898
f 4897 4898 4899 3723
f 4897 3723 3721 3720
f 4899 4898 4101 4900
f 4899 4900 4901 3726
f 4899 3726 3724 3723
f 4901 4900 4098 4902
f 4901 4902 4903 3729
f 4901 3729 3727 3726
f 4903 4902 4095 4904
f 4903 4904 4905 3732
f 4903 3732 3730 3729
f 4905 4904 4092 4906
f 4905 4906 4907 3735
f 4905 3735 3733 3732
f 4907 4906 4089 4908
f 4907 4908 4909 3738
f 4907 3738 3736 3735
f 4909 4908 4086 4910
f 4909 4910 4911 3741
f 4909 3741 3739 3738
f 4911 4910 4083 4912
f 4911 4912 4913 3744
f 4911 3744 3742 3741
f 4913 4912 4080 4914
f 4913 4914 4915 3747
f 4913 3747 3745 3744
f 4915 4914 4077 4916
f 4915 4916 4917 3750
f 4915 3750 3748 3747
f 4917 4916 4074 4918
f 4917 4918 4919 3753
f 4917 3753 3751 3750
f 4919 4918 4071 4920
f 4919 4920 4921 3756
f 4919 3756 3754 3753
f 4921 4920 4068 4922
f 4921 4922 4923 3759
f 4921 3759 3757 3756
f 4923 4922 4065 4924
f 4923 4924 4925 3762
f 4923 3762 3760 3759
f 4925 4924 4062 4926
f 4925 4926 4927 3765
f 4925 3765 3763 3762
f 4927 4926 4059 4928
f 4927 4928 4929 3768
f 4927 3768 3766 3765
f 4929 4928 4056 4930
f 4929 4930 4931 3771
f 4929 3771 3769 3768
f 4931 4930 4053 4932
f 4931 4932 4933 3774
f 4931 3774 3772 3771
f 4933 4932 4050 4934
f 4933 4934 4935 3777
f 4933 3777 3775 3774
f 4935 4934 4047 4936
f 4935 4936 4937 3780
f 4935 3780 3778 3777
f 4937 4936 4044 4938
f 4937 4938 4939 3783
f 4937 3783 3781 3780
f 4939 4938 4041 4940
f 4939 4940 4941 3786
f 4939 3786 3784 3783
f 4941 4940 4038 4942
f 4941 4942 4943 3789
f 4941 3789 3787 3786
f 4943 4942 4035 4944
f 4943 4944 4945 3792
f 4943 3792 3790 3789
f 4945 4944 4032 4946
f 4945 4946 4947 3795
f 4945 3795 3793 3792
f 4947 4946 4029 4948
f 4947 4948 4949 3798
f 4947 3798 3796 3795
f 4949 4948 4026 4950
f 4949 4950 4951 3801
f 4949 3801 3799 3798
f 4951 4950 4023 4952
f 4951 4952 4953 3804
f 4951 3804 3802 3801
f 4953 4952 4020 4954
f 4953 4954 4955 3807
f 4953 3807 3805 3804
f 4955 4954 4017 4956
f 4955 4956 4957 3810
f 4955 3810 3808 3807
f 4957 4956 4014 4958
f 4957 4958 4959 3813
f 4957 3813 3811 3810
f 4959 4958 4011 4960
f 4959 4960 4961 3816
f 4959 3816 3814 3813
f 4961 4960 4008 4962
f 4961 4962 4963 3819
f 4961 3819 3817 3816
f 4963 4962 4005 4964
f 4963 4964 4965 3822
f 4963 3822 3820 3819
f 4965 4964 4002 4966
f 4965 4966 4967 3825
f 4965 3825 3823 3822
f 4967 4966 3999 4968
f 4967 4968 4969 3828
f 4967 3828 3826 3825
f 4969 4968 3996 4970
f 4969 4970 4971 3831
f 4969 3831 3829 3828
f 4971 4970 3993 4972
f 4971 4972 4973 3834
f 4971 3834 3832 3831
f 4973 4972 3990 4974
f 4973 4974 4975 3837
f 4973 3837 3835 3834
f 4975 4974 3987 4976
f 4975 4976 4977 3840
f 4975 3840 3838 3837
f 4977 4976 3984 4978
f 4977 4978 4979 3843
f 4977 3843 3841 3840
f 4979 4978 3981 4980
f 4979 4980 4981 3846
f 4979 3846 3844 3843
f 4981 4980 3978 4982
f 4981 4982 4983 3849
f 4981 3849 3847 3846
f 4983 4982 3975 4984
f 4983 4984 4985 3852
f 4983 3852 3850 3849
f 4985 4984 3972 4986
f 4985 4986 4987 3855
f 4985 3855 3853 3852
f 4987 4986 3969 4988
f 4987 4988 4989 3858
f 4987 3858 3856 3855
f 4989 4988 3966 4990
f 4989 4990 4991 3861
f 4989 3861 3859 3858
f 4991 4990 3963 4992
f 4991 4992 4993 3864
f 4991 3864 3862 3861
f 4993 4992 3960 4994
f 4993 4994 4995 3867
f 4993 3867 3865 3864
f 4995 4994 3957 4996
f 4995 4996 4997 3870
f 4995 3870 3868 3867
f 4997 4996 3954 4998
f 4997 4998 4999 3873
f 4997 3873 3871 3870
f 4999 4998 3951 5000
f 4999 5000 5001 3876
f 4999 3876 3874 3873
f 5001 5000 3948 5002
f 5001 5002 5003 3879
f 5001 3879 3877 3876
f 5003 5002 3945 5004
f 5003 5004 5005 3882
f 5003 3882 3880 3879
f 5005 5004 3942 5006
f 5005 5006 5007 3885
f 5005 3885 3883 3882
f 5007 5006 3939 5008
f 5007 5008 5009 3888
f 5007 3888 3886 3885
f 5009 5008 3936 5010
f 5009 5010 5011 3891
f 5009 3891 3889 3888
f 5011 5010 3933 5012
f 5011 5012 5013 3894
f 5011 3894 3892 3891
f 5013 5012 3930 5014
f 5013 5014 5015 3897
f 5013 3897 3895 3894
f 5015 5014 3927 5016
f 5015 5016 3902 3900
f 5015 3900 3898 3897
f 5016 3927 3925 3924
f 5016 3924 5017 3902
f 5017 3924 3922 3921
f 5017 3921 5018 3905
f 5017 3905 3903 3902
f 5018 3921 3919 3918
f 5018 3918 28 3909
f 5018 3909 3906 3905
f 5014 3930 3928 3927
f 5012 3933 3931 3930
f 5010 3936 3934 3933
f 5008 3939 3937 3936
f 5006 3942 3940 3939
f 5004 3945 3943 3942
f 5002 3948 3946 3945
f 5000 3951 3949 3948
f 4998 3954 3952 3951
f 4996 3957 3955 3954
f 4994 3960 3958 3957
f 4992 3963 3961 3960
f 4990 3966 3964 3963
f 4988 3969 3967 3966
f 4986 3972 3970 3969
f 4984 3975 3973 3972
f 4982 3978 3976 3975
f 4980 3981 3979 3978
f 4978 3984 3982 3981
f 4976 3987 3985 3984
f 4974 3990 3988 3987
f 4972 3993 3991 3990
f 4970 3996 3994 3993
f 4968 3999 3997 3996
f 4966 4002 4000 3999
f 4964 4005 4003 4002
f 4962 4008 4006 4005
f 4960 4011 4009 4008
f 4958 4014 4012 4011
f 4956 4017 4015 4014
f 4954 4020 4018 4017
f 4952 4023 4021 4020
f 4950 4026 4024 4023
f 4948 4029 4027 4026
f 4946 4032 4030 4029
f 4944 4035 4033 4032
f 4942 4038 4036 4035
f 4940 4041 4039 4038
f 4938 4044 4042 4041
f 4936 4047 4045 4044
f 4934 4050 4048 4047
f 4932 4053 4051 4050
f 4930 4056 4054 4053
f 4928 4059 4057 4056
f 4926 4062 4060 4059
f 4924 4065 4063 4062
f 4922 4068 4066 4065
f 4920 4071 4069 4068
f 4918 4074 4072 4071
f 4916 4077 4075 4074
f 4914 4080 4078 4077
f 4912 4083 4081 4080
f 4910 4086 4084 4083
f 4908 4089 4087 4086
f 4906 4092 4090 4089
f 4904 4095 4093 4092
f 4902 4098 4096 4095
f 4900 4101 4099 4098
f 4898 4104 4102 4101
f 4896 4107 4105 4104
f 4894 4110 4108 4107
f 4892 4113 4111 4110
f 4890 4116 4114 4113
f 4888 4119 4117 4116
f 4886 4122 4120 4119
f 4884 4125 4123 4122
f 4882 4128 4126 4125
f 4880 4131 4129 4128
f 4878 4134 4132 4131
f 4876 4137 4135 4134
f 4874 4140 4138 4137
f 4872 4143 4141 4140
f 4870 4146 4144 4143
f 4868 4149 4147 4146
f 4866 4152 4150 4149
f 4864 4155 4153 4152
f 4862 4158 4156 4155
f 4860 4161 4159 4158
f 4858 4164 4162 4161
f 4856 4167 4165 4164
f 4854 4170 4168 4167
f 4852 4173 4171 4170
f 4850 4176 4174 4173
f 4848 4179 4177 4176
f 4846 4182 4180 4179
f 4844 4185 4183 4182
f 4842 4188 4186 4185
f 4840 4191 4189 4188
f 4838 4194 4192 4191
f 4836 4197 4195 4194
f 4834 4200 4198 4197
f 4832 4203 4201 4200
f 4830 4206 4204 4203
f 4828 4209 4207 4206
f 4826 4212 4210 4209
f 4824 4215 4213 4212
f 4822 4218 4216 4215
f 4820 4221 4219 4218
f 4818 4224 4222 4221
f 4816 4227 4225 4224
f 4814 4230 4228 4227
f 4812 4233 4231 4230
f 4810 4236 4234 4233
f 4808 4239 4237 4236
f 4806 4242 4240 4239
f 4804 4245 4243 4242
f 4802 4248 4246 4245
f 4800 4251 4249 4248
f 4798 4254 4252 4251
f 4796 4257 4255 4254
f 4794 4260 4258 4257
f 4792 4263 4261 4260
f 4790 4266 4264 4263
f 4788 4269 4267 4266
f 4786 4272 4270 4269
f 4784 4275 4273 4272
f 4782 4278 4276 4275
f 4780 4281 4279 4278
f 4778 4284 4282 4281
f 4776 4287 4285 4284
f 4774 4290 4288 4287
f 4772 4293 4291 4290
f 4770 4296 4294 4293
f 4768 4299 4297 4296
f 4766 4302 4300 4299
f 4764 4305 4303 4302
f 4762 4308 4306 4305
f 4760 4311 4309 4308
f 4758 4314 4312 4311
f 4756 4317 4315 4314
f 4754 4320 4318 4317
f 4752 4323 4321 4320
f 4750 4326 4324 4323
f 4748 4329 4327 4326
f 4746 4332 4330 4329
f 4744 4335 4333 4332
f 4742 4338 4336 4335
f 4740 4341 4339 4338
f 4738 4344 4342 4341
f 4736 4347 4345 4344
f 4734 4350 4348 4347
f 4732 4353 4351 4350
f 4730 4356 4354 4353
f 4728 4359 4357 4356
f 4726 4362 4360 4359
f 4724 4365 4363 4362
f 4722 4368 4366 4365
f 4720 4371 4369 4368
f 4718 4374 4372 4371
f 4716 4377 4375 4374
f 4714 4380 4378 4377
f 4712 4383 4381 4380
f 4710 4386 4384 4383
f 4708 4389 4387 4386
f 4706 4392 4390 4389
f 4704 4395 4393 4392
f 4702 4398 4396 4395
f 4700 4401 4399 4398
f 4698 4404 4402 4401
f 4696 4407 4405 4404
f 4694 4410 4408 4407
f 4692 4413 4411 4410
f 4690 4416 4414 4413
f 4688 4419 4417 4416
f 4686 4422 4420 4419
f 4684 4425 4423 4422
f 4682 4428 4426 4425
f 4680 4431 4429 4428
f 4678 4434 4432 4431
f 4676 4437 4435 4434
f 4674 4440 4438 4437
f 4672 4443 4441 4440
f 4670 4446 4444 4443
f 4668 4449 4447 4446
f 4666 4452 4450 4449
f 4664 4455 4453 4452
f 4662 4458 4456 4455
f 4660 4461 4459 4458
f 4658 4464 4462 4461
f 4656 4467 4465 4464
f 4654 4470 4468 4467
f 4652 4473 4471 4470
f 4650 4476 4474 4473
f 4648 4479 4477 4476
f 4646 4482 4480 4479
f 4644 4485 4483 4482
f 4642 4488 4486 4485
f 4640 4491 4489 4488
f 4638 4494 4492 4491
f 4636 4497 4495 4494
f 4634 4500 4498 4497
f 4632 4503 4501 4500
f 4630 4506 4504 4503
f 4628 4509 4507 4506
f 4626 4512 4510 4509
f 4624 4515 4513 4512
f 4622 4518 4516 4515
f 4620 4521 4519 4518
f 4618 4524 4522 4521
f 4616 4527 4525 4524
f 4614 4530 4528 4527
f 4612 4533 4531 4530
f 4610 4536 4534 4533
f 4608 4539 4537 4536
f 4606 4542 4540 4539
f 4604 4545 4543 4542
f 4602 4548 4546 4545
f 4600 4551 4549 4548
f 4598 4554 4552 4551
f 4596 4557 4555 4554
f 4594 4560 4558 4557
f 4592 4563 4561 4560
f 4590 4566 4564 4563
f 4588 4569 4567 4566
f 4586 4572 4570 4569
f 4584 4575 4573 4572
f 3918 3916 25 28
f 3910 3909 28 27
f 3240 3238 1184 1183
f 1906 1902 39 38
f 1890 1889 37 36
f 1202 1200 17 16
f 1200 1198 1197 17
f 1196 14 13 1191
f 1181 1165 7 1176
f 5019 5022 5023 5024
f 5019 5025 5026 5022
f 5019 5024 5027 5025
f 5028 5029 5030 5031
f 5032 5033 5034 5035
f 5036 5037 5038 5039
f 5040 5041 5042 5043
f 5044 5045 5046 5047
f 5020 5048 5049 5050
f 5020 5051 5052 5048
f 5020 5050 5053 5051
f 5021 5054 5055 5056
f 5021 5057 5058 5054
f 5021 5056 5059 5057
f 5059 5056 5060 5061
f 5059 5061 5062 5049
f 5059 5049 5048 5057
f 5062 5061 5063 5064
f 5062 5064 5065 5066
f 5062 5066 5050 5049
f 5066 5065 5067 5068
f 5066 5068 5053 5050
f 5068 5067 5069 5070
f 5068 5070 5071 5053
f 5071 5070 5072 5073
f 5071 5073 5074 5075
f 5071 5075 5051 5053
f 5075 5074 5076 5077
f 5075 5077 5052 5051
f 5077 5076 5078 5079
f 5077 5079 5058 5052
f 5079 5078 5080 5081
f 5079 5081 5054 5058
f 5081 5082 5055 5054
f 5081 5080 5083 5082
f 5083 5084 5085 5082
f 5083 5080 5042 5086
f 5083 5086 5087 5084
f 5087 5088 5089 5084
f 5087 5086 5090 5091
f 5087 5091 5092 5088
f 5092 5093 5094 5088
f 5092 5091 5024 5023
f 5092 5023 5095 5093
f 5095 5096 5035 5093
f 5095 5023 5022 5097
f 5095 5097 5098 5096
f 5098 5099 5100 5096
f 5098 5097 5101 5102
f 5098 5102 5103 5099
f 5103 5104 5105 5099
f 5103 5102 5106 5107
f 5103 5107 5108 5104
f 5108 5031 5109 5104
f 5108 5107 5110 5111
f 5108 5111 5028 5031
f 5111 5110 5112 5113
f 5111 5113 5029 5028
f 5113 5112 5114 5115
f 5113 5115 5116 5029
f 5116 5117 5030 5029
f 5116 5115 5118 5119
f 5116 5119 5120 5117
f 5120 5121 5122 5117
f 5120 5119 5047 5123
f 5120 5123 5124 5121
f 5124 5125 5126 5121
f 5124 5123 5127 5128
f 5124 5128 5129 5125
f 5129 5130 5131 5125
f 5129 5128 5063 5132
f 5129 5132 5133 5130
f 5133 5132 5060 5134
f 5133 5134 5085 5135
f 5133 5135 5136 5130
f 5136 5137 5131 5130
f 5136 5135 5089 5138
f 5136 5138 5139 5137
f 5139 5140 5038 5137
f 5139 5138 5094 5034
f 5139 5034 5033 5140
f 5140 5033 5141 5142
f 5140 5142 5039 5038
f 5142 5141 5105 5143
f 5142 5143 5144 5039
f 5144 5145 5036 5039
f 5144 5143 5109 5146
f 5144 5146 5122 5145
f 5146 5109 5031 5030
f 5146 5030 5117 5122
f 5145 5122 5121 5126
f 5145 5126 5037 5036
f 5143 5105 5104 5109
f 5141 5033 5032 5100
f 5141 5100 5099 5105
f 5138 5089 5088 5094
f 5137 5038 5037 5131
f 5135 5085 5084 5089
f 5134 5060 5056 5055
f 5134 5055 5082 5085
f 5132 5063 5061 5060
f 5131 5037 5126 5125
f 5128 5127 5064 5063
f 5127 5123 5047 5046
f 5127 5046 5065 5064
f 5119 5118 5044 5047
f 5118 5115 5114 5147
f 5118 5147 5045 5044
f 5147 5114 5148 5069
f 5147 5069 5067 5045
f 5148 5114 5112 5149
f 5148 5149 5150 5072
f 5148 5072 5070 5069
f 5150 5149 5151 5152
f 5150 5152 5153 5154
f 5150 5154 5073 5072
f 5154 5153 5155 5156
f 5154 5156 5074 5073
f 5156 5155 5157 5158
f 5156 5158 5076 5074
f 5158 5157 5040 5043
f 5158 5043 5078 5076
f 5157 5155 5159 5160
f 5157 5160 5041 5040
f 5160 5159 5025 5027
f 5160 5027 5090 5041
f 5159 5161 5026 5025
f 5159 5155 5153 5161
f 5161 5162 5101 5026
f 5161 5153 5152 5162
f 5162 5106 5102 5101
f 5162 5152 5151 5106
f 5151 5110 5107 5106
f 5151 5149 5112 5110
f 5101 5097 5022 5026
f 5100 5032 5035 5096
f 5094 5093 5035 5034
f 5091 5090 5027 5024
f 5090 5086 5042 5041
f 5080 5078 5043 5042
f 5067 5065 5046 5045
f 5058 5057 5048 5052
f 5167 5168 5169 5170
f 5171 5172 5173 5174
f 5163 5175 5176 5177
f 5163 5178 5179 5175
f 5163 5177 5180 5178
f 5181 5182 5183 5184
f 5164 5185 5186 5187
f 5164 5188 5189 5185
f 5164 5187 5190 5188
f 5191 5192 5193 5194
f 5165 5195 5196 5197
f 5165 5198 5199 5195
f 5165 5197 5200 5198
f 5166 5201 5202 5203
f 5166 5204 5205 5201
f 5166 5203 5206 5204
f 5206 5203 5207 5208
f 5206 5208 5209 5210
f 5206 5210 5211 5204
f 5211 5210 5212 5213
f 5211 5213 5214 5215
f 5211 5215 5205 5204
f 5215 5214 5216 5194
f 5215 5194 5193 5205
f 5216 5214 5217 5218
f 5216 5218 5219 5220
f 5216 5220 5191 5194
f 5220 5219 5180 5221
f 5220 5221 5192 5191
f 5221 5180 5177 5222
f 5221 5222 5223 5192
f 5223 5224 5193 5192
f 5223 5222 5225 5226
f 5223 5226 5227 5224
f 5227 5202 5201 5224
f 5227 5226 5228 5229
f 5227 5229 5230 5202
f 5230 5207 5203 5202
f 5230 5229 5231 5232
f 5230 5232 5233 5207
f 5233 5196 5234 5235
f 5233 5235 5208 5207
f 5233 5232 5197 5196
f 5235 5234 5236 5237
f 5235 5237 5209 5208
f 5237 5236 5187 5186
f 5237 5186 5238 5209
f 5238 5186 5185 5239
f 5238 5239 5240 5212
f 5238 5212 5210 5209
f 5240 5239 5241 5242
f 5240 5242 5243 5244
f 5240 5244 5213 5212
f 5244 5243 5245 5217
f 5244 5217 5214 5213
f 5245 5243 5246 5247
f 5245 5247 5248 5249
f 5245 5249 5218 5217
f 5249 5248 5250 5251
f 5249 5251 5219 5218
f 5251 5250 5179 5178
f 5251 5178 5180 5219
f 5250 5248 5252 5253
f 5250 5253 5254 5179
f 5254 5253 5255 5256
f 5254 5256 5257 5258
f 5254 5258 5175 5179
f 5258 5257 5184 5259
f 5258 5259 5176 5175
f 5259 5184 5183 5260
f 5259 5260 5225 5176
f 5260 5183 5261 5228
f 5260 5228 5226 5225
f 5261 5231 5229 5228
f 5261 5183 5182 5262
f 5261 5262 5200 5231
f 5262 5182 5263 5264
f 5262 5264 5198 5200
f 5264 5263 5265 5266
f 5264 5266 5199 5198
f 5266 5265 5267 5268
f 5266 5268 5269 5199
f 5269 5268 5270 5271
f 5269 5271 5272 5273
f 5269 5273 5195 5199
f 5273 5272 5236 5234
f 5273 5234 5196 5195
f 5272 5190 5187 5236
f 5272 5271 5274 5190
f 5274 5275 5188 5190
f 5274 5271 5270 5173
f 5274 5173 5172 5275
f 5275 5276 5189 5188
f 5275 5172 5277 5276
f 5277 5170 5169 5276
f 5277 5172 5171 5278
f 5277 5278 5279 5170
f 5279 5280 5167 5170
f 5279 5278 5281 5282
f 5279 5282 5283 5280
f 5283 5247 5246 5280
f 5283 5282 5284 5252
f 5283 5252 5248 5247
f 5284 5282 5281 5285
f 5284 5285 5286 5255
f 5284 5255 5253 5252
f 5286 5285 5287 5267
f 5286 5267 5265 5288
f 5286 5288 5256 5255
f 5288 5265 5263 5289
f 5288 5289 5257 5256
f 5289 5263 5182 5181
f 5289 5181 5184 5257
f 5287 5285 5281 5174
f 5287 5174 5173 5270
f 5287 5270 5268 5267
f 5281 5278 5171 5174
f 5280 5246 5168 5167
f 5276 5169 5241 5189
f 5246 5243 5242 5168
f 5242 5241 5169 5168
f 5241 5239 5185 5189
f 5232 5231 5200 5197
f 5225 5222 5177 5176
f 5224 5201 5205 5193
f 5290 5298 5299 5300
f 5290 5301 5302 5298
f 5291 5303 5304 5305
f 5291 5305 5306 5307
f 5292 5308 5309 5310
f 5292 5310 5311 5312
f 5293 5313 5314 5315
f 5293 5316 5317 5313
f 5293 5315 5318 5316
f 5319 5320 5321 5322
f 5323 5324 5325 5326
f 5294 5314 5327 5328
f 5294 5329 5315 5314
f 5294 5330 5331 5329
f 5295 5332 5333 5334
f 5295 5334 5335 5336
f 5295 5336 5337 5332
f 5296 5338 5339 5340
f 5296 5340 5341 5328
f 5296 5328 5327 5338
f 5297 5330 5342 5343
f 5297 5344 5331 5330
f 5297 5343 5345 5344
f 5345 5346 5321 5320
f 5345 5320 5347 5344
f 5345 5343 5348 5346
f 5348 5349 5350 5351
f 5348 5351 5352 5346
f 5348 5343 5342 5349
f 5352 5351 5353 5354
f 5352 5354 5355 5356
f 5352 5356 5321 5346
f 5356 5355 5357 5358
f 5356 5358 5322 5321
f 5358 5357 5359 5360
f 5358 5360 5361 5322
f 5361 5360 5362 5363
f 5361 5363 5364 5365
f 5361 5365 5319 5322
f 5365 5364 5366 5347
f 5365 5347 5320 5319
f 5366 5364 5367 5368
f 5366 5368 5329 5331
f 5366 5331 5344 5347
f 5368 5367 5369 5318
f 5368 5318 5315 5329
f 5369 5367 5370 5299
f 5369 5299 5298 5371
f 5369 5371 5316 5318
f 5371 5298 5302 5372
f 5371 5372 5317 5316
f 5372 5302 5373 5374
f 5372 5374 5375 5317
f 5375 5374 5376 5377
f 5375 5377 5378 5379
f 5375 5379 5313 5317
f 5379 5378 5338 5327
f 5379 5327 5314 5313
f 5378 5377 5380 5381
f 5378 5381 5339 5338
f 5381 5380 5326 5325
f 5381 5325 5382 5339
f 5382 5383 5340 5339
f 5382 5325 5324 5384
f 5382 5384 5385 5383
f 5385 5386 5387 5383
f 5385 5384 5388 5389
f 5385 5389 5337 5386
f 5389 5388 5390 5391
f 5389 5391 5332 5337
f 5391 5390 5392 5393
f 5391 5393 5333 5332
f 5393 5392 5394 5395
f 5393 5395 5396 5333
f 5396 5397 5334 5333
f 5396 5395 5398 5399
f 5396 5399 5400 5397
f 5400 5399 5310 5309
f 5400 5309 5355 5354
f 5400 5354 5353 5397
f 5399 5398 5311 5310
f 5398 5395 5394 5401
f 5398 5401 5402 5311
f 5402 5401 5403 5404
f 5402 5404 5405 5406
f 5402 5406 5312 5311
f 5406 5405 5407 5408
f 5406 5408 5409 5312
f 5409 5308 5292 5312
f 5409 5408 5410 5359
f 5409 5359 5357 5308
f 5410 5408 5407 5411
f 5410 5411 5412 5362
f 5410 5362 5360 5359
f 5412 5411 5413 5300
f 5412 5300 5299 5370
f 5412 5370 5363 5362
f 5413 5411 5407 5414
f 5413 5414 5415 5301
f 5413 5301 5290 5300
f 5415 5414 5416 5417
f 5415 5417 5418 5373
f 5415 5373 5302 5301
f 5418 5417 5419 5420
f 5418 5420 5421 5376
f 5418 5376 5374 5373
f 5421 5420 5422 5423
f 5421 5423 5326 5380
f 5421 5380 5377 5376
f 5423 5422 5424 5425
f 5423 5425 5323 5326
f 5425 5424 5426 5427
f 5425 5427 5324 5323
f 5427 5388 5384 5324
f 5427 5426 5390 5388
f 5426 5424 5305 5304
f 5426 5304 5392 5390
f 5424 5422 5306 5305
f 5422 5420 5419 5306
f 5419 5428 5307 5306
f 5419 5417 5416 5428
f 5428 5404 5403 5307
f 5428 5416 5405 5404
f 5416 5414 5407 5405
f 5403 5401 5394 5303
f 5403 5303 5291 5307
f 5397 5353 5335 5334
f 5394 5392 5304 5303
f 5387 5429 5430 5341
f 5387 5341 5340 5383
f 5387 5386 5431 5429
f 5431 5350 5349 5429
f 5431 5386 5337 5336
f 5431 5336 5335 5350
f 5430 5342 5330 5294
f 5430 5294 5328 5341
f 5430 5429 5349 5342
f 5370 5367 5364 5363
f 5357 5355 5309 5308
f 5353 5351 5350 5335
f 5432 5440 5441 5442
f 5432 5442 5443 5444
f 5432 5444 5445 5440
f 5433 5446 5447 5448
f 5433 5449 5450 5446
f 5433 5448 5451 5449
f 5434 5452 5453 5447
f 5434 5454 5455 5452
f 5434 5447 5446 5454
f 5435 5456 5457 5458
f 5435 5458 5459 5460
f 5436 5459 5458 5461
f 5436 5462 5463 5459
f 5436 5461 5464 5462
f 5437 5462 5464 5465
f 5437 5466 5463 5462
f 5437 5465 5467 5466
f 5438 5468 5469 5470
f 5438 5443 5442 5468
f 5438 5470 5471 5443
f 5439 5472 5471 5473
f 5439 5474 5475 5472
f 5439 5473 5476 5474
f 5476 5477 5453 5474
f 5476 5473 5478 5479
f 5476 5479 5480 5477
f 5480 5451 5448 5477
f 5480 5479 5481 5482
f 5480 5482 5457 5451
f 5482 5481 5464 5461
f 5482 5461 5458 5457
f 5481 5479 5478 5483
f 5481 5483 5465 5464
f 5483 5478 5470 5469
f 5483 5469 5467 5465
f 5478 5473 5471 5470
f 5477 5448 5447 5453
f 5475 5474 5453 5452
f 5475 5452 5455 5445
f 5475 5445 5444 5472
f 5472 5444 5443 5471
f 5469 5468 5484 5467
f 5484 5468 5442 5441
f 5484 5441 5485 5486
f 5484 5486 5466 5467
f 5486 5485 5487 5488
f 5486 5488 5463 5466
f 5488 5487 5489 5460
f 5488 5460 5459 5463
f 5489 5487 5490 5450
f 5489 5450 5449 5456
f 5489 5456 5435 5460
f 5490 5491 5455 5454
f 5490 5454 5446 5450
f 5490 5487 5485 5491
f 5491 5440 5445 5455
f 5491 5485 5441 5440
f 5457 5456 5449 5451
f 5492 5501 5502 5503
f 5492 5503 5504 5505
f 5492 5505 5506 5501
f 5493 5507 5508 5509
f 5493 5509 5510 5511
f 5494 5512 5513 5514
f 5494 5515 5516 5512
f 5494 5514 5517 5515
f 5495 5510 5509 5518
f 5495 5518 5519 5520
f 5495 5520 5521 5510
f 5496 5522 5523 5524
f 5496 5525 5526 5522
f 5496 5524 5527 5525
f 5497 5527 5524 5528
f 5497 5529 5530 5527
f 5497 5528 5531 5529
f 5498 5531 5532 5533
f 5498 5534 5529 5531
f 5498 5533 5504 5534
f 5499 5535 5536 5537
f 5499 5537 5538 5539
f 5499 5539 5540 5535
f 5541 5542 5500 5523
f 5500 5542 5543 5538
f 5500 5538 5537 5532
f 5543 5513 5520 5519
f 5543 5519 5539 5538
f 5543 5542 5514 5513
f 5500 5528 5524 5523
f 5500 5532 5531 5528
f 5542 5541 5517 5514
f 5541 5523 5522 5517
f 5540 5539 5519 5518
f 5540 5518 5509 5508
f 5540 5508 5506 5535
f 5537 5536 5533 5532
f 5536 5535 5506 5505
f 5536 5505 5504 5533
f 5534 5504 5503 5544
f 5534 5544 5530 5529
f 5544 5503 5502 5545
f 5544 5545 5546 5530
f 5546 5545 5547 5548
f 5546 5548 5526 5525
f 5546 5525 5527 5530
f 5548 5547 5549 5516
f 5548 5516 5515 5526
f 5549 5547 5550 5511
f 5549 5511 5510 5521
f 5549 5521 5512 5516
f 5550 5502 5501 5507
f 5550 5507 5493 5511
f 5550 5547 5545 5502
f 5526 5515 5517 5522
f 5521 5520 5513 5512
f 5508 5507 5501 5506
f 5557 5558 5559 5560
f 5561 5562 5563 5564
f 5551 5565 5566 5567
f 5551 5567 5568 5569
f 5551 5569 5570 5565
f 5552 5571 5572 5573
f 5552 5573 5574 5575
f 5553 5576 5577 5578
f 5553 5578 5579 5580
f 5554 5581 5582 5583
f 5554 5584 5585 5581
f 5554 5583 5586 5584
f 5555 5587 5588 5589
f 5555 5589 5590 5591
f 5555 5591 5592 5587
f 5556 5593 5594 5595
f 5556 5595 5596 5597
f 5597 5596 5577 5598
f 5597 5598 5599 5600
f 5597 5600 5593 5556
f 5600 5599 5601 5602
f 5600 5602 5603 5593
f 5603 5602 5567 5566
f 5603 5566 5604 5605
f 5603 5605 5594 5593
f 5605 5604 5592 5606
f 5605 5606 5607 5594
f 5607 5606 5608 5609
f 5607 5609 5610 5611
f 5607 5611 5595 5594
f 5611 5610 5612 5613
f 5611 5613 5596 5595
f 5613 5612 5579 5578
f 5613 5578 5577 5596
f 5612 5610 5614 5615
f 5612 5615 5616 5579
f 5616 5615 5617 5618
f 5616 5618 5619 5620
f 5616 5620 5580 5579
f 5620 5619 5621 5622
f 5620 5622 5623 5580
f 5623 5622 5624 5625
f 5623 5625 5626 5576
f 5623 5576 5553 5580
f 5626 5625 5627 5628
f 5626 5628 5599 5598
f 5626 5598 5577 5576
f 5628 5627 5629 5630
f 5628 5630 5601 5599
f 5630 5629 5631 5632
f 5630 5632 5568 5601
f 5632 5631 5633 5634
f 5632 5634 5569 5568
f 5634 5633 5560 5635
f 5634 5635 5570 5569
f 5635 5560 5559 5636
f 5635 5636 5637 5570
f 5637 5636 5638 5588
f 5637 5588 5587 5639
f 5637 5639 5565 5570
f 5639 5587 5592 5604
f 5639 5604 5566 5565
f 5638 5636 5559 5640
f 5638 5640 5641 5642
f 5638 5642 5589 5588
f 5642 5641 5586 5643
f 5642 5643 5590 5589
f 5643 5586 5583 5644
f 5643 5644 5645 5590
f 5645 5644 5646 5647
f 5645 5647 5609 5608
f 5645 5608 5591 5590
f 5647 5646 5648 5614
f 5647 5614 5610 5609
f 5648 5646 5582 5649
f 5648 5649 5572 5617
f 5648 5617 5615 5614
f 5649 5582 5581 5650
f 5649 5650 5573 5572
f 5650 5581 5585 5651
f 5650 5651 5574 5573
f 5651 5585 5652 5653
f 5651 5653 5654 5574
f 5654 5563 5575 5574
f 5654 5653 5655 5656
f 5654 5656 5564 5563
f 5656 5655 5657 5658
f 5656 5658 5659 5564
f 5659 5660 5561 5564
f 5659 5658 5661 5662
f 5659 5662 5624 5660
f 5662 5661 5629 5627
f 5662 5627 5625 5624
f 5661 5658 5657 5663
f 5661 5663 5631 5629
f 5663 5657 5664 5665
f 5663 5665 5633 5631
f 5665 5664 5558 5557
f 5665 5557 5560 5633
f 5664 5657 5655 5666
f 5664 5666 5667 5558
f 5667 5666 5652 5668
f 5667 5668 5641 5640
f 5667 5640 5559 5558
f 5668 5652 5585 5584
f 5668 5584 5586 5641
f 5666 5655 5653 5652
f 5660 5621 5562 5561
f 5660 5624 5622 5621
f 5646 5644 5583 5582
f 5621 5619 5669 5562
f 5669 5571 5552 5575
f 5669 5575 5563 5562
f 5669 5619 5618 5571
f 5618 5617 5572 5571
f 5608 5606 5592 5591
f 5602 5601 5568 5567
f 5670 5676 5677 5678
f 5670 5678 5679 5680
f 5671 5681 5682 5683
f 5671 5683 5684 5685
f 5686 5687 5688 5689
f 5672 5690 5691 5692
f 5672 5692 5693 5694
f 5695 5696 5697 5698
f 5673 5699 5700 5701
f 5673 5702 5703 5699
f 5673 5701 5704 5702
f 5674 5705 5706 5707
f 5674 5707 5708 5709
f 5675 5710 5711 5712
f 5675 5712 5713 5714
f 5675 5714 5715 5710
f 5715 5716 5717 5710
f 5715 5714 5718 5719
f 5715 5719 5720 5716
f 5720 5721 5722 5716
f 5720 5719 5697 5696
f 5720 5696 5723 5721
f 5723 5724 5725 5721
f 5723 5696 5695 5726
f 5723 5726 5727 5724
f 5727 5728 5679 5678
f 5727 5678 5677 5724
f 5727 5726 5729 5728
f 5729 5730 5731 5728
f 5729 5726 5695 5698
f 5729 5698 5732 5730
f 5732 5733 5734 5730
f 5732 5698 5697 5735
f 5732 5735 5736 5733
f 5736 5737 5738 5733
f 5736 5735 5718 5739
f 5736 5739 5740 5737
f 5740 5706 5705 5737
f 5740 5739 5713 5741
f 5740 5741 5742 5706
f 5742 5743 5744 5745
f 5742 5745 5707 5706
f 5742 5741 5746 5743
f 5746 5747 5748 5743
f 5746 5741 5713 5712
f 5746 5712 5711 5747
f 5748 5749 5750 5751
f 5748 5751 5744 5743
f 5748 5747 5752 5749
f 5752 5753 5754 5749
f 5752 5747 5711 5755
f 5752 5755 5756 5753
f 5756 5704 5701 5753
f 5756 5755 5717 5757
f 5756 5757 5758 5704
f 5758 5759 5702 5704
f 5758 5757 5722 5760
f 5758 5760 5761 5759
f 5761 5683 5682 5759
f 5761 5760 5725 5762
f 5761 5762 5684 5683
f 5762 5725 5724 5677
f 5762 5677 5676 5684
f 5760 5722 5721 5725
f 5759 5682 5703 5702
f 5757 5717 5716 5722
f 5755 5711 5710 5717
f 5754 5753 5701 5700
f 5754 5700 5763 5764
f 5754 5764 5750 5749
f 5764 5763 5765 5766
f 5764 5766 5693 5750
f 5766 5765 5767 5768
f 5766 5768 5694 5693
f 5768 5767 5769 5770
f 5768 5770 5771 5694
f 5771 5690 5672 5694
f 5771 5770 5772 5689
f 5771 5689 5688 5690
f 5772 5770 5769 5773
f 5772 5773 5774 5775
f 5772 5775 5686 5689
f 5775 5774 5776 5777
f 5775 5777 5687 5686
f 5777 5776 5778 5709
f 5777 5709 5708 5687
f 5778 5776 5779 5738
f 5778 5738 5737 5705
f 5778 5705 5674 5709
f 5779 5776 5774 5780
f 5779 5780 5781 5734
f 5779 5734 5733 5738
f 5781 5780 5782 5783
f 5781 5783 5784 5731
f 5781 5731 5730 5734
f 5784 5783 5785 5786
f 5784 5786 5680 5679
f 5784 5679 5728 5731
f 5786 5785 5787 5788
f 5786 5788 5789 5680
f 5789 5788 5790 5685
f 5789 5685 5684 5676
f 5789 5676 5670 5680
f 5790 5791 5792 5681
f 5790 5681 5671 5685
f 5790 5788 5787 5791
f 5792 5793 5699 5703
f 5792 5703 5682 5681
f 5792 5791 5794 5793
f 5794 5765 5763 5793
f 5794 5791 5787 5795
f 5794 5795 5767 5765
f 5795 5787 5785 5796
f 5795 5796 5769 5767
f 5796 5785 5783 5782
f 5796 5782 5773 5769
f 5793 5763 5700 5699
f 5782 5780 5774 5773
f 5751 5750 5693 5692
f 5751 5692 5691 5744
f 5745 5744 5691 5797
f 5745 5797 5708 5707
f 5797 5691 5690 5688
f 5797 5688 5687 5708
f 5739 5718 5714 5713
f 5735 5697 5719 5718
f 5798 5803 5804 5805
f 5798 5805 5806 5807
f 5808 5809 5810 5811
f 5812 5813 5814 5815
f 5816 5817 5818 5819
f 5799 5820 5821 5822
f 5799 5822 5823 5824
f 5800 5825 5826 5827
f 5800 5828 5829 5825
f 5800 5827 5830 5828
f 5801 5831 5832 5833
f 5801 5833 5834 5835
f 5802 5836 5837 5838
f 5802 5839 5840 5836
f 5802 5838 5841 5839
f 5841 5842 5843 5839
f 5841 5838 5844 5845
f 5841 5845 5846 5842
f 5846 5845 5847 5848
f 5846 5848 5849 5850
f 5846 5850 5851 5842
f 5851 5852 5853 5854
f 5851 5854 5843 5842
f 5851 5850 5832 5852
f 5854 5853 5819 5818
f 5854 5818 5855 5843
f 5855 5840 5839 5843
f 5855 5818 5817 5856
f 5855 5856 5857 5840
f 5857 5858 5836 5840
f 5857 5856 5859 5860
f 5857 5860 5861 5858
f 5861 5823 5862 5858
f 5861 5860 5863 5864
f 5861 5864 5824 5823
f 5864 5863 5865 5866
f 5864 5866 5867 5824
f 5867 5820 5799 5824
f 5867 5866 5868 5869
f 5867 5869 5815 5820
f 5869 5868 5870 5871
f 5869 5871 5812 5815
f 5871 5870 5806 5872
f 5871 5872 5813 5812
f 5872 5806 5805 5873
f 5872 5873 5874 5813
f 5874 5873 5875 5876
f 5874 5876 5877 5878
f 5874 5878 5814 5813
f 5878 5877 5879 5880
f 5878 5880 5821 5814
f 5880 5879 5881 5882
f 5880 5882 5822 5821
f 5882 5881 5837 5862
f 5882 5862 5823 5822
f 5881 5879 5883 5844
f 5881 5844 5838 5837
f 5883 5879 5877 5884
f 5883 5884 5885 5847
f 5883 5847 5845 5844
f 5885 5884 5886 5830
f 5885 5830 5827 5887
f 5885 5887 5848 5847
f 5887 5827 5826 5888
f 5887 5888 5849 5848
f 5888 5826 5889 5834
f 5888 5834 5833 5849
f 5889 5890 5891 5892
f 5889 5892 5835 5834
f 5889 5826 5825 5890
f 5892 5891 5893 5894
f 5892 5894 5895 5835
f 5895 5894 5811 5810
f 5895 5810 5896 5831
f 5895 5831 5801 5835
f 5896 5810 5809 5897
f 5896 5897 5853 5852
f 5896 5852 5832 5831
f 5897 5898 5819 5853
f 5897 5809 5899 5898
f 5899 5900 5901 5898
f 5899 5809 5808 5902
f 5899 5902 5903 5900
f 5903 5904 5905 5900
f 5903 5902 5906 5907
f 5903 5907 5908 5904
f 5908 5909 5910 5904
f 5908 5907 5911 5912
f 5908 5912 5913 5909
f 5913 5914 5915 5909
f 5913 5912 5916 5917
f 5913 5917 5807 5914
f 5917 5916 5918 5803
f 5917 5803 5798 5807
f 5918 5916 5919 5920
f 5918 5920 5829 5921
f 5918 5921 5804 5803
f 5921 5829 5828 5922
f 5921 5922 5875 5804
f 5922 5828 5830 5886
f 5922 5886 5876 5875
f 5920 5919 5891 5890
f 5920 5890 5825 5829
f 5919 5916 5912 5911
f 5919 5911 5893 5891
f 5915 5868 5866 5865
f 5915 5865 5910 5909
f 5915 5914 5870 5868
f 5914 5807 5806 5870
f 5911 5907 5906 5893
f 5910 5865 5863 5923
f 5910 5923 5905 5904
f 5923 5863 5860 5859
f 5923 5859 5924 5905
f 5924 5859 5856 5817
f 5924 5817 5816 5901
f 5924 5901 5900 5905
f 5906 5902 5808 5811
f 5906 5811 5894 5893
f 5901 5816 5819 5898
f 5886 5884 5877 5876
f 5875 5873 5805 5804
f 5862 5837 5836 5858
f 5850 5849 5833 5832
f 5821 5820 5815 5814
f 5925 5931 5932 5933
f 5925 5933 5934 5935
f 5925 5935 5936 5931
f 5926 5937 5938 5939
f 5926 5940 5941 5937
f 5926 5939 5942 5940
f 5927 5943 5944 5945
f 5927 5945 5946 5947
f 5948 5949 5950 5951
f 5928 5952 5953 5954
f 5928 5955 5956 5952
f 5928 5954 5957 5955
f 5958 5959 5960 5961
f 5929 5962 5963 5964
f 5929 5964 5965 5966
f 5929 5966 5967 5962
f 5930 5968 5969 5970
f 5930 5971 5972 5968
f 5930 5970 5973 5971
f 5973 5970 5974 5975
f 5973 5975 5976 5977
f 5973 5977 5978 5971
f 5978 5977 5945 5944
f 5978 5944 5979 5980
f 5978 5980 5972 5971
f 5980 5979 5951 5950
f 5980 5950 5981 5972
f 5981 5950 5949 5982
f 5981 5982 5967 5983
f 5981 5983 5968 5972
f 5983 5967 5966 5984
f 5983 5984 5969 5968
f 5984 5966 5965 5985
f 5984 5985 5986 5969
f 5986 5985 5987 5988
f 5986 5988 5989 5974
f 5986 5974 5970 5969
f 5989 5988 5990 5991
f 5989 5991 5992 5993
f 5989 5993 5975 5974
f 5993 5992 5994 5995
f 5993 5995 5976 5975
f 5995 5994 5996 5997
f 5995 5997 5946 5976
f 5997 5996 5998 5999
f 5997 5999 5947 5946
f 5999 5998 6000 6001
f 5999 6001 6002 5947
f 6002 6001 6003 6004
f 6002 6004 6005 5943
f 6002 5943 5927 5947
f 6005 6004 6006 6007
f 6005 6007 5951 5979
f 6005 5979 5944 5943
f 6007 6006 6008 6009
f 6007 6009 5948 5951
f 6009 6008 6010 6011
f 6009 6011 5949 5948
f 6011 6010 6012 6013
f 6011 6013 5982 5949
f 6013 6012 5963 5962
f 6013 5962 5967 5982
f 6012 6010 6014 6015
f 6012 6015 6016 5963
f 6016 6015 5939 5938
f 6016 5938 6017 6018
f 6016 6018 5964 5963
f 6018 6017 6019 6020
f 6018 6020 5965 5964
f 6020 6019 6021 5987
f 6020 5987 5985 5965
f 6021 6019 6022 6023
f 6021 6023 6024 5990
f 6021 5990 5988 5987
f 6024 6023 5954 5953
f 6024 5953 5960 6025
f 6024 6025 5991 5990
f 6025 5960 5959 6026
f 6025 6026 5992 5991
f 6026 5959 6027 6028
f 6026 6028 5994 5992
f 6028 6027 5935 5934
f 6028 5934 5996 5994
f 6027 5959 5958 6029
f 6027 6029 5936 5935
f 6029 5958 5961 6030
f 6029 6030 6031 5936
f 6031 6030 5956 6032
f 6031 6032 6033 6034
f 6031 6034 5931 5936
f 6034 6033 6035 6036
f 6034 6036 5932 5931
f 6036 6035 6037 6038
f 6036 6038 6000 5932
f 6038 6037 6039 6003
f 6038 6003 6001 6000
f 6039 6037 6040 6041
f 6039 6041 6008 6006
f 6039 6006 6004 6003
f 6041 6040 5942 6014
f 6041 6014 6010 6008
f 6040 6037 6035 6042
f 6040 6042 5940 5942
f 6042 6035 6033 6043
f 6042 6043 5941 5940
f 6043 6033 6032 6044
f 6043 6044 6045 5941
f 6045 6044 5955 5957
f 6045 5957 6022 6046
f 6045 6046 5937 5941
f 6046 6022 6019 6017
f 6046 6017 5938 5937
f 6044 6032 5956 5955
f 6030 5961 5952 5956
f 6023 6022 5957 5954
f 6015 6014 5942 5939
f 6000 5998 5933 5932
f 5998 5996 5934 5933
f 5977 5976 5946 5945
f 5961 5960 5953 5952

 